eval_00669 15 -3.3095266819000244 -3.2911579608917236 -3.2387771606445312 -4.054394721984863 -4.904930114746094 -5.106029510498047 -2.543405294418335 -4.175897598266602 -2.5481207370758057 -5.231813430786133 -4.1565351486206055 -3.201406240463257 -4.982765197753906 -2.466153144836426 -0.7787306308746338 -5.09062385559082 -5.709062576293945 -5.721770286560059 -4.975547790527344 -4.896001815795898 -5.607760429382324 -5.890202522277832 -5.914637565612793 -5.161065101623535 -5.139594078063965 -6.145050048828125 -4.853099822998047 -6.569597244262695 -5.854992866516113 -5.323280334472656 -5.376046180725098
eval_00103 21 -6.3487443923950195 -7.0964860916137695 -7.89743709564209 -7.253918170928955 -7.972940444946289 -5.079352378845215 -6.914863586425781 -7.11916446685791 -8.271247863769531 -6.00300407409668 -5.9402923583984375 -7.4721198081970215 -7.70929479598999 -5.670476913452148 -7.023590087890625 -5.233154296875 -5.985810279846191 -6.70350456237793 -7.020810127258301 -7.435799598693848 -0.10410406440496445 -5.668581485748291 -4.992522239685059 -4.371333122253418 -5.350999355316162 -5.1938323974609375 -4.569782733917236 -5.628676414489746 -5.488312721252441 -5.000017166137695 -4.883186340332031
eval_00026 5 -5.435178279876709 -4.5824127197265625 -3.9547107219696045 -2.99892520904541 -0.26279696822166443 -5.4577107429504395 -5.103958606719971 -4.73195219039917 -5.135012149810791 -4.099808692932129 -5.611540794372559 -3.5796563625335693 -3.3603169918060303 -5.116255760192871 -5.211841583251953 -6.257033348083496 -6.350979328155518 -7.453408718109131 -6.957149505615234 -6.769748210906982 -7.541192531585693 -5.5412468910217285 -6.144856929779053 -4.978511810302734 -7.5631794929504395 -7.354053497314453 -7.747225284576416 -6.037015914916992 -6.4130964279174805 -8.938403129577637 -5.948296070098877
eval_00139 12 -4.800061225891113 -4.313122272491455 -4.531738758087158 -3.8136799335479736 -3.457495927810669 -3.774311065673828 -3.8532021045684814 -2.8081002235412598 -4.23968505859375 -4.431375026702881 -3.831824779510498 -0.7973659634590149 -3.049067735671997 -3.0456960201263428 -3.1030642986297607 -5.607623100280762 -5.330291748046875 -4.440621852874756 -4.479395866394043 -4.931149482727051 -4.895730972290039 -4.844961166381836 -4.982820510864258 -3.312062978744507 -4.609065532684326 -4.473560333251953 -5.441156387329102 -4.2989420890808105 -5.747320175170898 -5.271021842956543 -3.646991014480591
eval_00516 16 -3.234907627105713 -2.345463275909424 -4.833034515380859 -5.455974578857422 -4.764458179473877 -5.0000762939453125 -5.031454086303711 -4.550872802734375 -4.599206924438477 -4.443321228027344 -6.04076623916626 -3.6686148643493652 -4.034451961517334 -4.277590274810791 -5.617546558380127 -1.2268279790878296 -3.5811548233032227 -4.813004493713379 -5.316192150115967 -3.335057258605957 -4.5374531745910645 -2.401275157928467 -3.330937385559082 -3.9237923622131348 -2.4312281608581543 -4.154392242431641 -3.0271434783935547 -3.543135166168213 -4.726670742034912 -4.5716023445129395 -4.756378173828125
eval_00615 13 -3.9874653816223145 -4.29956579208374 -4.960737228393555 -5.360708236694336 -4.707263469696045 -3.7283856868743896 -5.569997787475586 -4.660461902618408 -3.394108533859253 -5.257636547088623 -4.903934001922607 -3.9224491119384766 -0.44498294591903687 -4.8006463050842285 -4.763077259063721 -4.267037868499756 -5.920417308807373 -4.91264533996582 -4.9984283447265625 -3.382666826248169 -6.058665752410889 -5.179969787597656 -4.7495503425598145 -5.003729343414307 -5.567385196685791 -4.827386379241943 -5.630434513092041 -5.907804489135742 -5.034916400909424 -3.797356128692627 -2.9742941856384277
eval_00207 28 -7.422952651977539 -6.57477331161499 -6.62740421295166 -7.131242275238037 -6.827071189880371 -8.038832664489746 -6.259607315063477 -5.5710768699646 -9.054908752441406 -4.58998441696167 -7.02908182144165 -4.6920857429504395 -8.062457084655762 -7.741235256195068 -8.025964736938477 -5.423422336578369 -5.541183948516846 -5.938662528991699 -6.7562665939331055 -6.322113037109375 -6.743902683258057 -4.820336818695068 -4.921632766723633 -5.382917404174805 -6.95296049118042 -4.843241214752197 -6.656488418579102 -0.08718524873256683 -5.577054977416992 -6.900722503662109 -7.029181003570557
eval_00662 14 -3.358447551727295 -4.392688751220703 -3.6092872619628906 -4.986995697021484 -4.467688083648682 -4.525716781616211 -3.0228943824768066 -3.2356510162353516 -2.0591306686401367 -4.539573669433594 -2.4123430252075195 -4.126345634460449 -4.638571739196777 -1.138522982597351 -2.189998149871826 -5.484746932983398 -5.410264492034912 -4.3069305419921875 -3.9352951049804688 -5.112282752990723 -4.923575401306152 -4.760713577270508 -5.480653762817383 -4.945328235626221 -4.618804454803467 -5.118227481842041 -5.092733383178711 -5.744863510131836 -5.7975029945373535 -4.787468433380127 -4.469987869262695
eval_00411 13 -3.742950439453125 -4.227534770965576 -4.821127414703369 -4.689734935760498 -4.573309421539307 -4.291603088378906 -5.735415458679199 -6.27232027053833 -4.188414096832275 -5.315767288208008 -5.266208171844482 -4.045345306396484 -0.1877664178609848 -5.8835320472717285 -6.029628753662109 -6.189900875091553 -6.476145267486572 -6.050899028778076 -6.215634822845459 -4.861098289489746 -6.897075176239014 -6.766500473022461 -5.968069553375244 -6.283392906188965 -7.8077168464660645 -5.61253547668457 -6.217993259429932 -7.090389728546143 -7.012746334075928 -6.116438865661621 -5.06075382232666
eval_00091 27 -5.76798152923584 -5.224541664123535 -7.127035617828369 -5.845533847808838 -7.410308361053467 -4.755352973937988 -5.129560947418213 -7.735700607299805 -5.950169086456299 -6.201173305511475 -5.623666286468506 -5.40502405166626 -3.7791078090667725 -6.65589714050293 -5.9814133644104 -3.6608901023864746 -2.8902370929718018 -3.575294256210327 -4.885098457336426 -2.867002487182617 -3.9296717643737793 -4.820476055145264 -2.4989240169525146 -4.338054656982422 -2.4548234939575195 -3.8683602809906006 -0.9215006828308105 -3.4843034744262695 -4.073853015899658 -3.3025267124176025 -3.0573720932006836
eval_00714 1 -0.6343311071395874 -3.17210054397583 -4.5620222091674805 -6.7370924949646 -5.659308910369873 -4.944908618927002 -4.947240352630615 -4.782890796661377 -2.7505178451538086 -5.896998405456543 -3.832913398742676 -6.368713855743408 -2.3948941230773926 -2.256922721862793 -4.497633457183838 -5.325241565704346 -6.551482677459717 -5.898167133331299 -6.134616374969482 -3.9579696655273438 -5.800695896148682 -5.857913494110107 -5.623751163482666 -7.091800212860107 -4.596631050109863 -6.4020562171936035 -5.787106513977051 -6.805378437042236 -6.237193584442139 -3.779297351837158 -4.444006443023682
eval_00485 1 -0.8464326858520508 -3.687406301498413 -2.8456504344940186 -4.0196146965026855 -3.7202677726745605 -4.622706890106201 -4.354905605316162 -4.469452381134033 -4.531769752502441 -2.310589551925659 -2.5916242599487305 -5.4416913986206055 -4.4072699546813965 -2.2332754135131836 -4.187391757965088 -5.171862602233887 -5.458133697509766 -4.780337333679199 -5.514708995819092 -6.298896312713623 -3.967325210571289 -4.857086658477783 -5.189670562744141 -6.104907989501953 -5.564986705780029 -5.53645658493042 -4.7764081954956055 -5.704890727996826 -5.900835037231445 -5.807043075561523 -5.546427249908447
eval_00592 11 -3.085181713104248 -5.5277581214904785 -3.0126733779907227 -4.2668023109436035 -3.4092659950256348 -3.1824355125427246 -3.90846586227417 -4.783898830413818 -3.884148120880127 -3.3416366577148438 -0.7651687860488892 -4.727932453155518 -4.147370338439941 -2.3072824478149414 -3.2909340858459473 -5.348490238189697 -5.107457637786865 -5.607945442199707 -4.3582444190979 -5.497973442077637 -4.54264497756958 -5.007228374481201 -4.757940292358398 -5.48677396774292 -5.742618083953857 -5.087790012359619 -4.598241329193115 -5.849587917327881 -5.629492282867432 -4.815450668334961 -5.103023052215576
eval_00604 4 -2.8298537731170654 -3.5052170753479004 -2.405099630355835 -1.0832254886627197 -2.5978410243988037 -4.106531620025635 -4.12242317199707 -3.638129949569702 -4.11672306060791 -3.3334803581237793 -2.9435670375823975 -3.595914840698242 -3.361748695373535 -3.038914442062378 -4.084377288818359 -3.9930155277252197 -4.843122482299805 -5.210148811340332 -5.374494552612305 -5.2146100997924805 -5.173447608947754 -5.079321384429932 -4.584495544433594 -5.021300315856934 -5.197638511657715 -5.373600006103516 -5.028079032897949 -4.432053565979004 -4.453357696533203 -5.492382049560547 -6.039578437805176
eval_00719 21 -4.729475021362305 -4.706389427185059 -5.4166975021362305 -6.438507080078125 -5.564329147338867 -5.529460906982422 -5.260308265686035 -4.897453308105469 -6.075804710388184 -4.837773323059082 -5.431946754455566 -5.856060028076172 -6.480981826782227 -5.2816667556762695 -5.443532943725586 -3.6480865478515625 -3.536785125732422 -3.1792426109313965 -4.279485702514648 -4.911086082458496 -0.5565526485443115 -4.373889923095703 -4.185392379760742 -4.3040056228637695 -4.08326530456543 -4.178163528442383 -3.2127206325531006 -3.6121299266815186 -3.23877215385437 -3.1335506439208984 -4.378594398498535
eval_00560 15 -3.6336283683776855 -3.9093425273895264 -3.3582630157470703 -4.85429048538208 -3.8371076583862305 -3.602717876434326 -1.8921756744384766 -3.534409761428833 -1.9952878952026367 -5.02433967590332 -4.258411407470703 -3.875086784362793 -4.523013591766357 -2.1803040504455566 -1.2147927284240723 -4.626018524169922 -5.804797649383545 -5.797501087188721 -4.69514274597168 -4.536971092224121 -5.595350742340088 -6.6682515144348145 -5.2863359451293945 -5.453516483306885 -4.652541160583496 -6.446474552154541 -5.055478096008301 -6.084593296051025 -5.760766506195068 -4.977673530578613 -5.449264049530029
eval_00720 28 -8.54959487915039 -7.956422805786133 -7.3389692306518555 -6.799120903015137 -6.6110005378723145 -6.402585029602051 -7.271535873413086 -5.5269551277160645 -8.661917686462402 -6.195685386657715 -6.490085601806641 -5.193809986114502 -6.635376453399658 -6.993791103363037 -7.995329856872559 -4.800017833709717 -7.759390830993652 -6.730776309967041 -4.1831440925598145 -5.299586772918701 -6.321587085723877 -5.321820259094238 -4.283677577972412 -3.574223279953003 -5.203020095825195 -3.4465763568878174 -8.042802810668945 -0.16465450823307037 -5.271312236785889 -5.083392143249512 -6.046927452087402
eval_00100 17 -5.86864709854126 -6.365148544311523 -6.551184177398682 -6.090639114379883 -5.750475883483887 -8.299600601196289 -5.150851726531982 -8.007493019104004 -5.626171588897705 -5.060007095336914 -7.565848350524902 -8.391035079956055 -7.136985778808594 -7.469210147857666 -8.075525283813477 -6.0565690994262695 -0.12156281620264053 -5.341236114501953 -5.585062026977539 -5.902915000915527 -5.786066055297852 -4.916809558868408 -6.124910354614258 -5.144113540649414 -5.275747776031494 -6.568245887756348 -3.2679378986358643 -6.442618370056152 -6.078248023986816 -6.876388072967529 -5.896994590759277
eval_00002 16 -4.1506028175354 -4.36225700378418 -5.945376873016357 -5.344410419464111 -3.708588123321533 -4.405577659606934 -3.4928016662597656 -5.105114936828613 -5.048030376434326 -2.732759952545166 -5.7107977867126465 -5.570472717285156 -4.683492183685303 -4.957845687866211 -6.363265514373779 -1.4025644063949585 -2.386430263519287 -4.07650899887085 -5.365172386169434 -5.02136754989624 -3.18574595451355 -2.6717591285705566 -4.095934867858887 -3.0701279640197754 -2.40582275390625 -4.185851097106934 -3.0671133995056152 -4.009459018707275 -3.114875316619873 -3.523315906524658 -4.542906761169434
eval_00550 14 -4.22278356552124 -5.202175617218018 -4.109248161315918 -5.300085544586182 -5.338194847106934 -4.538491249084473 -2.817996025085449 -3.9430582523345947 -4.422260761260986 -4.411660194396973 -3.1790971755981445 -3.551387310028076 -5.414838790893555 -0.472067654132843 -2.2804689407348633 -5.952164173126221 -6.861994743347168 -5.660333633422852 -5.899013042449951 -7.36639404296875 -5.180476665496826 -5.990226745605469 -6.228529930114746 -6.022129058837891 -5.240067481994629 -6.540747165679932 -6.280298233032227 -6.350949287414551 -6.991580963134766 -6.317056655883789 -5.858307838439941
eval_00478 10 -2.686124801635742 -3.9936110973358154 -4.452206611633301 -4.735713481903076 -4.409263610839844 -4.728213787078857 -4.807405471801758 -2.70987868309021 -4.408902645111084 -0.6069710850715637 -3.506016492843628 -3.6700732707977295 -3.6525416374206543 -4.711542129516602 -4.827032566070557 -6.086421489715576 -4.746269226074219 -4.498658180236816 -3.6098501682281494 -5.89851188659668 -6.049259662628174 -4.490564346313477 -5.9882965087890625 -3.824570894241333 -5.520922660827637 -4.014897346496582 -4.748449802398682 -4.531345844268799 -5.858604907989502 -5.582253932952881 -5.572671413421631
eval_00032 24 -6.057473659515381 -6.736216068267822 -8.568521499633789 -6.573680400848389 -5.723818302154541 -5.745781898498535 -4.8394083976745605 -5.584349632263184 -6.239190578460693 -4.789097785949707 -7.711859226226807 -7.309216022491455 -7.795058250427246 -7.417285442352295 -8.096213340759277 -6.3068718910217285 -4.732079029083252 -8.789660453796387 -7.667016506195068 -8.241158485412598 -5.307714462280273 -4.149272441864014 -5.956972599029541 -0.09745346009731293 -5.137004375457764 -5.3474578857421875 -5.761138916015625 -5.380526542663574 -6.404365539550781 -6.628451824188232 -7.254526615142822
eval_00528 12 -4.645069122314453 -4.975562572479248 -3.104959011077881 -3.7725701332092285 -3.399604320526123 -3.7544984817504883 -3.341355323791504 -3.918799877166748 -3.411228656768799 -4.30748176574707 -3.019258499145508 -0.7684468030929565 -3.404918670654297 -2.859485626220703 -3.339017868041992 -4.255509376525879 -4.941274642944336 -5.219775676727295 -5.684741973876953 -4.925095081329346 -5.48421049118042 -4.735879898071289 -4.755499362945557 -5.0242919921875 -5.2110595703125 -5.854964733123779 -5.368081569671631 -4.443774700164795 -5.177295684814453 -4.584813117980957 -4.38158655166626
eval_00642 30 -5.588581562042236 -5.3837480545043945 -8.066678047180176 -7.5871429443359375 -8.401317596435547 -5.529440402984619 -6.911573886871338 -7.021120548248291 -5.7310075759887695 -6.9562668800354 -6.905129909515381 -6.091121196746826 -5.549427509307861 -7.856570720672607 -7.28825044631958 -5.247500419616699 -5.933780193328857 -4.017021179199219 -5.937069416046143 -3.8220133781433105 -4.266060829162598 -4.673791408538818 -4.883530616760254 -5.079222202301025 -5.250856399536133 -3.702953815460205 -4.298003196716309 -4.379788875579834 -3.2154159545898438 -0.2731747031211853 -3.589193344116211
eval_00319 19 -5.317953586578369 -5.647919654846191 -5.7910475730896 -6.413242340087891 -5.036703586578369 -4.486125469207764 -5.174088001251221 -4.049988746643066 -4.410671710968018 -5.043851852416992 -5.0221052169799805 -5.428086280822754 -3.240610361099243 -3.9828028678894043 -4.808404445648193 -3.227595329284668 -5.069031715393066 -3.2510387897491455 -2.0175299644470215 -2.6805567741394043 -3.425248861312866 -4.024593830108643 -3.5357110500335693 -3.9533944129943848 -2.2888903617858887 -2.6285204887390137 -5.4067559242248535 -4.199383735656738 -2.6151652336120605 -2.0862486362457275 -2.5871191024780273
eval_00277 4 -4.548723220825195 -4.376155376434326 -4.748701095581055 -0.6523603200912476 -4.124829292297363 -1.927162766456604 -4.145820617675781 -4.952742576599121 -5.692176818847656 -2.8321022987365723 -4.276199817657471 -3.3310794830322266 -4.096325397491455 -4.015741348266602 -4.2848944664001465 -5.6669111251831055 -4.963028430938721 -7.383482933044434 -5.320140361785889 -6.650180339813232 -5.858648777008057 -6.788302898406982 -5.070749759674072 -3.1162309646606445 -6.630527019500732 -5.319362640380859 -4.261175155639648 -5.652738571166992 -5.818150520324707 -6.589395046234131 -6.041143417358398
eval_00281 5 -5.262515544891357 -5.946282863616943 -4.202311038970947 -5.130550384521484 -0.22163063287734985 -5.351500511169434 -3.9547533988952637 -4.993049144744873 -3.7924270629882812 -5.219380855560303 -3.9572086334228516 -5.547719478607178 -4.697185516357422 -3.723176956176758 -3.7693634033203125 -4.9888739585876465 -6.093040466308594 -7.2788825035095215 -5.774815082550049 -6.32974910736084 -7.200520992279053 -6.4431471824646 -5.542670726776123 -6.586997985839844 -6.517462253570557 -7.230689525604248 -7.735701084136963 -5.952504634857178 -6.115009784698486 -8.280156135559082 -6.148486137390137
eval_00587 16 -4.034360885620117 -5.121744155883789 -5.425107002258301 -5.358486652374268 -2.806851387023926 -3.333319664001465 -3.13374924659729 -5.470955848693848 -4.768938064575195 -2.639272689819336 -4.770151615142822 -6.375795364379883 -5.584372520446777 -4.3684210777282715 -5.913051605224609 -1.4464539289474487 -2.6390419006347656 -4.202237606048584 -4.671748161315918 -4.53249454498291 -2.9561867713928223 -3.869199752807617 -3.949538230895996 -4.28045654296875 -2.2624850273132324 -4.196457386016846 -2.9352149963378906 -3.9825992584228516 -3.1697888374328613 -3.571472644805908 -5.247924327850342
eval_00080 22 -5.015625476837158 -5.910638332366943 -5.5323967933654785 -6.9045305252075195 -6.656608581542969 -6.115472793579102 -7.113302230834961 -5.487160682678223 -5.758730411529541 -5.234903335571289 -5.4132184982299805 -6.470515251159668 -6.157756328582764 -5.863194465637207 -6.834210395812988 -4.870480060577393 -3.924846649169922 -5.05003023147583 -7.965502738952637 -7.443339824676514 -5.291597366333008 -0.15646935999393463 -5.372156143188477 -4.689910888671875 -4.906880855560303 -6.842649936676025 -5.14433479309082 -4.608258247375488 -5.980581760406494 -5.001751899719238 -4.238618850708008
eval_00392 13 -2.8774805068969727 -3.8236217498779297 -4.706392288208008 -4.573678970336914 -4.038908004760742 -3.2295103073120117 -4.032679557800293 -2.705373764038086 -3.308962345123291 -3.4073574542999268 -3.736024856567383 -3.7076973915100098 -1.6207705736160278 -2.2984108924865723 -2.6324548721313477 -4.01690673828125 -6.1063690185546875 -5.629632949829102 -4.15839958190918 -3.130359172821045 -5.37160587310791 -5.441960334777832 -4.388688087463379 -4.360957145690918 -3.6855030059814453 -4.038712978363037 -5.825169563293457 -4.79763126373291 -3.0325961112976074 -3.364901065826416 -3.982670307159424
eval_00214 18 -5.475668907165527 -4.972089767456055 -5.116955757141113 -6.600530624389648 -5.592910289764404 -6.241151332855225 -5.119744777679443 -5.483314514160156 -5.265209674835205 -4.829564571380615 -5.504856586456299 -5.633547782897949 -5.470292568206787 -6.240361213684082 -5.673470497131348 -4.966662406921387 -4.292419910430908 -0.3208082318305969 -3.974595069885254 -3.6601011753082275 -4.875885963439941 -4.432595252990723 -5.385175704956055 -6.702132225036621 -4.296976089477539 -4.095846176147461 -4.363658905029297 -4.083537578582764 -3.5756912231445312 -3.9282655715942383 -4.4411234855651855
eval_00405 25 -5.1473517417907715 -5.169631481170654 -5.870450496673584 -4.871644973754883 -5.5258402824401855 -4.583780765533447 -4.67039155960083 -5.686006546020508 -6.172935485839844 -4.098053455352783 -5.580498695373535 -6.821679592132568 -6.019454002380371 -5.370352268218994 -5.63292932510376 -4.06133508682251 -3.0628323554992676 -4.356412410736084 -4.173354625701904 -5.55649995803833 -3.0997533798217773 -3.0185208320617676 -4.887331008911133 -3.483765125274658 -0.5712677240371704 -5.011215686798096 -3.134561538696289 -4.7491841316223145 -3.233687400817871 -4.138747215270996 -4.645551681518555
eval_00558 26 -6.815976619720459 -6.961838722229004 -6.570369720458984 -5.060815811157227 -5.973499298095703 -5.2841949462890625 -5.474320888519287 -5.826282978057861 -5.617460250854492 -5.93546724319458 -5.289402484893799 -5.245573997497559 -5.267446517944336 -6.76849365234375 -5.495498180389404 -5.883714199066162 -5.425387382507324 -4.070165157318115 -1.0629491806030273 -3.235429525375366 -5.330348014831543 -6.793805122375488 -3.5771353244781494 -5.037538051605225 -6.009198188781738 -0.7928895354270935 -4.837671756744385 -4.5650858879089355 -4.384403705596924 -4.461152076721191 -6.403013706207275
eval_00082 18 -6.2476701736450195 -4.788821220397949 -5.6039252281188965 -7.443509101867676 -7.270458698272705 -8.326459884643555 -7.40069580078125 -7.395893096923828 -6.578616142272949 -6.3936662673950195 -6.440532684326172 -6.925083160400391 -6.303338050842285 -7.338746070861816 -7.373867034912109 -6.6692094802856445 -5.120471954345703 -0.08498021215200424 -5.998817443847656 -5.017903804779053 -6.3305253982543945 -5.809547424316406 -7.46919059753418 -8.41513729095459 -5.577210903167725 -7.1242804527282715 -4.845076560974121 -5.428915500640869 -4.959139823913574 -5.394509315490723 -5.164608001708984
eval_00626 28 -6.49235725402832 -5.191964149475098 -5.234071731567383 -4.935115337371826 -5.979805946350098 -6.64321756362915 -5.563937664031982 -4.843501567840576 -5.261607646942139 -4.682229995727539 -5.741506099700928 -3.8780791759490967 -6.012827396392822 -6.475131511688232 -5.582047939300537 -4.3511199951171875 -3.621382713317871 -3.445110321044922 -3.312056303024292 -4.150975227355957 -4.2928385734558105 -2.637453079223633 -3.2566721439361572 -2.9636740684509277 -4.22960901260376 -3.8235726356506348 -2.8800089359283447 -0.7426162362098694 -3.976224422454834 -4.6465744972229 -3.7759923934936523
eval_00283 24 -5.322545528411865 -5.1730265617370605 -5.46215295791626 -4.380382061004639 -4.122836589813232 -4.544045925140381 -4.853994369506836 -3.577746629714966 -5.10810661315918 -4.501153469085693 -6.085188865661621 -5.799218654632568 -5.661304473876953 -6.474245071411133 -5.963021278381348 -4.917603015899658 -2.8666229248046875 -6.104089736938477 -5.396215438842773 -6.033699989318848 -3.7535171508789062 -3.648787498474121 -5.118998050689697 -0.3660101890563965 -4.649194717407227 -4.481060981750488 -4.535674571990967 -4.80789041519165 -4.643438816070557 -5.4127516746521 -5.543275356292725
eval_00665 9 -3.3729801177978516 -2.9625391960144043 -4.089900970458984 -6.561947345733643 -3.7907285690307617 -4.8329339027404785 -5.871205806732178 -3.7456398010253906 -0.23997263610363007 -6.149341583251953 -6.20651388168335 -7.563366413116455 -5.281740188598633 -6.460188388824463 -5.482305526733398 -6.103973388671875 -5.4954071044921875 -5.414827823638916 -6.450377941131592 -5.359445571899414 -7.42925500869751 -6.014104843139648 -8.040428161621094 -7.333605766296387 -4.937397480010986 -6.55445671081543 -6.378042697906494 -7.011303424835205 -7.703808784484863 -6.041512489318848 -6.407533168792725
eval_00475 23 -6.277617931365967 -7.2090301513671875 -7.157472133636475 -6.432174205780029 -6.262217044830322 -6.85529088973999 -8.070764541625977 -7.685833930969238 -8.019891738891602 -5.594511032104492 -6.236876487731934 -6.381427764892578 -6.814390659332275 -7.007935047149658 -7.03230619430542 -2.9489786624908447 -5.135413646697998 -6.241936683654785 -7.0963664054870605 -4.9935622215271 -4.122068405151367 -3.515199899673462 -0.25045713782310486 -5.657095909118652 -6.173009395599365 -4.341217517852783 -4.53533411026001 -4.071626663208008 -3.4761126041412354 -5.159864902496338 -5.219869613647461
eval_00385 19 -8.792950630187988 -8.219907760620117 -5.980897426605225 -5.356901168823242 -6.066936492919922 -7.76162576675415 -6.545303821563721 -7.025622844696045 -6.484823703765869 -7.176896572113037 -5.582030773162842 -6.17730188369751 -6.736618518829346 -6.886851787567139 -5.517773628234863 -6.626425266265869 -6.00441312789917 -3.393375873565674 -0.15092793107032776 -4.1046905517578125 -6.641456127166748 -6.835446357727051 -5.787206649780273 -7.356851100921631 -6.707611560821533 -3.4831206798553467 -6.795532703399658 -6.0263752937316895 -4.517420291900635 -5.266680717468262 -6.5077643394470215
eval_00397 24 -4.25015926361084 -3.9384074211120605 -4.752288818359375 -4.378566741943359 -4.140204429626465 -5.132133960723877 -4.191161155700684 -3.4234344959259033 -4.7690629959106445 -3.0459086894989014 -4.5014801025390625 -3.976717472076416 -5.202113151550293 -4.553460121154785 -4.3098626136779785 -5.496025562286377 -3.0474071502685547 -4.6747283935546875 -4.62136697769165 -5.902744770050049 -4.007013320922852 -1.5417933464050293 -4.1752729415893555 -1.3469910621643066 -4.535618305206299 -3.8866043090820312 -2.830934524536133 -3.1643083095550537 -4.780432224273682 -5.161762237548828 -3.424752712249756
eval_00458 30 -5.505189418792725 -5.364507675170898 -7.333337306976318 -6.427759170532227 -6.89860200881958 -4.8183207511901855 -6.078862190246582 -6.444858551025391 -3.7786693572998047 -7.504622459411621 -6.613035678863525 -5.121028900146484 -4.118584632873535 -6.3598127365112305 -5.626886367797852 -4.407888889312744 -5.021412372589111 -3.6720168590545654 -4.995726585388184 -3.0139431953430176 -3.400345802307129 -3.445831060409546 -4.170422554016113 -3.787595748901367 -3.4687654972076416 -4.1251325607299805 -3.8300867080688477 -5.377826690673828 -3.413424015045166 -0.5930233001708984 -2.7956199645996094
eval_00117 19 -7.758691787719727 -7.209194183349609 -6.866888046264648 -6.432337760925293 -6.686174392700195 -7.128788471221924 -6.073495864868164 -5.852861404418945 -6.106998443603516 -6.152495384216309 -5.809360980987549 -5.888422966003418 -6.439833641052246 -7.485772609710693 -6.115543365478516 -7.521698951721191 -5.258374214172363 -4.276417255401611 -0.11486254632472992 -4.782492637634277 -6.411280632019043 -6.111052513122559 -6.060837745666504 -5.341545104980469 -5.950887680053711 -3.828305721282959 -6.116672515869141 -5.070858001708984 -5.652740001678467 -5.063368797302246 -6.631527900695801
eval_00439 28 -5.434982776641846 -4.589087963104248 -6.225660800933838 -4.248165607452393 -5.940225601196289 -5.087094783782959 -5.118533134460449 -4.001532554626465 -5.829805374145508 -3.8972668647766113 -5.012577056884766 -2.3418073654174805 -5.644245147705078 -4.952162742614746 -4.88920783996582 -5.789809226989746 -4.45554256439209 -4.059178829193115 -4.507979393005371 -5.244577407836914 -4.405425548553467 -3.345417022705078 -3.519418239593506 -2.2052721977233887 -4.760601997375488 -3.589372396469116 -3.3391308784484863 -0.7924357056617737 -4.984162330627441 -4.885079383850098 -4.037761688232422
eval_00715 6 -3.433073043823242 -3.6448974609375 -6.129727363586426 -4.507835388183594 -3.0379576683044434 -1.8556010723114014 -4.724810600280762 -3.3847131729125977 -2.112940549850464 -3.4407541751861572 -2.4545018672943115 -3.057380199432373 -1.9016222953796387 -2.7269749641418457 -2.418673515319824 -6.566730499267578 -7.772127151489258 -6.024502754211426 -5.813081741333008 -6.064227104187012 -4.90097713470459 -5.4434003829956055 -5.979579925537109 -3.201760768890381 -6.038987159729004 -4.816839218139648 -5.537025451660156 -7.434140205383301 -6.249480247497559 -5.546638488769531 -5.061707973480225
eval_00150 17 -5.061354637145996 -5.041502952575684 -5.78241491317749 -5.482214450836182 -6.071848392486572 -8.016889572143555 -6.7274346351623535 -7.775409698486328 -6.228511333465576 -4.4819746017456055 -6.364057540893555 -8.267434120178223 -6.5779619216918945 -7.7872419357299805 -7.051151752471924 -5.6631388664245605 -0.21327397227287292 -4.567604064941406 -5.841312885284424 -5.953941345214844 -5.52062463760376 -5.144221782684326 -6.258000373840332 -5.793229103088379 -3.991610050201416 -7.031644821166992 -2.6127328872680664 -5.174773216247559 -4.7806854248046875 -6.377320289611816 -4.92747163772583
eval_00381 7 -5.191530227661133 -3.9110183715820312 -4.17885684967041 -4.501448631286621 -5.426889896392822 -4.107567310333252 -0.40077218413352966 -4.289238452911377 -4.144611835479736 -5.750801086425781 -5.296473503112793 -2.4910244941711426 -5.4361796379089355 -4.514835834503174 -4.316425323486328 -5.288773059844971 -5.228014945983887 -4.331654071807861 -5.075058460235596 -4.261819839477539 -5.426285743713379 -5.650335788726807 -5.862002849578857 -4.933849334716797 -5.135750770568848 -5.100401401519775 -5.157876014709473 -4.3185553550720215 -5.661258697509766 -4.873875617980957 -5.498027324676514
eval_00196 20 -6.358059406280518 -4.036899089813232 -7.000583171844482 -7.609496593475342 -6.944220066070557 -7.153122901916504 -6.748397350311279 -7.0756144523620605 -4.035121917724609 -8.318921089172363 -7.8379435539245605 -6.026095867156982 -4.657227039337158 -6.987557888031006 -5.974157333374023 -4.3276472091674805 -5.797224998474121 -3.8730621337890625 -4.291406154632568 -0.3364986777305603 -4.621467113494873 -6.370378494262695 -3.875178813934326 -5.610313892364502 -5.4594879150390625 -4.193186283111572 -4.679677963256836 -4.946457862854004 -4.4356369972229 -3.468310832977295 -2.7799253463745117
eval_00261 23 -5.654972553253174 -7.056079387664795 -5.194691181182861 -3.9925599098205566 -4.429152965545654 -4.529242992401123 -5.27555513381958 -5.613999843597412 -5.432278633117676 -5.992783069610596 -3.9202775955200195 -4.184311389923096 -3.942183256149292 -4.810331344604492 -4.311770439147949 -3.7002005577087402 -3.739718437194824 -4.631363391876221 -2.8069748878479004 -3.8869152069091797 -3.397088050842285 -3.5308055877685547 -0.9496760368347168 -4.144614219665527 -3.398977756500244 -3.136329174041748 -3.6452534198760986 -3.7671632766723633 -3.8415493965148926 -3.271862268447876 -2.700033187866211
eval_00490 1 -0.1962076872587204 -3.140148162841797 -4.753870964050293 -5.860109806060791 -5.922164440155029 -5.847074508666992 -4.879157066345215 -6.781363010406494 -3.8538272380828857 -4.967283725738525 -5.286754131317139 -5.98165225982666 -3.8626301288604736 -4.074557304382324 -5.716367244720459 -6.498933792114258 -6.1218791007995605 -5.758169174194336 -7.471014499664307 -6.486861705780029 -5.738875865936279 -6.007471561431885 -7.020959854125977 -7.1888532638549805 -6.353394031524658 -7.36531400680542 -5.23396635055542 -7.324652194976807 -8.265511512756348 -5.461252212524414 -5.838381290435791
eval_00659 5 -5.782020092010498 -5.5619611740112305 -3.7351837158203125 -4.556265354156494 -0.18447506427764893 -5.944789886474609 -3.3344335556030273 -5.460060119628906 -4.249444007873535 -5.484708309173584 -4.659974098205566 -5.370089530944824 -5.251803874969482 -4.901853561401367 -4.520021438598633 -5.044000625610352 -5.7432684898376465 -7.203071594238281 -6.780270576477051 -6.667898178100586 -7.2116546630859375 -6.555665969848633 -6.289796829223633 -6.522730827331543 -6.422817707061768 -7.963577747344971 -7.433969974517822 -6.042123794555664 -5.580141067504883 -7.981461048126221 -6.713189125061035
eval_00444 29 -8.080835342407227 -5.704164028167725 -6.141958713531494 -6.289901256561279 -5.8237738609313965 -7.377896785736084 -7.932740688323975 -7.17518949508667 -7.866908550262451 -6.676333904266357 -7.4985175132751465 -6.3073554039001465 -7.4282402992248535 -7.387216091156006 -5.759067058563232 -4.98676061630249 -5.2505059242248535 -4.227280616760254 -5.78642463684082 -4.79522180557251 -4.592707633972168 -5.518744945526123 -4.539954662322998 -5.41907262802124 -4.999381065368652 -6.726266384124756 -5.306797504425049 -4.4274749755859375 -0.14303430914878845 -4.741687297821045 -4.4461469650268555
eval_00097 8 -5.123086929321289 -4.740207195281982 -4.603984355926514 -5.590188980102539 -4.804406642913818 -4.459559917449951 -4.498599529266357 -0.19264420866966248 -4.9617462158203125 -4.253293514251709 -5.260753154754639 -4.549062728881836 -6.268974304199219 -5.077329158782959 -5.518819808959961 -5.331801414489746 -5.967195510864258 -6.463962554931641 -5.693075180053711 -6.6788649559021 -5.421324729919434 -4.5970964431762695 -7.0418548583984375 -4.21434211730957 -6.297634124755859 -4.938431262969971 -6.702877044677734 -4.987805366516113 -6.285985946655273 -5.764312267303467 -6.932334899902344
eval_00369 17 -5.834746360778809 -6.65142297744751 -5.311999797821045 -4.725297927856445 -5.533760070800781 -7.390445232391357 -6.019571781158447 -7.658883571624756 -6.355010509490967 -5.2014312744140625 -6.312512397766113 -7.594437122344971 -6.019099712371826 -7.430473804473877 -7.059952735900879 -6.623956203460693 -0.17592579126358032 -4.956754207611084 -6.240626811981201 -6.097621440887451 -5.131745338439941 -5.506534576416016 -5.292081832885742 -4.7054123878479 -4.800808429718018 -7.036289691925049 -2.9441893100738525 -5.22258996963501 -5.845686435699463 -6.656434059143066 -4.236219882965088
eval_00237 13 -3.2406983375549316 -3.633890151977539 -4.404840469360352 -4.1613264083862305 -4.336056709289551 -4.50015926361084 -4.963509559631348 -6.259350299835205 -4.111443996429443 -4.8554840087890625 -5.008203983306885 -3.189060688018799 -0.28335320949554443 -5.5273003578186035 -5.9524712562561035 -6.115954875946045 -6.234925746917725 -6.34469747543335 -6.867953777313232 -5.149160385131836 -6.793118000030518 -5.819664478302002 -5.610121250152588 -5.935819149017334 -7.7592082023620605 -5.907857418060303 -5.786549091339111 -6.358098983764648 -7.602176189422607 -6.139768123626709 -4.841695308685303
eval_00325 23 -5.802537441253662 -7.45353889465332 -6.626743316650391 -5.9524245262146 -6.422276020050049 -5.821726322174072 -6.059255599975586 -7.77315616607666 -5.8684773445129395 -6.733119964599609 -5.707233905792236 -5.317405700683594 -5.797335624694824 -6.81389856338501 -5.89460563659668 -2.2048659324645996 -4.399698734283447 -5.168242931365967 -5.616942405700684 -3.319377899169922 -3.246947765350342 -4.5488457679748535 -0.6007224321365356 -5.819895267486572 -5.021760940551758 -3.557560443878174 -3.5414814949035645 -3.9021754264831543 -3.750490188598633 -2.8162364959716797 -3.5238747596740723
eval_00045 25 -4.947933197021484 -5.298924446105957 -5.549965858459473 -4.729705333709717 -5.303983211517334 -4.664392471313477 -5.549402713775635 -6.202718734741211 -4.466223239898682 -4.842250823974609 -5.096919059753418 -5.806861877441406 -4.369892120361328 -5.195146083831787 -4.605134963989258 -2.414396286010742 -3.0575413703918457 -3.8564813137054443 -3.4114255905151367 -3.2172038555145264 -3.2118825912475586 -2.8683836460113525 -2.38818097114563 -4.887261390686035 -1.5800721645355225 -3.4701919555664062 -2.5524861812591553 -4.9474992752075195 -2.7141265869140625 -2.8056087493896484 -3.800992727279663
eval_00617 5 -5.172478675842285 -4.453398704528809 -4.2440032958984375 -3.620640993118286 -0.2316202074289322 -4.252548694610596 -4.738874912261963 -3.797773838043213 -4.641180992126465 -4.424790382385254 -4.830067157745361 -5.537654399871826 -4.3622918128967285 -5.1121673583984375 -4.879885196685791 -5.311686038970947 -5.867481231689453 -7.036261558532715 -5.395192623138428 -6.463454246520996 -6.5462822914123535 -5.776971340179443 -5.798158168792725 -5.607538223266602 -6.136944770812988 -6.016144752502441 -6.950143814086914 -5.444125652313232 -5.253477096557617 -7.2251691818237305 -6.7251667976379395
eval_00465 14 -3.1363277435302734 -4.390890121459961 -4.140426158905029 -4.248901844024658 -2.6614623069763184 -3.2317910194396973 -4.203840732574463 -2.577859401702881 -3.5351343154907227 -4.276196479797363 -2.8052759170532227 -5.066105365753174 -2.9411168098449707 -1.5941635370254517 -3.225010871887207 -3.9300484657287598 -5.360409736633301 -4.751120090484619 -3.0133485794067383 -3.8502774238586426 -4.599532127380371 -5.024211883544922 -4.183506965637207 -4.421952247619629 -3.0713376998901367 -3.8374409675598145 -5.715319633483887 -5.025641918182373 -3.656646728515625 -3.705289363861084 -3.416665554046631
eval_00059 10 -3.501875400543213 -4.9766340255737305 -4.698785781860352 -4.748969078063965 -4.588479995727539 -5.907923221588135 -5.382371425628662 -4.86000394821167 -6.176907539367676 -0.17294538021087646 -4.35236930847168 -5.864419937133789 -5.20327091217041 -5.104746341705322 -6.686333656311035 -7.050629138946533 -4.927052974700928 -5.140241622924805 -6.108710289001465 -7.270977973937988 -5.587534427642822 -5.657026290893555 -6.425191879272461 -6.044111728668213 -7.306820392608643 -5.517723560333252 -5.529557228088379 -4.994826316833496 -6.028741359710693 -6.615956783294678 -7.036592960357666
eval_00102 12 -4.776090621948242 -5.325629234313965 -5.2582292556762695 -3.789515972137451 -4.569882869720459 -5.053323745727539 -3.237617254257202 -2.890317678451538 -3.111711025238037 -4.553500175476074 -3.20585298538208 -0.8082075715065002 -4.132229804992676 -2.437506675720215 -2.505136489868164 -4.812969207763672 -5.592227935791016 -4.828546524047852 -5.451460838317871 -4.726878643035889 -5.296195030212402 -5.544998645782471 -4.333047866821289 -4.79819917678833 -5.736832141876221 -5.855632781982422 -5.234676361083984 -4.226283550262451 -5.466315269470215 -4.872890472412109 -3.920958995819092
eval_00712 28 -6.606614589691162 -5.917761325836182 -6.4417338371276855 -6.5751872062683105 -5.870654106140137 -7.154376983642578 -6.559839248657227 -5.033832550048828 -8.175738334655762 -4.65769100189209 -6.513421058654785 -5.019501686096191 -7.991725921630859 -6.964029312133789 -7.063518047332764 -4.032790184020996 -4.593856334686279 -5.685162544250488 -5.453723430633545 -5.325832366943359 -4.834578514099121 -4.539713382720947 -3.8166353702545166 -3.912276268005371 -5.022538661956787 -4.114504814147949 -4.920537948608398 -0.21151557564735413 -4.090399742126465 -5.844356536865234 -6.699247360229492
eval_00254 2 -3.0834109783172607 -1.1318962574005127 -5.698185920715332 -6.2928571701049805 -5.622915267944336 -3.866666793823242 -4.539929389953613 -2.148947238922119 -2.581839084625244 -5.807036399841309 -5.8684282302856445 -5.061520576477051 -2.409776449203491 -3.461857557296753 -3.9017391204833984 -4.526754379272461 -7.129508018493652 -4.632696628570557 -5.61063289642334 -3.1053147315979004 -5.69350528717041 -6.970259666442871 -5.7823686599731445 -6.746927261352539 -3.5545177459716797 -6.686681747436523 -6.242971420288086 -5.516207695007324 -4.166154861450195 -3.0705628395080566 -2.667273759841919
eval_00130 18 -5.538763523101807 -3.63151478767395 -4.4541707038879395 -5.492027282714844 -5.435793876647949 -6.301154136657715 -5.1929192543029785 -5.694211483001709 -5.127771377563477 -4.731811046600342 -5.52371072769165 -5.338537216186523 -5.022013187408447 -6.426432132720947 -4.938776016235352 -4.5863165855407715 -4.451279640197754 -0.4066825211048126 -4.967322826385498 -3.4307844638824463 -4.883762359619141 -5.223020076751709 -5.940455913543701 -6.906165599822998 -4.732737064361572 -5.174651145935059 -3.9999489784240723 -4.541361331939697 -2.4940247535705566 -4.399862766265869 -4.0226030349731445
eval_00525 17 -4.842550277709961 -4.213230609893799 -4.518764972686768 -5.127836227416992 -5.4905171394348145 -7.069956302642822 -4.595841884613037 -5.902360439300537 -4.6404900550842285 -4.961486339569092 -6.369233131408691 -7.581839084625244 -6.805044174194336 -6.930013179779053 -6.506711006164551 -5.3621320724487305 -0.37463122606277466 -3.718592882156372 -4.8527398109436035 -4.694692134857178 -5.09134578704834 -4.901004791259766 -6.0005693435668945 -5.207615375518799 -4.571683406829834 -5.881498336791992 -2.0598020553588867 -4.031396389007568 -5.774929046630859 -6.552001476287842 -6.058865547180176
eval_00727 8 -4.4248270988464355 -5.00853967666626 -5.1078386306762695 -3.6050267219543457 -3.362874984741211 -3.9326281547546387 -4.565372943878174 -0.6850394010543823 -4.594565391540527 -2.6408567428588867 -3.5098400115966797 -3.5298633575439453 -3.8272013664245605 -5.128079414367676 -5.2589592933654785 -5.672929763793945 -4.786295413970947 -6.417751312255859 -4.107822418212891 -5.559351444244385 -4.816904067993164 -4.7619709968566895 -5.268226623535156 -2.5715274810791016 -6.2978010177612305 -3.206089973449707 -5.233264446258545 -4.157566547393799 -5.325543403625488 -5.324362754821777 -7.02156925201416
eval_00543 6 -3.967501163482666 -3.960275650024414 -4.896791458129883 -3.969644546508789 -4.114560127258301 -0.3820766508579254 -5.222362041473389 -4.118775844573975 -5.266021251678467 -3.016836643218994 -3.574402332305908 -4.224096298217773 -3.1654577255249023 -5.269481182098389 -4.821943759918213 -6.146682262420654 -6.295854091644287 -6.9475417137146 -7.356982707977295 -7.384032726287842 -5.169045925140381 -4.726058483123779 -7.1084675788879395 -3.8264310359954834 -6.0937819480896 -6.048377990722656 -4.940283298492432 -7.1216888427734375 -7.113663196563721 -6.015768527984619 -5.557324409484863
eval_00554 2 -2.8923263549804688 -0.2602769136428833 -4.8601813316345215 -5.611356258392334 -5.011587142944336 -5.671849727630615 -4.376679420471191 -5.566544532775879 -3.926286220550537 -5.255433082580566 -6.241804122924805 -4.116918087005615 -3.7577271461486816 -4.380126953125 -4.986765384674072 -5.611485958099365 -6.103605270385742 -5.093832969665527 -6.811668395996094 -4.755279541015625 -5.9845967292785645 -6.000114440917969 -6.629026412963867 -6.209871292114258 -5.549520015716553 -6.819077014923096 -5.282370090484619 -6.555129051208496 -6.712087631225586 -5.629484176635742 -5.626345634460449
eval_00303 18 -5.416952133178711 -5.153317451477051 -5.111593246459961 -6.205492973327637 -5.407105445861816 -5.880591869354248 -4.5909576416015625 -5.395401954650879 -4.858705043792725 -4.978512287139893 -5.307892322540283 -5.29728364944458 -5.617900371551514 -5.868302822113037 -5.354101657867432 -4.386378288269043 -4.1748046875 -0.41160136461257935 -4.058018684387207 -3.451420545578003 -4.5286335945129395 -4.150992393493652 -4.837605953216553 -6.696357727050781 -4.000112056732178 -3.8341145515441895 -4.189248085021973 -4.002564430236816 -3.3336427211761475 -3.5992374420166016 -4.380806922912598
eval_00071 11 -3.0414671897888184 -5.212706565856934 -2.095655918121338 -3.683316230773926 -4.25007963180542 -3.4553003311157227 -4.775963306427002 -3.2249374389648438 -4.876781940460205 -3.098342180252075 -0.9190277457237244 -5.9521355628967285 -6.200758934020996 -3.2541351318359375 -2.4863181114196777 -4.666726589202881 -4.175656795501709 -5.375855445861816 -4.248076915740967 -6.179470062255859 -4.207546234130859 -5.046780586242676 -5.046658515930176 -6.48036527633667 -5.4471049308776855 -5.023009777069092 -4.126247882843018 -4.844696044921875 -5.0806450843811035 -4.833437442779541 -6.031035900115967
eval_00605 24 -5.564940929412842 -5.600642204284668 -4.266359329223633 -3.751275062561035 -4.44039249420166 -2.319611072540283 -5.433204650878906 -2.6447596549987793 -5.482274055480957 -5.479475498199463 -5.477187633514404 -4.524639129638672 -6.191529750823975 -4.649940490722656 -4.730625152587891 -5.844122886657715 -4.710272312164307 -5.976280212402344 -5.388899803161621 -7.026166915893555 -3.042673110961914 -1.4668474197387695 -5.877762794494629 -1.1828241348266602 -4.339176654815674 -5.044759273529053 -6.36992073059082 -4.4393486976623535 -4.523465156555176 -4.38853645324707 -2.7816295623779297
eval_00451 13 -3.773365020751953 -3.7600579261779785 -4.542344093322754 -4.558112621307373 -4.4957098960876465 -3.9825797080993652 -5.522124290466309 -5.283308982849121 -3.625730037689209 -4.93315315246582 -4.787802219390869 -3.487626075744629 -0.31859147548675537 -5.277243614196777 -5.2433037757873535 -5.336450576782227 -6.010647773742676 -5.398420810699463 -6.055960178375244 -4.577091217041016 -6.289627552032471 -5.4304728507995605 -5.479051113128662 -5.353560447692871 -6.840937614440918 -5.428773403167725 -5.5189666748046875 -6.342068672180176 -6.24221658706665 -5.214771270751953 -3.6778244972229004
eval_00706 23 -7.891646862030029 -8.45655345916748 -7.628879547119141 -5.7579426765441895 -6.07982063293457 -7.246647357940674 -8.854174613952637 -8.741073608398438 -8.819514274597168 -6.192243576049805 -6.416565895080566 -5.722587585449219 -5.2933759689331055 -8.147265434265137 -7.700247287750244 -4.482256889343262 -5.89574670791626 -7.877077102661133 -6.46606969833374 -5.744577407836914 -4.932070255279541 -5.125848293304443 -0.15168456733226776 -4.516018390655518 -7.278911590576172 -4.63671350479126 -6.047644138336182 -3.159301996231079 -4.367874622344971 -6.396658420562744 -4.890347480773926
eval_00367 11 -3.9004483222961426 -5.388851165771484 -3.0964789390563965 -3.064056634902954 -5.033346652984619 -4.34555196762085 -4.165721416473389 -4.694693565368652 -4.349183082580566 -3.351835012435913 -0.48791974782943726 -4.1947150230407715 -4.529181003570557 -3.25840425491333 -3.3407065868377686 -5.727578163146973 -5.430238723754883 -5.566082000732422 -4.094499588012695 -6.014853477478027 -5.4970808029174805 -5.1663007736206055 -4.874734878540039 -5.620928764343262 -6.45573616027832 -5.138615608215332 -4.932027339935303 -6.095750331878662 -5.86311149597168 -5.511782169342041 -6.132841110229492
eval_00646 14 -4.009714603424072 -4.827878475189209 -4.537647247314453 -4.763547897338867 -5.948015213012695 -4.054346084594727 -2.204066038131714 -4.781167507171631 -4.176794528961182 -3.5523533821105957 -3.5126702785491943 -3.761467695236206 -5.788060188293457 -0.4950405955314636 -2.7608492374420166 -6.00256872177124 -6.363729953765869 -5.920965671539307 -6.374727725982666 -7.852187156677246 -4.9231085777282715 -5.696358680725098 -6.304549217224121 -5.34968376159668 -5.148130416870117 -7.140217304229736 -5.685367107391357 -6.799437046051025 -6.9460272789001465 -6.078629493713379 -6.008588790893555
eval_00545 11 -3.3119635581970215 -5.610003471374512 -2.077737808227539 -3.5111289024353027 -4.210458278656006 -3.5146260261535645 -5.0673747062683105 -3.4744179248809814 -5.153756618499756 -3.167368173599243 -0.8050209879875183 -5.937607765197754 -6.114099025726318 -3.3178837299346924 -2.467550277709961 -4.786062240600586 -4.472226619720459 -5.743105411529541 -4.33330774307251 -6.456273078918457 -4.4673590660095215 -5.2541303634643555 -4.942284107208252 -6.6710734367370605 -5.905470848083496 -5.123483180999756 -4.36869478225708 -5.058533191680908 -5.360745906829834 -5.304609298706055 -6.23744010925293
eval_00419 8 -6.014499664306641 -5.997568130493164 -5.593326091766357 -7.0328369140625 -5.084524154663086 -3.5527193546295166 -6.16949987411499 -0.15661829710006714 -4.224175453186035 -6.3945417404174805 -5.5809760093688965 -5.728638172149658 -5.014132499694824 -4.566189289093018 -4.892584800720215 -5.891010761260986 -8.179224014282227 -6.444044589996338 -5.686236381530762 -6.179726600646973 -6.687502861022949 -5.566353797912598 -8.066497802734375 -5.104948997497559 -4.371351718902588 -5.019759654998779 -8.490055084228516 -6.234093189239502 -7.055589199066162 -5.485515117645264 -5.925963878631592
eval_00017 24 -4.78188419342041 -4.7599616050720215 -6.497495651245117 -4.197446823120117 -3.6931118965148926 -3.440413475036621 -4.838655948638916 -4.091548919677734 -4.016647815704346 -3.8910210132598877 -5.746891021728516 -4.371008396148682 -3.6673777103424072 -5.401775360107422 -4.80830717086792 -6.130158424377441 -4.571938991546631 -5.941570281982422 -4.817891597747803 -5.651106357574463 -4.853730201721191 -3.779203414916992 -5.857411861419678 -0.3975963592529297 -4.155031681060791 -3.8740713596343994 -5.745705604553223 -5.640193939208984 -4.5801591873168945 -5.271019458770752 -6.387378692626953
eval_00093 13 -2.913132429122925 -4.333759307861328 -5.36814022064209 -4.38694953918457 -4.437878608703613 -2.2378005981445312 -4.732094764709473 -2.2948691844940186 -4.092953681945801 -1.948103427886963 -3.4387881755828857 -5.115447521209717 -1.688706636428833 -2.9550998210906982 -3.779893159866333 -5.365530967712402 -5.53835391998291 -5.962985992431641 -3.156731605529785 -4.626142501831055 -5.810274124145508 -5.412217140197754 -4.971474647521973 -3.194749355316162 -3.61763072013855 -3.231295108795166 -4.66944694519043 -5.669273376464844 -4.56820011138916 -4.668139457702637 -4.379730224609375
eval_00273 9 -4.877458572387695 -4.864383220672607 -5.843492031097412 -7.517104148864746 -5.949402809143066 -6.112420558929443 -4.64586067199707 -5.251359462738037 -0.08531368523836136 -7.346543788909912 -6.022800445556641 -6.743927001953125 -5.628371715545654 -5.69697904586792 -5.982994556427002 -6.911768913269043 -6.679234504699707 -5.6865763664245605 -6.212186813354492 -5.641105651855469 -7.22095251083374 -5.622597694396973 -7.764523506164551 -5.73838996887207 -6.158450126647949 -6.592190742492676 -6.429389953613281 -7.537630558013916 -8.654998779296875 -6.070216178894043 -6.069375991821289
eval_00534 5 -5.408008575439453 -5.640117645263672 -3.039634943008423 -4.099802494049072 -0.6443855166435242 -4.154075622558594 -2.767512083053589 -3.859680652618408 -3.481153964996338 -5.089223861694336 -3.175905466079712 -4.243329048156738 -4.273061275482178 -2.910454750061035 -2.739173173904419 -4.108386993408203 -5.457610607147217 -6.67838191986084 -5.115424156188965 -5.333687782287598 -6.224768161773682 -5.61356258392334 -5.047198295593262 -5.211158275604248 -5.120391368865967 -6.320784568786621 -7.318092346191406 -5.311122894287109 -4.9475555419921875 -6.7685651779174805 -5.302708625793457
eval_00672 8 -6.167813777923584 -5.956112384796143 -5.205846786499023 -6.270130634307861 -4.933200359344482 -3.810134172439575 -5.6999831199646 -0.13111934065818787 -5.437138557434082 -4.915152072906494 -5.025305271148682 -4.974562168121338 -6.3191752433776855 -5.388985633850098 -5.158132553100586 -6.205872058868408 -7.732082366943359 -6.849384784698486 -5.441669464111328 -7.329162120819092 -6.357869625091553 -5.263998508453369 -8.36704158782959 -4.575248718261719 -5.840517044067383 -5.135871410369873 -7.930626392364502 -5.638701438903809 -7.244814395904541 -6.8468017578125 -7.797856330871582
eval_00723 26 -5.659572124481201 -6.389630317687988 -6.246618270874023 -4.249673843383789 -5.8473687171936035 -4.930901050567627 -5.559559345245361 -5.843515872955322 -5.6563496589660645 -5.000168800354004 -5.115428924560547 -4.965683460235596 -4.540413856506348 -6.390132904052734 -5.342280864715576 -5.063398838043213 -4.638444423675537 -4.270792484283447 -2.0049479007720947 -2.7837393283843994 -4.897985458374023 -5.87114953994751 -2.3577935695648193 -4.943873882293701 -5.987288475036621 -0.6926032900810242 -4.080345153808594 -4.268674373626709 -3.6919727325439453 -3.8442180156707764 -5.827695846557617
eval_00272 15 -3.8224339485168457 -5.067622661590576 -3.5207409858703613 -5.311006546020508 -4.096816539764404 -4.438905239105225 -2.5710701942443848 -3.1778488159179688 -2.039569854736328 -5.52987813949585 -3.434516429901123 -4.513233184814453 -3.753019332885742 -2.174086093902588 -1.237289547920227 -4.391361713409424 -5.45851469039917 -4.81908655166626 -4.321776390075684 -3.7174572944641113 -5.265996932983398 -5.226295471191406 -4.82927131652832 -5.198178768157959 -3.4190211296081543 -4.816878318786621 -5.363980293273926 -6.013862609863281 -5.020999908447266 -3.631499767303467 -3.974821090698242
eval_00635 6 -3.27730655670166 -3.684983730316162 -4.3140740394592285 -4.0782012939453125 -3.833442449569702 -0.6838791966438293 -4.668865203857422 -3.768468141555786 -4.8350629806518555 -2.673765182495117 -3.209733724594116 -4.18040132522583 -2.814502239227295 -4.702569961547852 -4.641976833343506 -5.869110584259033 -4.994410514831543 -5.2631940841674805 -6.215820789337158 -6.7345805168151855 -4.5608601570129395 -4.078637599945068 -6.050014019012451 -3.3325681686401367 -5.1188483238220215 -5.463579177856445 -4.162752628326416 -6.046929836273193 -5.681329727172852 -4.876454830169678 -4.2503862380981445
eval_00110 27 -5.094498157501221 -4.719905853271484 -6.859618186950684 -5.102147102355957 -7.413150310516357 -6.527557849884033 -5.515154838562012 -7.955301761627197 -5.699267387390137 -5.2699103355407715 -6.101052761077881 -5.605649471282959 -5.311151504516602 -6.320568561553955 -5.8457489013671875 -4.697144985198975 -3.9616246223449707 -4.1618146896362305 -6.460451602935791 -3.7960760593414307 -4.027947902679443 -5.581718921661377 -4.197222709655762 -5.493868827819824 -5.313169956207275 -5.852072715759277 -0.2322794646024704 -6.405338764190674 -4.101892471313477 -4.2656474113464355 -5.099771976470947
eval_00008 9 -3.9696767330169678 -4.231744289398193 -5.653316497802734 -6.176579475402832 -4.899537563323975 -6.015799522399902 -4.104232311248779 -4.834886074066162 -0.14006714522838593 -6.552818298339844 -6.443631172180176 -6.728889465332031 -5.910728454589844 -6.366291046142578 -6.200422286987305 -6.460735321044922 -5.244200706481934 -5.865983486175537 -6.1947431564331055 -5.649448394775391 -6.5738348960876465 -5.416658401489258 -7.069886207580566 -5.242471694946289 -5.610371112823486 -5.574648857116699 -5.14154577255249 -6.552299499511719 -8.594440460205078 -5.761739730834961 -6.549961090087891
eval_00076 30 -6.096520900726318 -6.028644561767578 -7.813234806060791 -7.874314308166504 -8.510396957397461 -6.01812219619751 -7.349874973297119 -6.558039665222168 -6.106688499450684 -6.903374195098877 -6.776082992553711 -6.029332160949707 -7.196772575378418 -7.936823844909668 -7.231573581695557 -5.351264476776123 -5.568761825561523 -4.133544921875 -5.03809118270874 -4.30412483215332 -3.6155686378479004 -4.349610805511475 -5.783492088317871 -4.72217321395874 -4.494832992553711 -4.015133380889893 -5.633681774139404 -4.8270463943481445 -3.7705984115600586 -0.2163543403148651 -4.160559177398682
eval_00044 24 -5.084928512573242 -4.480642318725586 -5.526618003845215 -4.37331485748291 -5.521644115447998 -4.172743320465088 -4.63205099105835 -4.033001899719238 -5.026811122894287 -4.58156156539917 -5.502082347869873 -2.7433958053588867 -4.008481025695801 -4.9516987800598145 -4.627289295196533 -4.218135356903076 -4.24543571472168 -3.9098825454711914 -3.8474390506744385 -3.6937859058380127 -3.194301128387451 -3.6131372451782227 -3.2983357906341553 -0.9453902840614319 -3.516599655151367 -3.9156484603881836 -4.425901412963867 -2.47428297996521 -4.000123023986816 -3.646214246749878 -3.9207656383514404
eval_00243 7 -4.28312873840332 -4.164618492126465 -4.265452861785889 -4.190799713134766 -4.530495643615723 -4.4378180503845215 -0.269133985042572 -4.038771629333496 -3.6734654903411865 -5.439896106719971 -5.734463214874268 -4.725217342376709 -6.103519916534424 -4.632540225982666 -4.511843204498291 -5.257143974304199 -4.623395919799805 -5.263166904449463 -5.363293170928955 -5.600283622741699 -5.7746710777282715 -5.7274370193481445 -6.909823417663574 -4.920015811920166 -4.699021339416504 -5.445461750030518 -5.272491455078125 -5.708086967468262 -6.129569053649902 -5.468750953674316 -6.96643590927124
eval_00582 8 -5.574967384338379 -5.520380973815918 -3.7366578578948975 -3.4625966548919678 -3.3430309295654297 -3.5196659564971924 -4.915750503540039 -0.3798753321170807 -5.016108512878418 -4.133016586303711 -3.627363681793213 -3.777667760848999 -5.059601783752441 -4.294917106628418 -4.119687080383301 -5.876840114593506 -6.359817028045654 -6.523711681365967 -4.226910591125488 -6.215271472930908 -5.718825817108154 -5.642439365386963 -6.51674222946167 -4.051418304443359 -6.429117202758789 -4.549611568450928 -6.267765522003174 -5.3537917137146 -5.908614635467529 -6.240591526031494 -7.314366817474365
eval_00072 4 -5.572853088378906 -6.286793231964111 -4.596480846405029 -1.055199146270752 -3.7538576126098633 -1.6114778518676758 -4.4504618644714355 -4.558935642242432 -6.2069573402404785 -4.642640113830566 -2.4064879417419434 -4.5834269523620605 -2.760061740875244 -3.0230295658111572 -2.9793577194213867 -5.9724507331848145 -6.451113700866699 -7.349177360534668 -3.107020854949951 -5.942047595977783 -7.084969520568848 -7.713662624359131 -4.37637996673584 -5.243459224700928 -4.8297247886657715 -3.6714088916778564 -6.093081474304199 -6.974571704864502 -5.454098224639893 -6.672206401824951 -5.891592025756836
eval_00256 8 -5.073793411254883 -3.9106533527374268 -3.7032155990600586 -5.259376525878906 -4.951094627380371 -5.677973747253418 -5.039777755737305 -0.28229212760925293 -5.013580322265625 -3.769164800643921 -5.3076171875 -2.8589634895324707 -6.356950759887695 -4.135856628417969 -5.31221866607666 -6.097352981567383 -6.412301063537598 -6.386472702026367 -6.929758071899414 -7.110233306884766 -7.419468879699707 -3.5760271549224854 -7.506392478942871 -4.467739105224609 -6.599157333374023 -5.994406700134277 -7.210906028747559 -5.899199485778809 -6.502659797668457 -6.7568817138671875 -8.43570327758789
eval_00530 15 -5.6184401512146 -4.907998561859131 -3.891251802444458 -5.25091552734375 -4.475090980529785 -4.069098949432373 -3.760347843170166 -3.3578734397888184 -3.678466558456421 -7.047231674194336 -4.284095287322998 -3.4912853240966797 -4.312796115875244 -2.59556245803833 -0.4148169159889221 -4.729842662811279 -7.551874160766602 -6.717921733856201 -5.316980838775635 -5.1288042068481445 -6.59382438659668 -7.8683905601501465 -5.688662528991699 -6.98862361907959 -4.558203220367432 -7.078268527984619 -6.0021138191223145 -7.797112941741943 -6.011526107788086 -5.306541919708252 -4.728033065795898
eval_00336 23 -5.395268440246582 -7.117115020751953 -5.529796600341797 -4.220532417297363 -5.729640007019043 -3.790154457092285 -5.954018592834473 -6.078639984130859 -6.027266502380371 -6.2880144119262695 -4.284934043884277 -4.742314338684082 -4.747888565063477 -4.860700607299805 -5.087215423583984 -3.448012113571167 -4.440428733825684 -6.0169267654418945 -3.6947391033172607 -4.748471260070801 -2.5465190410614014 -3.48764705657959 -0.6804497241973877 -4.301382064819336 -3.917680025100708 -2.5917046070098877 -3.6715471744537354 -4.2401275634765625 -4.306826591491699 -3.687619209289551 -4.243232727050781
eval_00240 21 -4.941515922546387 -4.988099575042725 -5.529863357543945 -6.399214267730713 -5.725380897521973 -5.534903049468994 -5.344539165496826 -5.1096296310424805 -6.241136074066162 -4.9223713874816895 -5.382874011993408 -5.876184940338135 -6.660980701446533 -5.289834976196289 -5.442070484161377 -3.5167479515075684 -3.7169137001037598 -3.062319278717041 -4.222777843475342 -4.8993964195251465 -0.5329632759094238 -4.386753082275391 -4.110846996307373 -4.533305644989014 -4.1081390380859375 -4.221498012542725 -3.4034125804901123 -3.6612815856933594 -3.212819814682007 -3.1420793533325195 -4.401545524597168
eval_00434 20 -6.936344623565674 -5.8448591232299805 -5.110732555389404 -5.931495666503906 -5.692626953125 -6.03594446182251 -6.849029541015625 -6.555244445800781 -5.221179962158203 -8.379925727844238 -5.982342720031738 -5.935219764709473 -5.534833908081055 -6.6246442794799805 -5.231949806213379 -3.0215134620666504 -4.518367767333984 -3.3218066692352295 -2.54116153717041 -0.6437576413154602 -4.972089767456055 -5.7958984375 -2.991445779800415 -6.535857200622559 -3.469146490097046 -3.1831748485565186 -4.154414176940918 -3.2358975410461426 -3.4204208850860596 -4.013192653656006 -4.02015495300293
eval_00127 17 -7.128249168395996 -7.28536319732666 -7.7029008865356445 -6.168905258178711 -6.649999141693115 -7.21181058883667 -5.434346675872803 -8.233766555786133 -6.89323091506958 -5.682371616363525 -7.96984338760376 -9.654107093811035 -8.720598220825195 -8.215473175048828 -8.328413963317871 -7.831453800201416 -0.09113937616348267 -6.934337139129639 -6.1817145347595215 -7.301746845245361 -5.418840408325195 -5.655971050262451 -6.61296272277832 -3.3923749923706055 -5.2590413093566895 -6.315362453460693 -4.518806457519531 -6.079218864440918 -6.096349239349365 -7.212543964385986 -7.2521185874938965
eval_00037 26 -5.687050819396973 -6.562819480895996 -6.032783031463623 -4.810966968536377 -5.733242988586426 -4.902370929718018 -5.5057854652404785 -5.010215759277344 -5.410576820373535 -4.750266075134277 -4.872498989105225 -5.150393009185791 -4.938854217529297 -6.579978942871094 -5.650674819946289 -5.248325347900391 -4.228880405426025 -3.953432559967041 -2.2155072689056396 -3.174774646759033 -5.107711315155029 -4.532124996185303 -3.633470058441162 -4.323306560516357 -5.444013595581055 -0.5027703642845154 -4.802157878875732 -4.013638019561768 -4.5656304359436035 -3.5226736068725586 -5.862354278564453
eval_00610 25 -5.224364280700684 -5.697747707366943 -5.6815876960754395 -5.351298809051514 -5.20674467086792 -4.633598327636719 -6.057247161865234 -5.367405891418457 -5.092573165893555 -5.740641117095947 -4.557591915130615 -6.009300231933594 -4.900219440460205 -4.494143962860107 -4.53826379776001 -2.8761863708496094 -3.9958624839782715 -3.848740577697754 -2.993131160736084 -3.6351661682128906 -2.6689257621765137 -3.264265537261963 -2.4685721397399902 -4.5500969886779785 -1.5492984056472778 -3.7702245712280273 -3.8777875900268555 -4.548719882965088 -2.331625461578369 -2.098649501800537 -3.048381805419922
eval_00429 4 -6.433988571166992 -6.2940449714660645 -4.400659084320068 -0.2444019764661789 -3.881381034851074 -3.3325085639953613 -3.8727355003356934 -6.493244647979736 -7.030411720275879 -4.9404449462890625 -3.6157383918762207 -3.5684876441955566 -4.358084201812744 -4.409696578979492 -4.204753875732422 -7.720725059509277 -6.499554634094238 -7.736146926879883 -5.526017189025879 -7.162605285644531 -7.459128379821777 -7.9690423011779785 -6.4982147216796875 -5.946267127990723 -7.513405799865723 -6.221268177032471 -5.847211837768555 -7.511593818664551 -7.5914998054504395 -8.94560432434082 -7.324676036834717
eval_00257 13 -2.4048616886138916 -2.2345187664031982 -4.489799499511719 -4.386477470397949 -2.859975576400757 -2.9060065746307373 -4.074543476104736 -3.9792897701263428 -2.595970630645752 -2.8249001502990723 -3.663740873336792 -3.240360975265503 -1.2159817218780518 -3.7438580989837646 -4.087311744689941 -6.042176246643066 -5.97006893157959 -5.038724899291992 -5.258155822753906 -4.8942365646362305 -5.834902763366699 -5.413103103637695 -5.5150146484375 -4.299474716186523 -5.599584579467773 -4.044804573059082 -5.117279529571533 -5.662937164306641 -5.9109086990356445 -5.330038070678711 -4.769158363342285
eval_00703 28 -5.212800979614258 -3.860056161880493 -5.1875104904174805 -5.188652038574219 -5.191098213195801 -6.462996482849121 -4.669301986694336 -4.611562728881836 -5.274440765380859 -3.384597063064575 -4.580354690551758 -4.383143424987793 -6.088447570800781 -5.183467864990234 -4.89385986328125 -3.9417669773101807 -3.1416494846343994 -4.0412092208862305 -3.5630972385406494 -4.232860565185547 -5.067859649658203 -3.2774171829223633 -3.3140645027160645 -3.30072283744812 -4.238861083984375 -3.824069023132324 -1.6049907207489014 -1.0598022937774658 -3.593308210372925 -5.658735275268555 -5.578245162963867
eval_00116 10 -4.038496971130371 -4.32202672958374 -4.224097728729248 -3.1091771125793457 -4.601070404052734 -4.742225170135498 -5.107974052429199 -4.627296447753906 -7.147196292877197 -0.25352561473846436 -4.4960198402404785 -5.123674392700195 -4.8928375244140625 -4.330157279968262 -6.676621913909912 -6.616981506347656 -4.496083736419678 -5.651139736175537 -6.179018497467041 -7.509997367858887 -5.478175640106201 -5.542758464813232 -5.8902363777160645 -4.979991912841797 -6.440038681030273 -5.33310079574585 -5.144351482391357 -5.589612007141113 -5.549932956695557 -6.426924228668213 -6.5015387535095215
eval_00578 30 -6.115917205810547 -6.080060958862305 -7.149980545043945 -7.324511528015137 -7.847078323364258 -5.667945861816406 -6.1702880859375 -5.6333723068237305 -4.368956565856934 -7.57840633392334 -6.589670181274414 -6.38771915435791 -6.111600875854492 -6.503836631774902 -5.284873008728027 -3.428605079650879 -5.193833351135254 -3.698058843612671 -5.483226776123047 -2.9644742012023926 -3.491647481918335 -4.97776985168457 -4.1937713623046875 -5.979079246520996 -3.3054087162017822 -5.149091720581055 -4.818035125732422 -5.166800498962402 -2.3820574283599854 -0.5765340328216553 -2.58233380317688
eval_00608 19 -7.671056270599365 -6.912818431854248 -6.295770645141602 -6.346114158630371 -6.104765892028809 -7.071363925933838 -6.311078071594238 -5.225048542022705 -6.027561664581299 -6.298617839813232 -5.729154109954834 -5.774081707000732 -6.355589866638184 -7.216943264007568 -6.183836936950684 -7.513219356536865 -5.164784908294678 -4.246129989624023 -0.12262465804815292 -4.755648136138916 -6.7991943359375 -6.201550006866455 -6.434047698974609 -4.815311908721924 -6.0760979652404785 -3.7951786518096924 -6.3777852058410645 -4.985197067260742 -5.609580993652344 -5.509108066558838 -6.2829909324646
eval_00732 30 -5.006401062011719 -5.342276096343994 -7.064953804016113 -7.065239906311035 -7.989845275878906 -5.541804790496826 -6.182914733886719 -6.456142902374268 -5.025240898132324 -6.848016262054443 -6.854916572570801 -4.543519496917725 -5.096921920776367 -6.914909362792969 -6.436074733734131 -4.057134628295898 -4.412852764129639 -2.909083604812622 -6.050421237945557 -3.2643489837646484 -4.456501007080078 -3.7993886470794678 -3.963803768157959 -4.973159313201904 -3.503817558288574 -4.103171348571777 -3.703343152999878 -4.07957649230957 -2.990445613861084 -0.5184164047241211 -3.424175500869751
eval_00648 22 -5.240646839141846 -6.725575923919678 -5.187626361846924 -5.047465801239014 -4.945129871368408 -2.2893710136413574 -6.3971757888793945 -5.040798664093018 -5.725964546203613 -5.7029337882995605 -3.4708027839660645 -6.212867259979248 -4.219440937042236 -4.683987617492676 -5.233346939086914 -3.3512678146362305 -4.353668689727783 -4.386599063873291 -3.899909496307373 -4.493490695953369 -2.8256068229675293 -1.1474822759628296 -3.3062262535095215 -3.7797651290893555 -2.754732131958008 -3.4500579833984375 -4.595191955566406 -4.087100505828857 -3.72158145904541 -2.8003315925598145 -2.8012876510620117
eval_00134 17 -6.288041591644287 -6.989283561706543 -5.911514759063721 -5.074596881866455 -5.840908050537109 -7.786192893981934 -6.480804920196533 -8.100199699401855 -6.7477240562438965 -5.493300914764404 -6.887815952301025 -8.242188453674316 -6.469032287597656 -8.005411148071289 -7.601622581481934 -6.9903740882873535 -0.14328710734844208 -4.87478494644165 -6.189279556274414 -6.121480464935303 -5.410340309143066 -5.7824625968933105 -5.613701820373535 -4.922879219055176 -4.621126174926758 -7.106380939483643 -3.0591182708740234 -5.478187084197998 -5.68886137008667 -6.667006969451904 -4.611593246459961
eval_00420 16 -7.2140092849731445 -5.455887317657471 -4.555637836456299 -5.456770896911621 -5.3784565925598145 -6.906095504760742 -7.085713863372803 -5.934535026550293 -6.966283321380615 -7.447103500366211 -7.273929119110107 -4.6696014404296875 -6.302446365356445 -6.753547191619873 -6.173349857330322 -0.21036802232265472 -6.216703414916992 -5.433119773864746 -6.477541923522949 -3.645834445953369 -4.280375957489014 -5.135200500488281 -4.234231948852539 -6.2098870277404785 -5.0299530029296875 -6.068485736846924 -6.080574035644531 -3.4451351165771484 -3.82959246635437 -5.7759599685668945 -5.105018615722656
eval_00066 27 -5.021698474884033 -4.308812141418457 -5.965570449829102 -3.9726500511169434 -6.785499095916748 -5.6096086502075195 -5.9477128982543945 -6.121852397918701 -7.31869649887085 -4.855203628540039 -6.005774974822998 -7.431018829345703 -7.910543441772461 -6.732961654663086 -5.929492473602295 -7.082949638366699 -2.8678574562072754 -4.388969898223877 -7.403419017791748 -6.125109672546387 -3.9561963081359863 -5.356766223907471 -4.939520359039307 -5.023777961730957 -4.970129489898682 -5.78368616104126 -0.2465573102235794 -5.330611228942871 -3.8345258235931396 -5.909205913543701 -6.160375595092773
eval_00638 3 -4.7010817527771 -4.428062438964844 -0.3360806703567505 -3.519843578338623 -3.1938157081604004 -6.568955898284912 -5.167212009429932 -4.051446914672852 -4.428112983703613 -5.0222930908203125 -3.6222805976867676 -4.068618297576904 -5.144571304321289 -3.859351634979248 -3.2869386672973633 -5.169281482696533 -5.360821723937988 -5.218718528747559 -5.78493595123291 -6.040441989898682 -6.903596878051758 -5.379636287689209 -6.293638229370117 -7.52164363861084 -6.644260406494141 -7.703470230102539 -6.0536932945251465 -5.9226274490356445 -6.28590202331543 -7.422416687011719 -5.481159210205078
eval_00353 23 -6.112585067749023 -7.173648834228516 -6.756418228149414 -6.317587852478027 -5.946503639221191 -6.036683082580566 -7.318729400634766 -7.6278557777404785 -7.416426658630371 -5.74286413192749 -5.621607303619385 -5.681441307067871 -4.987346649169922 -6.516426086425781 -6.720364570617676 -3.405609369277954 -4.080048561096191 -5.206144332885742 -5.660019874572754 -4.264697074890137 -3.0601210594177246 -3.4551849365234375 -0.5086326003074646 -4.373353958129883 -4.52791166305542 -3.870037078857422 -4.41196346282959 -2.956442356109619 -3.668142795562744 -4.031849384307861 -2.7648048400878906
eval_00306 22 -5.597290515899658 -6.7166547775268555 -5.18331241607666 -6.072649002075195 -4.712827682495117 -4.016637325286865 -5.945216178894043 -3.5568413734436035 -4.0122199058532715 -6.4601640701293945 -5.038412094116211 -5.320405006408691 -3.177852153778076 -5.219631195068359 -5.7632551193237305 -3.9101243019104004 -4.393730163574219 -4.0348615646362305 -3.7375879287719727 -4.352899551391602 -3.6711313724517822 -1.1972742080688477 -4.062651634216309 -2.8981881141662598 -2.504060745239258 -4.2457051277160645 -5.709423542022705 -4.456718444824219 -4.361080646514893 -2.473585844039917 -1.8761560916900635
eval_00460 15 -3.981659412384033 -4.218039035797119 -2.553921699523926 -3.3755807876586914 -4.7209672927856445 -4.383065700531006 -3.67441987991333 -3.505715847015381 -3.614197254180908 -4.270818710327148 -2.705927848815918 -3.682028293609619 -4.999794006347656 -2.925312042236328 -0.7049864530563354 -5.503724098205566 -4.772140979766846 -5.088613510131836 -4.272599220275879 -5.386514663696289 -5.507347106933594 -5.315788269042969 -5.541845321655273 -5.532123565673828 -5.452361106872559 -5.756840705871582 -4.69550895690918 -6.02500057220459 -5.375019073486328 -5.433774948120117 -4.779590606689453
eval_00104 7 -6.1063737869262695 -5.8309550285339355 -6.69738245010376 -5.6567063331604 -6.041554927825928 -5.895134449005127 -0.04017984867095947 -6.7746992111206055 -6.642686367034912 -5.859679222106934 -8.162264823913574 -5.9518303871154785 -7.9533796310424805 -6.051992416381836 -7.4151930809021 -7.6070990562438965 -6.076801300048828 -6.992295742034912 -7.020660877227783 -7.86610221862793 -7.321156024932861 -8.650312423706055 -8.603113174438477 -6.48783016204834 -5.96315336227417 -7.119553089141846 -7.346972942352295 -7.296849250793457 -8.472870826721191 -7.864833831787109 -10.044669151306152
eval_00631 5 -4.499085903167725 -3.356755256652832 -4.511792182922363 -4.079576015472412 -0.24182170629501343 -5.749980449676514 -4.971644401550293 -4.871324062347412 -5.9588398933410645 -3.6073849201202393 -6.233681678771973 -4.201437473297119 -4.4786295890808105 -5.744406700134277 -5.661181449890137 -5.854938983917236 -5.547638416290283 -6.547060489654541 -6.542343616485596 -6.603789806365967 -6.625091075897217 -5.565999507904053 -5.150852680206299 -4.433106899261475 -7.481820106506348 -6.769663333892822 -6.3095269203186035 -4.310084342956543 -5.35014009475708 -8.204132080078125 -5.916548252105713
eval_00096 11 -3.0197672843933105 -4.902816295623779 -2.1730213165283203 -2.841444492340088 -2.454324245452881 -4.933247089385986 -3.8921051025390625 -3.8379831314086914 -3.027157783508301 -4.12369441986084 -1.0757263898849487 -4.675193786621094 -4.170108795166016 -3.050419807434082 -2.6281070709228516 -4.297674179077148 -4.7494659423828125 -6.00407600402832 -5.6033830642700195 -6.328115940093994 -5.652280807495117 -4.937903881072998 -5.274054527282715 -6.286896705627441 -5.954474449157715 -6.7706427574157715 -3.922905445098877 -6.46183443069458 -4.756295204162598 -5.691658973693848 -6.443385601043701
eval_00235 31 -5.6794304847717285 -5.667402744293213 -4.859607696533203 -6.013033866882324 -5.3947672843933105 -5.846810340881348 -8.861052513122559 -6.421446800231934 -6.492732524871826 -7.424492359161377 -6.37598180770874 -7.58623743057251 -5.672823429107666 -7.475271701812744 -6.762516975402832 -4.828540802001953 -3.581516981124878 -5.079102516174316 -8.005616188049316 -5.340144157409668 -5.308215141296387 -3.177032232284546 -5.2168169021606445 -5.214902400970459 -5.175043106079102 -6.234978199005127 -4.7330708503723145 -4.924585342407227 -4.226040363311768 -4.563667297363281 -0.209698885679245
eval_00222 29 -7.94462251663208 -5.6770830154418945 -5.875216007232666 -5.892259120941162 -5.33659553527832 -7.131052494049072 -7.6125311851501465 -6.936189651489258 -7.649936676025391 -6.3935747146606445 -7.2885003089904785 -5.900671482086182 -6.945026397705078 -7.260962009429932 -5.644972324371338 -4.711550235748291 -5.176430702209473 -4.310338973999023 -5.520742416381836 -4.583337783813477 -4.575497627258301 -5.390781402587891 -4.164989948272705 -5.172552108764648 -5.141592979431152 -6.341209888458252 -5.33018684387207 -4.142022132873535 -0.1671195924282074 -4.801935195922852 -4.439942359924316
eval_00142 18 -7.058891773223877 -6.533233642578125 -5.595065593719482 -7.63765811920166 -7.784520626068115 -8.383468627929688 -7.424259662628174 -7.25438928604126 -7.346389293670654 -6.872101783752441 -6.859475135803223 -6.912323474884033 -6.752810478210449 -7.113802909851074 -7.3561553955078125 -7.204212665557861 -5.679330348968506 -0.0715620219707489 -5.7699875831604 -5.457770347595215 -6.6699066162109375 -5.621027946472168 -7.529443740844727 -8.429447174072266 -6.304131031036377 -6.873971462249756 -6.353312969207764 -5.449702739715576 -4.709262847900391 -5.0553998947143555 -4.359880447387695
eval_00484 18 -6.3414082527160645 -4.978237152099609 -5.378970623016357 -7.139406204223633 -7.1478776931762695 -8.38901424407959 -7.287781238555908 -7.036948204040527 -6.506287097930908 -6.379750728607178 -6.498359680175781 -6.377874851226807 -6.597540855407715 -6.943409442901611 -7.067192077636719 -6.637332439422607 -5.20315408706665 -0.09387096762657166 -5.763527870178223 -4.741522312164307 -6.0274977684021 -5.130260467529297 -7.281818866729736 -8.273171424865723 -5.814431667327881 -7.1087188720703125 -5.34252405166626 -5.596061706542969 -4.622530460357666 -4.959231853485107 -5.066485404968262
eval_00141 17 -5.1234307289123535 -5.564404487609863 -5.362751483917236 -5.278517246246338 -5.231308937072754 -6.851879596710205 -5.422764778137207 -6.72626256942749 -5.137819766998291 -5.307496070861816 -6.161805152893066 -7.427613735198975 -4.782945156097412 -7.710972309112549 -6.931187629699707 -6.187597751617432 -0.24885007739067078 -4.268073081970215 -4.91608190536499 -4.867786407470703 -5.279966831207275 -6.143399715423584 -5.475965976715088 -5.377664089202881 -4.182899475097656 -5.5926618576049805 -2.4871222972869873 -5.190432548522949 -6.165374279022217 -5.953808307647705 -5.138803958892822
eval_00259 22 -5.905993938446045 -6.315282821655273 -6.106123447418213 -6.993462085723877 -7.027997970581055 -7.069855690002441 -6.2272233963012695 -5.6065874099731445 -6.420173645019531 -5.0039286613464355 -6.168229579925537 -6.4260735511779785 -8.021042823791504 -6.648074626922607 -7.249594211578369 -5.38334321975708 -3.724320888519287 -5.350652694702148 -7.268805027008057 -7.6021552085876465 -4.584758758544922 -0.22409114241600037 -5.464545249938965 -3.0013160705566406 -4.815178394317627 -6.256832599639893 -4.221199035644531 -3.479651927947998 -6.4007158279418945 -5.679769039154053 -4.432732105255127
eval_00038 30 -5.470873832702637 -6.450285911560059 -5.098577499389648 -4.748203277587891 -6.248783111572266 -5.551942825317383 -5.572636604309082 -6.582233428955078 -5.027587413787842 -6.3865556716918945 -5.1461896896362305 -5.574570655822754 -5.375646114349365 -5.203408718109131 -4.935248374938965 -2.8401095867156982 -4.507908821105957 -2.5755696296691895 -4.149310111999512 -2.141728639602661 -2.9061837196350098 -4.477982521057129 -2.6504640579223633 -6.571127891540527 -3.9468038082122803 -3.7493669986724854 -4.410877704620361 -4.573644161224365 -1.69771409034729 -1.5497629642486572 -2.8873560428619385
eval_00148 15 -4.724628448486328 -4.11632776260376 -3.3832907676696777 -4.791040897369385 -5.78309965133667 -5.020856857299805 -4.469566822052002 -4.634056568145752 -4.77689266204834 -5.440229415893555 -4.022538661956787 -4.615357875823975 -6.499134063720703 -3.0917744636535645 -0.24637992680072784 -4.99506950378418 -7.011053085327148 -6.442533493041992 -6.1082539558410645 -6.39262580871582 -6.382969856262207 -7.0284318923950195 -6.562131881713867 -7.039691925048828 -5.641443252563477 -7.634756088256836 -5.604784965515137 -7.616513729095459 -6.049060821533203 -6.917000770568848 -5.797569274902344
eval_00574 6 -4.444099426269531 -4.275130271911621 -4.801764488220215 -3.2898199558258057 -3.545902729034424 -0.5232021808624268 -5.346652030944824 -3.979656457901001 -4.6976823806762695 -4.0768842697143555 -2.3950014114379883 -4.415168762207031 -2.938518762588501 -3.762826681137085 -3.400853395462036 -6.692147254943848 -8.190277099609375 -7.089205741882324 -4.738486289978027 -6.9984588623046875 -5.680201530456543 -5.814247131347656 -6.689905166625977 -4.4716386795043945 -6.473047256469727 -5.728815078735352 -6.05219841003418 -7.7334089279174805 -6.223200798034668 -6.16357421875 -6.058161735534668
eval_00052 12 -6.256856441497803 -5.804070949554443 -5.708702564239502 -3.7471165657043457 -5.114169597625732 -6.004114627838135 -3.5085318088531494 -4.221379280090332 -4.495396137237549 -5.566591739654541 -4.474799156188965 -0.2620605528354645 -3.648505926132202 -3.852785587310791 -3.7411985397338867 -6.386373043060303 -7.41208028793335 -5.875032901763916 -4.99677038192749 -4.7609477043151855 -7.399820327758789 -7.207386016845703 -5.764678478240967 -5.436626434326172 -7.526151180267334 -5.219589710235596 -6.559587001800537 -4.954766750335693 -6.644842147827148 -6.329375267028809 -6.506593704223633
eval_00320 20 -5.654172420501709 -3.9714548587799072 -6.396801471710205 -6.492337703704834 -6.286024570465088 -7.479782581329346 -6.350569725036621 -6.960846900939941 -5.482517719268799 -6.264066696166992 -7.2660603523254395 -5.530884265899658 -4.901742458343506 -7.107522010803223 -6.749316215515137 -3.064011335372925 -5.332277774810791 -2.972445011138916 -4.913205623626709 -0.38418740034103394 -4.867857456207275 -5.374195098876953 -3.9990220069885254 -5.897741317749023 -4.608915328979492 -3.4940922260284424 -3.7956924438476562 -3.806779623031616 -4.211447238922119 -4.0906267166137695 -4.809276580810547
eval_00583 10 -2.5195982456207275 -3.60528826713562 -2.9968247413635254 -3.6635985374450684 -2.851062297821045 -2.8136961460113525 -4.98402738571167 -2.3467304706573486 -4.088072776794434 -1.6636431217193604 -3.590928077697754 -4.854486465454102 -2.8316433429718018 -3.2706589698791504 -3.881945848464966 -3.5558390617370605 -4.369731903076172 -5.345530033111572 -3.8102047443389893 -4.410867691040039 -5.161779403686523 -4.450855255126953 -4.858090400695801 -4.379920959472656 -3.7532637119293213 -4.005837917327881 -5.1036577224731445 -4.638706207275391 -3.2458243370056152 -4.216400146484375 -4.790101051330566
eval_00368 19 -6.1981916427612305 -6.527811050415039 -4.819550514221191 -4.2743120193481445 -4.630050182342529 -4.054324626922607 -4.88397216796875 -4.103133201599121 -5.021087646484375 -5.38027811050415 -4.272272109985352 -4.7100749015808105 -3.4536914825439453 -5.140021800994873 -4.702207565307617 -4.04582405090332 -3.772907257080078 -3.956028461456299 -0.6169158220291138 -3.7427611351013184 -4.0103068351745605 -5.004295825958252 -3.942594051361084 -4.301645278930664 -3.879828453063965 -3.3684844970703125 -4.996074199676514 -3.7294063568115234 -3.862229824066162 -3.5078420639038086 -3.686534881591797
eval_00677 14 -4.289155006408691 -4.919984817504883 -4.543550491333008 -4.715134143829346 -4.925997257232666 -4.1305131912231445 -3.7181642055511475 -3.3413925170898438 -4.991733074188232 -4.698853015899658 -3.375051259994507 -4.333548069000244 -4.200890064239502 -0.33329084515571594 -3.4023849964141846 -6.117506980895996 -7.169002532958984 -5.9867658615112305 -5.710939884185791 -6.709452152252197 -4.625720500946045 -6.2755231857299805 -5.678336143493652 -6.249440670013428 -4.795966148376465 -6.125808238983154 -6.704473972320557 -6.70470666885376 -6.685335159301758 -5.774798393249512 -5.5159687995910645
eval_00085 15 -4.133448123931885 -4.783810615539551 -3.4180383682250977 -4.319121837615967 -4.095180034637451 -4.196499824523926 -2.2117648124694824 -2.8622794151306152 -3.105726718902588 -3.8820858001708984 -2.9036169052124023 -3.1151700019836426 -3.940769672393799 -2.127976894378662 -1.394267201423645 -4.421131134033203 -4.894287109375 -4.618455410003662 -4.003667831420898 -4.678462982177734 -4.749163627624512 -4.7775115966796875 -4.4922285079956055 -4.086592197418213 -4.262082099914551 -4.176220893859863 -5.336065292358398 -4.5812249183654785 -5.118008613586426 -4.101719379425049 -4.507490158081055
eval_00668 20 -6.3570942878723145 -5.486279010772705 -5.261909008026123 -6.54961633682251 -5.082681179046631 -6.8009161949157715 -6.861724376678467 -6.609094619750977 -5.2568488121032715 -7.556229591369629 -6.335002899169922 -6.497137546539307 -4.813957214355469 -6.923933982849121 -5.551813125610352 -3.149794340133667 -4.3317461013793945 -3.945854902267456 -3.357792854309082 -0.4632745087146759 -5.260875225067139 -6.246405124664307 -3.286999464035034 -6.969458103179932 -4.042749881744385 -2.9145607948303223 -4.393805980682373 -3.5745954513549805 -3.9811229705810547 -4.548367977142334 -3.52042818069458
eval_00194 24 -6.57335901260376 -6.737302303314209 -8.551013946533203 -6.546019077301025 -5.942877292633057 -6.636203289031982 -5.805449485778809 -6.114360809326172 -6.120455741882324 -5.4316558837890625 -8.075325012207031 -7.69548225402832 -6.79897928237915 -8.008374214172363 -8.563161849975586 -7.179602146148682 -3.592052936553955 -8.386584281921387 -7.212375164031982 -7.843469142913818 -4.802343845367432 -4.283047676086426 -6.681070804595947 -0.10031463950872421 -4.990527153015137 -6.066214561462402 -5.011233329772949 -6.432094573974609 -6.8130645751953125 -7.052091598510742 -7.114419460296631
eval_00020 23 -5.382984638214111 -7.012579441070557 -5.203954219818115 -4.274763584136963 -5.064384937286377 -3.9917197227478027 -5.494309425354004 -5.547913551330566 -5.753026962280273 -5.702251434326172 -4.326159477233887 -4.7750043869018555 -4.726737976074219 -4.661288261413574 -4.433818817138672 -3.689131736755371 -4.218344688415527 -5.379175186157227 -3.2748398780822754 -4.021972179412842 -3.205624580383301 -3.3514041900634766 -0.7526298761367798 -4.337154388427734 -3.445521354675293 -2.3454346656799316 -4.167102336883545 -3.9559192657470703 -3.8416476249694824 -4.189700603485107 -3.681736469268799
eval_00186 28 -7.643157958984375 -6.761861801147461 -7.3176374435424805 -7.510373115539551 -7.048574447631836 -8.7650728225708 -7.425945281982422 -6.004720687866211 -8.705841064453125 -4.837363243103027 -7.098891258239746 -5.017993927001953 -8.218609809875488 -7.566232681274414 -8.474979400634766 -4.944677352905273 -5.636969566345215 -4.34044075012207 -5.602006912231445 -5.284865379333496 -5.896721839904785 -4.276256561279297 -4.113622665405273 -5.547994613647461 -7.182866096496582 -4.011129379272461 -6.2070465087890625 -0.13379311561584473 -5.014899253845215 -5.695451736450195 -6.493435859680176
eval_00443 25 -6.265321254730225 -6.220826148986816 -7.491172790527344 -7.679237365722656 -7.082976341247559 -5.520398139953613 -4.6038737297058105 -6.611327171325684 -7.022686958312988 -6.035125732421875 -7.3022894859313965 -8.027020454406738 -9.28035831451416 -5.389496326446533 -6.555932998657227 -4.192636966705322 -4.206029891967773 -4.286128520965576 -5.329078674316406 -6.220038414001465 -3.135965585708618 -4.08366060256958 -5.540552139282227 -5.206556797027588 -0.21406957507133484 -5.503325462341309 -4.134635925292969 -5.654788017272949 -4.894331455230713 -4.788475513458252 -6.4887566566467285
eval_00619 13 -5.078272342681885 -5.611062526702881 -5.762017726898193 -6.081858158111572 -5.354846477508545 -4.477232933044434 -6.407036304473877 -5.63163423538208 -4.013237476348877 -6.790761947631836 -5.561346530914307 -4.879598617553711 -0.18599088490009308 -6.013659954071045 -5.60242223739624 -5.498495101928711 -7.198218822479248 -6.9847412109375 -5.93903923034668 -3.682852268218994 -7.376910209655762 -6.560385704040527 -4.9415106773376465 -6.5544514656066895 -6.588974475860596 -5.724687099456787 -6.9343109130859375 -7.381863594055176 -6.805633544921875 -5.035492420196533 -3.262423038482666
eval_00132 3 -3.880760431289673 -4.030704021453857 -0.38621586561203003 -3.430072784423828 -2.9425997734069824 -5.252207279205322 -4.8006510734558105 -3.8438520431518555 -5.644186973571777 -3.8460779190063477 -3.2835497856140137 -4.599501132965088 -5.143059253692627 -3.9852402210235596 -3.760315418243408 -4.821078300476074 -5.7250285148620605 -5.101177215576172 -5.7153496742248535 -6.120243549346924 -6.49041748046875 -5.868762493133545 -6.387331962585449 -7.854711055755615 -6.498243808746338 -7.285606384277344 -6.632781028747559 -6.157119274139404 -5.73592472076416 -7.108979225158691 -5.861498832702637
eval_00190 24 -5.843719482421875 -6.184564113616943 -6.423183441162109 -4.579652309417725 -4.350020408630371 -4.233547687530518 -5.111053466796875 -3.9590063095092773 -4.465437889099121 -5.404048919677734 -6.443371295928955 -5.270674228668213 -4.648759841918945 -6.445494174957275 -6.129446029663086 -5.1890645027160645 -3.3715178966522217 -4.875526428222656 -4.4649658203125 -4.940581798553467 -3.473064661026001 -3.3467917442321777 -4.560837745666504 -0.4625393748283386 -3.5242116451263428 -3.5710132122039795 -4.767175674438477 -4.6442413330078125 -4.480435848236084 -3.7350986003875732 -4.501448631286621
eval_00721 3 -4.529717445373535 -4.480329513549805 -0.1751212328672409 -4.103255748748779 -3.671459436416626 -7.674929618835449 -5.5863189697265625 -5.195047855377197 -5.188682556152344 -5.671599388122559 -4.544507026672363 -4.935747146606445 -5.589371681213379 -4.236133575439453 -4.300842761993408 -5.3793816566467285 -5.8221306800842285 -4.921137809753418 -6.9782304763793945 -6.389824867248535 -7.302715301513672 -6.111294746398926 -7.059802055358887 -9.072734832763672 -6.870339393615723 -8.706169128417969 -6.639274597167969 -7.318501949310303 -6.780250549316406 -7.877340316772461 -6.120447635650635
eval_00590 13 -3.160914421081543 -2.9203011989593506 -3.7790029048919678 -3.758274555206299 -3.1084537506103516 -3.541949510574341 -5.56734561920166 -4.759731769561768 -3.7399187088012695 -4.462571144104004 -4.48964262008667 -3.366450309753418 -0.4791533648967743 -5.0632853507995605 -5.243646144866943 -6.178028583526611 -6.410154342651367 -6.006131649017334 -6.377089023590088 -5.353939056396484 -5.829443454742432 -5.322353363037109 -5.489243507385254 -5.5351033210754395 -7.299363613128662 -5.559833526611328 -5.554876804351807 -6.515889644622803 -6.630813121795654 -5.34825325012207 -4.192208290100098
eval_00675 18 -6.1095662117004395 -5.496970176696777 -4.686382293701172 -6.7828369140625 -6.40342903137207 -6.1464715003967285 -6.680457592010498 -5.277225494384766 -6.384151935577393 -5.674208164215088 -5.344232559204102 -6.006002902984619 -5.955816745758057 -5.6780686378479 -5.938220024108887 -5.796656131744385 -5.408177852630615 -0.27152565121650696 -4.2101616859436035 -4.339183330535889 -4.769394397735596 -4.680263996124268 -6.6052117347717285 -6.661470890045166 -4.019426345825195 -5.393064498901367 -5.939797878265381 -4.103664398193359 -3.0689947605133057 -3.401944398880005 -4.365537643432617
eval_00680 9 -5.016958713531494 -4.9771647453308105 -6.502962589263916 -7.395336151123047 -6.1612982749938965 -6.136386871337891 -4.02874755859375 -6.050387859344482 -0.09327920526266098 -7.758193492889404 -6.262330532073975 -6.298891067504883 -5.198622703552246 -5.620630741119385 -5.53170108795166 -6.8863844871521 -6.643850326538086 -6.165100574493408 -6.228579998016357 -5.245573997497559 -7.198951721191406 -6.0066680908203125 -7.674574375152588 -5.6012091636657715 -6.113393306732178 -6.611563205718994 -6.018344879150391 -7.561486721038818 -8.886720657348633 -5.857099533081055 -5.750677108764648
eval_00625 25 -5.46379280090332 -4.609188079833984 -7.858438014984131 -5.878599166870117 -7.107837677001953 -3.0536575317382812 -5.609762191772461 -6.291295528411865 -6.016294002532959 -5.356455326080322 -4.7969489097595215 -5.643901824951172 -3.097153425216675 -4.801078796386719 -5.312375068664551 -5.0911970138549805 -4.031451225280762 -5.707334995269775 -4.2937445640563965 -4.369932174682617 -4.192341327667236 -4.339974880218506 -4.060573101043701 -2.4802560806274414 -1.174431324005127 -4.545242786407471 -1.419870138168335 -4.041877746582031 -4.248424530029297 -3.8414294719696045 -2.909323215484619
eval_00258 15 -3.44625186920166 -4.0611677169799805 -2.5125017166137695 -3.886289119720459 -3.6497936248779297 -4.144473552703857 -2.179348945617676 -3.2524707317352295 -2.8956027030944824 -3.7722291946411133 -2.806560516357422 -3.926084518432617 -4.903491973876953 -1.939552903175354 -1.6343446969985962 -4.105137348175049 -4.7160115242004395 -4.905489921569824 -4.829618453979492 -4.331740856170654 -4.782929420471191 -4.780886650085449 -4.45050048828125 -4.8825578689575195 -4.9346184730529785 -4.753478527069092 -5.093586444854736 -4.568887233734131 -4.502911567687988 -4.634860515594482 -4.838916778564453
eval_00678 18 -5.853828430175781 -5.622996807098389 -5.231644630432129 -7.5756635665893555 -7.630937576293945 -7.405365943908691 -6.355215549468994 -5.516533851623535 -5.190608501434326 -5.8564653396606445 -6.022700309753418 -6.118379592895508 -5.57057523727417 -5.258960247039795 -5.742489814758301 -4.820068359375 -4.9493489265441895 -0.5411586165428162 -3.7053074836730957 -2.8106961250305176 -5.390149116516113 -4.990944862365723 -5.586170673370361 -7.498661994934082 -3.916762351989746 -5.004578590393066 -6.131341934204102 -4.262463569641113 -2.90513277053833 -2.2016654014587402 -3.002615451812744
eval_00211 7 -5.8535966873168945 -5.698685646057129 -6.512109279632568 -5.858570098876953 -5.399839878082275 -3.744516134262085 -0.15939755737781525 -4.346922397613525 -4.957395076751709 -6.155903339385986 -6.671507835388184 -4.099476337432861 -7.842544078826904 -4.749033451080322 -5.4421234130859375 -6.246208667755127 -5.79439115524292 -5.78764533996582 -6.103673458099365 -6.606484889984131 -5.645534515380859 -6.373232364654541 -7.418927192687988 -5.355396270751953 -3.9370784759521484 -6.219625949859619 -5.739961624145508 -5.572879791259766 -7.482975959777832 -5.916999340057373 -6.625056266784668
eval_00374 21 -4.168679237365723 -4.442392349243164 -5.837092399597168 -5.928402423858643 -5.357590198516846 -4.632546424865723 -5.799990177154541 -5.224212646484375 -4.842353343963623 -5.038809776306152 -5.257679462432861 -6.529279708862305 -5.580508708953857 -5.2780961990356445 -5.624022006988525 -3.8367795944213867 -2.961155652999878 -5.026162147521973 -4.06654691696167 -5.256433010101318 -0.6344805359840393 -3.293268918991089 -4.372335910797119 -3.2572414875030518 -4.764063358306885 -4.232842445373535 -2.6323976516723633 -4.399105548858643 -4.2901387214660645 -3.52939772605896 -3.22269344329834
eval_00486 1 -0.1892404556274414 -3.182765245437622 -5.31724739074707 -6.371644496917725 -6.0983967781066895 -5.4849724769592285 -5.07360315322876 -6.343839645385742 -3.864089012145996 -4.4797797203063965 -5.491998672485352 -5.9072489738464355 -3.9240002632141113 -4.258189678192139 -5.88543176651001 -6.934508323669434 -5.960290908813477 -5.519863128662109 -7.260129928588867 -6.399539947509766 -5.7159037590026855 -5.865447521209717 -6.979759693145752 -6.569302558898926 -6.548516273498535 -6.61125373840332 -5.646151542663574 -7.525444030761719 -7.868783950805664 -5.305680274963379 -5.658775329589844
eval_00548 19 -6.880163192749023 -6.397913932800293 -5.30935001373291 -5.2275543212890625 -5.590897560119629 -5.868349552154541 -5.855785369873047 -4.62790584564209 -6.075888156890869 -5.197821140289307 -4.915037155151367 -4.860851287841797 -5.377026557922363 -6.173328876495361 -5.277130126953125 -7.190109729766846 -4.85577392578125 -3.8102941513061523 -0.23345966637134552 -4.877306938171387 -6.347878932952881 -4.86916446685791 -6.109310150146484 -3.936939001083374 -5.7002458572387695 -3.2132585048675537 -5.735532283782959 -4.831190586090088 -4.850736618041992 -5.197751522064209 -5.598166465759277
eval_00426 20 -5.152321815490723 -4.7104573249816895 -5.163751125335693 -5.3414154052734375 -5.074588775634766 -6.952474117279053 -4.992837429046631 -6.130194187164307 -5.231042385101318 -4.854611396789551 -5.753025531768799 -5.275082588195801 -5.27419900894165 -5.05712890625 -5.975660800933838 -2.2131896018981934 -3.660501480102539 -3.400425434112549 -5.143932819366455 -1.6838747262954712 -4.033768177032471 -2.885002613067627 -1.815621018409729 -3.885674476623535 -3.2052550315856934 -3.575812339782715 -2.8516712188720703 -2.05275297164917 -3.520005226135254 -4.1844964027404785 -4.987157821655273
eval_00208 20 -6.435708522796631 -4.210824489593506 -6.843972206115723 -7.079580783843994 -6.884421348571777 -8.21713638305664 -7.096488952636719 -7.545783042907715 -5.766210079193115 -7.215543270111084 -8.093449592590332 -6.114377975463867 -5.329920768737793 -8.101588249206543 -7.268450736999512 -3.5373694896698 -5.869099140167236 -3.386756658554077 -5.229090690612793 -0.21959953010082245 -5.69248104095459 -6.26884126663208 -4.669551849365234 -6.63230037689209 -5.218492031097412 -3.9728434085845947 -4.235479354858398 -4.408559799194336 -4.633289337158203 -4.577353000640869 -5.116004943847656
eval_00627 14 -4.271989822387695 -4.48470401763916 -3.6344356536865234 -4.646655559539795 -5.394804000854492 -4.658370018005371 -4.006021976470947 -3.9828622341156006 -5.124191761016846 -4.210869789123535 -3.8664162158966064 -3.300166130065918 -5.4691162109375 -0.3493342697620392 -2.626291513442993 -6.578751564025879 -7.341651439666748 -5.438157081604004 -6.78460693359375 -7.90700101852417 -5.466317653656006 -5.9319071769714355 -6.495977878570557 -6.958556652069092 -5.671792984008789 -6.918592929840088 -6.65350341796875 -7.108222961425781 -7.124265193939209 -6.804113388061523 -6.254241943359375
eval_00690 24 -6.467535495758057 -6.926119327545166 -8.750955581665039 -6.690857887268066 -5.7983808517456055 -6.00021505355835 -5.116931438446045 -6.037924289703369 -6.512636661529541 -4.992350101470947 -7.910798072814941 -7.433002471923828 -7.724134922027588 -7.709972381591797 -8.450668334960938 -6.205422878265381 -4.709660053253174 -8.785253524780273 -7.644297122955322 -8.321813583374023 -5.12106990814209 -4.187150001525879 -5.879968643188477 -0.08977726101875305 -5.114456653594971 -5.4237775802612305 -5.65913724899292 -5.473707675933838 -6.252753734588623 -6.761091709136963 -7.319332599639893
eval_00547 28 -7.127963542938232 -6.712576389312744 -6.502438068389893 -6.6406707763671875 -6.746129512786865 -7.764388561248779 -6.328662872314453 -5.391219615936279 -8.211462020874023 -4.696740627288818 -6.626075744628906 -5.012308120727539 -7.924284934997559 -7.505692005157471 -7.833939552307129 -5.026078224182129 -5.465982913970947 -5.4618659019470215 -5.225327491760254 -5.305269718170166 -5.441387176513672 -5.112308979034424 -4.1203508377075195 -4.624099254608154 -6.677650451660156 -3.607276201248169 -6.121880054473877 -0.14650112390518188 -4.859879970550537 -5.6776933670043945 -6.657235622406006
eval_00593 23 -7.4498291015625 -8.762360572814941 -7.699186325073242 -6.559070110321045 -6.683951377868652 -7.169602394104004 -7.716814041137695 -9.091011047363281 -8.43587589263916 -6.835081100463867 -6.002047061920166 -6.2084150314331055 -6.719590187072754 -7.67567777633667 -7.170842170715332 -4.088727951049805 -5.495872497558594 -6.795942306518555 -6.232928276062012 -4.719388961791992 -3.7578136920928955 -5.670291900634766 -0.15347972512245178 -6.18889856338501 -6.447908878326416 -4.078630447387695 -5.0868821144104 -4.217371463775635 -4.596799373626709 -5.4781718254089355 -4.3060760498046875
eval_00107 7 -6.894863128662109 -5.934640884399414 -5.885414123535156 -5.752216339111328 -5.8836989402771 -4.621356010437012 -0.19814564287662506 -3.902942657470703 -4.023471355438232 -6.522281646728516 -5.46175479888916 -5.759045600891113 -7.424166679382324 -3.8154118061065674 -3.8502895832061768 -5.754058837890625 -6.482261657714844 -5.735095977783203 -4.158288478851318 -5.398799419403076 -6.449248313903809 -7.158906936645508 -6.742422580718994 -5.324812412261963 -4.255556106567383 -5.580588340759277 -6.759197235107422 -5.833786964416504 -6.075211524963379 -5.367755889892578 -6.753870010375977
eval_00620 19 -6.662404537200928 -6.333483695983887 -5.304019451141357 -4.6161932945251465 -4.333302974700928 -5.311253070831299 -5.748776912689209 -4.738276481628418 -4.418652057647705 -5.574130535125732 -5.089937210083008 -5.156566143035889 -3.064574718475342 -5.743847846984863 -4.661557197570801 -4.8311920166015625 -4.705864429473877 -3.9144439697265625 -0.5677276849746704 -2.469015598297119 -5.720003604888916 -5.575020790100098 -3.987156867980957 -4.7015533447265625 -4.597027778625488 -3.144603729248047 -5.7569355964660645 -4.939909934997559 -3.225517749786377 -3.939591884613037 -3.9547982215881348
eval_00073 22 -4.684292793273926 -5.979186058044434 -4.868541240692139 -4.882015705108643 -4.363518714904785 -1.6908026933670044 -6.490845203399658 -4.352949142456055 -5.410775184631348 -4.922137260437012 -3.089041233062744 -5.977807998657227 -3.4981260299682617 -4.5965728759765625 -5.102502346038818 -3.882935047149658 -4.114932060241699 -4.942709922790527 -4.01170539855957 -4.820680618286133 -2.9785566329956055 -1.3208130598068237 -3.889069080352783 -3.266127586364746 -2.9395432472229004 -3.7444028854370117 -4.397210597991943 -4.027568817138672 -4.247404098510742 -3.446596145629883 -2.886414051055908
eval_00455 2 -2.6146187782287598 -0.3089712858200073 -4.027903079986572 -5.590663909912109 -4.907938480377197 -5.186694145202637 -4.1573381423950195 -4.959428787231445 -3.896045207977295 -4.576669692993164 -5.643319606781006 -4.81695032119751 -4.993462562561035 -4.531235218048096 -5.026731967926025 -4.784659385681152 -5.598860740661621 -4.712029933929443 -6.91977596282959 -4.806971549987793 -6.147404670715332 -5.2154669761657715 -6.957218170166016 -7.104345321655273 -5.526766777038574 -7.228850364685059 -4.62502908706665 -5.557164669036865 -5.638379096984863 -5.390176296234131 -5.801456928253174
eval_00725 17 -6.825300693511963 -7.316026210784912 -6.848084449768066 -5.6521477699279785 -7.009586334228516 -8.258861541748047 -5.396783828735352 -8.458393096923828 -6.765422821044922 -5.67986536026001 -7.640782356262207 -8.51410961151123 -7.810125827789307 -8.171733856201172 -8.243322372436523 -8.286779403686523 -0.07860735058784485 -5.581211090087891 -6.919045448303223 -6.892284393310547 -6.3132452964782715 -6.078781604766846 -6.565028667449951 -4.656116008758545 -5.315160274505615 -7.082737922668457 -3.8111488819122314 -5.609186172485352 -6.46085262298584 -7.248785972595215 -6.068891525268555
eval_00459 20 -7.350001335144043 -6.15500545501709 -6.625190734863281 -7.844444274902344 -7.610444068908691 -8.391462326049805 -6.960540294647217 -7.441923141479492 -5.485180854797363 -8.271069526672363 -8.644421577453613 -6.296266078948975 -6.154255390167236 -8.172321319580078 -6.778930187225342 -3.559227466583252 -5.686168193817139 -3.6012015342712402 -5.704961776733398 -0.1669970452785492 -6.320052146911621 -7.870882987976074 -5.127851486206055 -8.768040657043457 -6.150606155395508 -5.090696811676025 -5.072592258453369 -5.362870216369629 -3.9015464782714844 -4.146671772003174 -4.502347946166992
eval_00376 9 -3.0974886417388916 -2.9936835765838623 -3.8292667865753174 -5.169610977172852 -4.381288528442383 -5.249632835388184 -3.0360054969787598 -4.102696418762207 -0.5438239574432373 -5.333223342895508 -3.6796553134918213 -4.0677289962768555 -3.931795120239258 -3.5303502082824707 -3.561358690261841 -5.813928604125977 -6.050252914428711 -4.1761474609375 -5.5287628173828125 -4.497363090515137 -5.378363609313965 -5.300261497497559 -6.2471160888671875 -5.389656066894531 -5.700702667236328 -6.191298484802246 -5.476165771484375 -5.277907371520996 -6.809854507446289 -5.030649185180664 -4.149383544921875
eval_00064 4 -4.857685565948486 -5.007248878479004 -3.5813255310058594 -0.3774522542953491 -4.624589920043945 -4.56461763381958 -3.6052722930908203 -6.146307945251465 -5.758212566375732 -3.117955207824707 -3.979374885559082 -2.8496365547180176 -4.088748455047607 -4.110881805419922 -4.012781143188477 -6.746192455291748 -5.037225246429443 -7.044118404388428 -6.3754191398620605 -6.167675495147705 -7.11669397354126 -5.5200324058532715 -5.103882312774658 -5.023257732391357 -7.02067232131958 -5.743200778961182 -4.742499828338623 -6.531567573547363 -6.539911270141602 -7.663221836090088 -6.605011463165283
eval_00347 9 -4.222489833831787 -4.613054275512695 -6.012129783630371 -6.765493392944336 -4.928369522094727 -5.914451599121094 -4.33797025680542 -5.106929779052734 -0.11596336215734482 -7.0057806968688965 -6.771579265594482 -6.984920024871826 -5.97658109664917 -6.291801452636719 -6.28493070602417 -6.445163726806641 -5.577153205871582 -6.034966945648193 -6.311827659606934 -5.545625686645508 -6.6857991218566895 -5.934171199798584 -7.107958793640137 -5.426469802856445 -5.259089946746826 -5.583736896514893 -5.223392486572266 -6.655461311340332 -8.523090362548828 -5.762356281280518 -6.53966760635376
eval_00438 14 -4.209329128265381 -5.181512832641602 -4.225971698760986 -4.687929153442383 -5.262282371520996 -4.3998565673828125 -4.052312850952148 -3.878873109817505 -4.906135559082031 -5.003145217895508 -3.4355971813201904 -3.854092836380005 -4.325373649597168 -0.3654736578464508 -2.5342209339141846 -5.866131782531738 -7.289597034454346 -5.355678558349609 -5.6861724853515625 -6.795497417449951 -4.971311092376709 -6.338126182556152 -5.834231376647949 -6.7695159912109375 -4.886993885040283 -6.233922004699707 -6.681438446044922 -7.195584774017334 -6.647944450378418 -5.7108612060546875 -5.379314422607422
eval_00716 25 -6.007098197937012 -6.411115646362305 -5.767584800720215 -5.109199523925781 -5.237370491027832 -6.53194522857666 -4.975161552429199 -6.470118522644043 -5.046841621398926 -5.171969413757324 -5.748753547668457 -5.613646507263184 -5.403106689453125 -5.410346984863281 -5.414850234985352 -2.921180009841919 -2.3984625339508057 -2.7825000286102295 -2.5844461917877197 -3.0637083053588867 -3.6789493560791016 -3.374774932861328 -2.530181646347046 -4.857273578643799 -1.3977797031402588 -3.57318377494812 -3.534820318222046 -3.9307007789611816 -2.5649049282073975 -3.1512513160705566 -3.9243388175964355
eval_00153 11 -4.356329917907715 -5.317492485046387 -2.9447898864746094 -3.0926692485809326 -2.2994089126586914 -3.9513137340545654 -4.620112895965576 -4.774968147277832 -2.9708993434906006 -4.945359230041504 -0.8580906391143799 -4.37786865234375 -4.133793830871582 -2.2902700901031494 -2.5117199420928955 -5.352087020874023 -6.368452072143555 -5.7115325927734375 -4.7857561111450195 -5.409519195556641 -5.693484306335449 -5.899079322814941 -5.464000701904297 -6.698946952819824 -6.480698585510254 -6.288785934448242 -5.677053451538086 -6.002809524536133 -6.196012496948242 -5.959057807922363 -5.281237602233887
eval_00241 3 -3.91434383392334 -3.1214404106140137 -1.1851524114608765 -3.1201653480529785 -2.441297769546509 -2.5134427547454834 -5.846362590789795 -2.8837413787841797 -4.188117027282715 -3.4995131492614746 -3.6204943656921387 -4.46136474609375 -3.7031383514404297 -4.292856216430664 -3.779221534729004 -2.1521801948547363 -4.795905590057373 -4.88109827041626 -4.863637447357178 -5.101111888885498 -6.169314861297607 -6.649708271026611 -5.115645885467529 -7.344437122344971 -4.843456745147705 -6.611611843109131 -5.537700176239014 -5.2319464683532715 -5.065117835998535 -5.329529285430908 -3.54727840423584
eval_00382 19 -5.539784908294678 -5.720166206359863 -4.984283447265625 -5.655400276184082 -4.770621299743652 -4.4770355224609375 -4.512582302093506 -4.157898902893066 -4.917873382568359 -5.212268829345703 -4.424412250518799 -4.762749671936035 -4.808539867401123 -4.0936784744262695 -4.623979568481445 -3.0418641567230225 -4.05129861831665 -3.5953617095947266 -1.277857780456543 -3.3686509132385254 -2.3441336154937744 -3.897557258605957 -3.270519971847534 -3.707547426223755 -3.036034107208252 -2.7826087474823 -5.004077434539795 -3.6120734214782715 -3.0011038780212402 -3.016542434692383 -3.1860084533691406
eval_00040 24 -6.299582481384277 -6.342432975769043 -6.461916923522949 -4.588939666748047 -4.657599449157715 -4.731348991394043 -5.086136817932129 -4.016595363616943 -4.845459938049316 -5.649159908294678 -6.654143810272217 -5.063981533050537 -4.9904046058654785 -6.512373447418213 -6.212756156921387 -6.032867431640625 -3.813871145248413 -5.679580211639404 -5.002108097076416 -5.588428497314453 -4.229479789733887 -3.687116861343384 -5.219090461730957 -0.2678831219673157 -4.245521068572998 -4.117761611938477 -5.4403791427612305 -5.024749755859375 -5.321327209472656 -4.708198070526123 -4.698301792144775
eval_00597 24 -5.875986099243164 -6.570087909698486 -7.561093330383301 -5.8315863609313965 -5.476163387298584 -5.523972988128662 -4.14872932434082 -5.344432353973389 -5.82783842086792 -4.6721343994140625 -6.832230567932129 -6.664641380310059 -6.840219020843506 -6.301417827606201 -7.267728805541992 -6.75658655166626 -3.236538887023926 -8.41625690460205 -7.340662479400635 -7.939955234527588 -5.098419189453125 -4.551830768585205 -6.015068531036377 -0.15189965069293976 -4.614965438842773 -5.385787487030029 -5.626307010650635 -5.562376976013184 -6.134541034698486 -7.166088104248047 -7.371638774871826
eval_00713 14 -4.003843784332275 -4.217708110809326 -3.165907621383667 -4.330140113830566 -4.588300704956055 -5.380658149719238 -3.9454267024993896 -4.057980060577393 -5.271328926086426 -3.851858615875244 -3.270477771759033 -2.8016037940979004 -5.604460716247559 -0.5160560011863708 -2.3857672214508057 -5.3630218505859375 -6.693406105041504 -5.021487236022949 -6.064379692077637 -6.78542423248291 -5.238278388977051 -5.654657363891602 -6.145567893981934 -6.61431884765625 -5.774164199829102 -6.468802452087402 -6.184009075164795 -5.94407320022583 -6.1393022537231445 -6.742523193359375 -6.386223316192627
eval_00388 9 -3.040907859802246 -3.3726205825805664 -2.7604753971099854 -4.507328987121582 -2.3385915756225586 -4.017788887023926 -3.3566839694976807 -3.214411497116089 -1.417907953262329 -3.4238476753234863 -3.3216540813446045 -5.803882598876953 -4.812452793121338 -3.70951247215271 -3.5615875720977783 -3.7587902545928955 -3.5421769618988037 -4.075102806091309 -4.646415710449219 -4.12568473815918 -3.474957227706909 -4.904027938842773 -4.2082390785217285 -5.165891647338867 -4.211844444274902 -4.272924423217773 -3.4731619358062744 -3.6533427238464355 -4.253608226776123 -4.058177947998047 -4.8197526931762695
eval_00154 9 -2.853342294692993 -3.0874476432800293 -4.2744035720825195 -6.429585933685303 -4.545766830444336 -5.9515910148620605 -3.643990993499756 -4.9379730224609375 -0.37488386034965515 -4.869039535522461 -5.0807976722717285 -5.005722999572754 -4.581002235412598 -3.7788937091827393 -3.8658082485198975 -5.897072792053223 -5.729981422424316 -4.388474941253662 -5.332493782043457 -4.598458766937256 -5.65444278717041 -5.955560684204102 -6.587762832641602 -6.222697734832764 -5.969959735870361 -6.144845008850098 -4.942393779754639 -5.98447322845459 -6.963361740112305 -5.24129056930542 -4.677469730377197
eval_00113 8 -6.153384208679199 -5.577926158905029 -4.671219825744629 -5.727430820465088 -5.266517162322998 -4.077475547790527 -5.45507287979126 -0.14702528715133667 -5.452564239501953 -4.64262580871582 -5.038166522979736 -4.383162498474121 -6.619715690612793 -5.296670436859131 -4.845524787902832 -6.2016706466674805 -7.701960563659668 -6.856943130493164 -5.802509784698486 -7.179927349090576 -6.4271440505981445 -5.037866592407227 -8.214211463928223 -4.299648284912109 -6.227603912353516 -5.141396522521973 -7.954472541809082 -5.298572540283203 -7.172267436981201 -6.782243251800537 -7.853248596191406
eval_00603 15 -4.7292799949646 -3.802168846130371 -3.4968972206115723 -4.361861228942871 -5.055784702301025 -4.814369201660156 -3.066120147705078 -3.8127553462982178 -3.3563785552978516 -5.393857955932617 -4.215937614440918 -3.3992042541503906 -5.494380950927734 -2.8815786838531494 -0.4444194436073303 -5.0559234619140625 -5.982287883758545 -5.831171035766602 -5.076478481292725 -5.431725025177002 -6.287858009338379 -6.012309551239014 -6.009992599487305 -5.537694454193115 -5.239670276641846 -6.394198894500732 -5.471733570098877 -6.97426176071167 -6.406431198120117 -5.79994010925293 -5.579549312591553
eval_00402 29 -4.820274829864502 -4.489555358886719 -4.602543830871582 -4.693389892578125 -4.413590908050537 -4.036532402038574 -4.393609046936035 -6.079337120056152 -5.457825660705566 -3.8561556339263916 -4.975365161895752 -3.65592885017395 -3.892526865005493 -4.965167045593262 -5.66513729095459 -3.455721139907837 -3.796534776687622 -3.175645351409912 -5.218341827392578 -4.631756782531738 -3.612903356552124 -2.0587871074676514 -3.122077465057373 -4.075991630554199 -3.797957181930542 -4.02138614654541 -4.345233917236328 -2.62005877494812 -1.1237351894378662 -3.929835319519043 -3.482113838195801
eval_00003 8 -5.747011184692383 -5.081183433532715 -3.211792469024658 -5.039727687835693 -4.216259002685547 -3.830172538757324 -4.987924098968506 -0.26596546173095703 -4.355414390563965 -5.971251964569092 -4.842001914978027 -4.120235443115234 -5.414608955383301 -3.6371467113494873 -4.63861083984375 -4.857305526733398 -7.211178779602051 -6.405487060546875 -6.2565226554870605 -5.416288375854492 -7.061990737915039 -4.990967750549316 -6.85881233215332 -6.104420185089111 -4.831879615783691 -5.448358535766602 -7.771876335144043 -5.465328693389893 -6.588113784790039 -5.026486396789551 -6.324490070343018
eval_00341 19 -6.221325397491455 -5.95759916305542 -4.812171459197998 -3.720390558242798 -4.210515022277832 -4.66139554977417 -5.172053337097168 -4.497615337371826 -5.29652738571167 -4.700228214263916 -4.505326271057129 -4.467277526855469 -3.580674171447754 -5.7840471267700195 -4.7374796867370605 -4.608020305633545 -3.7061471939086914 -3.751447916030884 -0.529116153717041 -3.8905744552612305 -4.499908447265625 -4.969769477844238 -4.124685287475586 -4.046329021453857 -4.598069667816162 -3.2416019439697266 -4.367332935333252 -4.18775749206543 -3.805569887161255 -4.1591291427612305 -4.470109939575195
eval_00377 9 -5.090755939483643 -4.521738052368164 -5.916711807250977 -6.904727935791016 -5.183493137359619 -5.617520809173584 -3.794976234436035 -5.218274116516113 -0.12191818654537201 -7.037720680236816 -6.365013599395752 -6.429088115692139 -5.018430709838867 -5.4872965812683105 -5.552242755889893 -6.024026393890381 -6.255788803100586 -5.992798328399658 -5.992786407470703 -5.475819110870361 -6.9802937507629395 -5.6115546226501465 -7.260176181793213 -5.132427215576172 -5.946776390075684 -6.8054046630859375 -6.011629104614258 -7.183934688568115 -7.925808429718018 -5.810340404510498 -5.785227298736572
eval_00330 17 -5.505712985992432 -5.474329471588135 -5.178888320922852 -5.577694892883301 -5.082835674285889 -5.764060974121094 -4.621109485626221 -6.306912422180176 -4.685230731964111 -5.49564790725708 -6.076295375823975 -7.839217185974121 -5.448490619659424 -6.653618335723877 -6.896777153015137 -5.551554203033447 -0.5051676034927368 -2.156221389770508 -3.394784450531006 -4.151597499847412 -4.183887481689453 -4.605433940887451 -5.345954418182373 -5.276629447937012 -3.638092517852783 -4.990463733673096 -2.7500977516174316 -4.8531951904296875 -4.637125492095947 -4.951634883880615 -4.640059947967529
eval_00294 9 -5.005079746246338 -4.639296531677246 -6.092060089111328 -6.904217720031738 -5.324117660522461 -5.980098247528076 -3.905132532119751 -5.315521240234375 -0.11144138872623444 -7.095141887664795 -6.300873756408691 -6.477275371551514 -5.045427322387695 -5.464336395263672 -5.673507213592529 -6.535431861877441 -6.38676118850708 -5.991471290588379 -5.945862770080566 -5.462488651275635 -6.848706245422363 -5.683895587921143 -7.2914042472839355 -5.219712257385254 -6.327216148376465 -6.569270133972168 -6.153867244720459 -7.27462100982666 -8.089826583862305 -5.8710479736328125 -5.850945949554443
eval_00633 5 -4.485359191894531 -4.111391544342041 -3.2942402362823486 -3.901367664337158 -0.3274403512477875 -5.077383041381836 -4.857387542724609 -4.329958915710449 -4.496445178985596 -3.8373990058898926 -4.61407470703125 -4.294641971588135 -3.632020950317383 -5.702085494995117 -5.103260517120361 -4.114475250244141 -4.508437633514404 -5.660202503204346 -6.644567489624023 -5.613085746765137 -6.392440319061279 -5.149690628051758 -5.401821136474609 -5.463672161102295 -6.364893436431885 -6.553114891052246 -6.190798282623291 -5.109578609466553 -5.2443695068359375 -6.865291595458984 -5.220885753631592
eval_00310 12 -7.154057025909424 -5.637083530426025 -5.06932258605957 -3.7653515338897705 -6.511200428009033 -5.719756126403809 -4.119414806365967 -5.408467769622803 -7.556024551391602 -5.974527359008789 -5.895235538482666 -0.12355642020702362 -4.63673734664917 -4.6775689125061035 -4.230888366699219 -5.717759609222412 -8.617010116577148 -7.302603244781494 -6.81907320022583 -6.118937015533447 -7.620913028717041 -8.168598175048828 -6.61125373840332 -6.775798320770264 -7.712517261505127 -6.379711151123047 -8.151945114135742 -5.755803108215332 -7.76556396484375 -7.40749979019165 -8.22581672668457
eval_00051 28 -5.399473190307617 -5.73213005065918 -4.75439977645874 -3.3886473178863525 -5.22564697265625 -5.230016231536865 -4.38498592376709 -4.709310531616211 -5.250597953796387 -4.336660385131836 -3.9460344314575195 -5.395990371704102 -6.127036094665527 -5.126066207885742 -4.422586441040039 -2.443270683288574 -4.515609264373779 -4.658603668212891 -3.027416944503784 -3.4424784183502197 -4.223219394683838 -4.5588178634643555 -2.425527811050415 -4.979390621185303 -4.490957260131836 -2.536153793334961 -3.4419121742248535 -1.2825348377227783 -2.2322986125946045 -3.3784282207489014 -5.099794387817383
eval_00356 6 -3.9118051528930664 -3.211846351623535 -3.595043659210205 -3.2399425506591797 -2.361633777618408 -1.4386383295059204 -3.794915199279785 -3.0747785568237305 -4.412267208099365 -2.496612548828125 -2.3713269233703613 -3.4801745414733887 -3.014387607574463 -3.023475170135498 -3.338594913482666 -5.703704357147217 -6.494000434875488 -5.149387359619141 -3.751047134399414 -5.657475471496582 -4.947422027587891 -4.903196811676025 -5.9754958152771 -3.775686264038086 -5.4193949699401855 -5.071212291717529 -5.984817028045654 -5.217441558837891 -4.255762577056885 -5.413593292236328 -5.092623710632324
eval_00611 16 -5.577818393707275 -5.382180690765381 -4.705241680145264 -5.5945515632629395 -5.254427909851074 -4.500213623046875 -5.7183451652526855 -4.865650177001953 -5.817356586456299 -5.513793468475342 -5.474872589111328 -5.9245734214782715 -5.638190746307373 -5.178399562835693 -5.054684638977051 -1.4428964853286743 -4.650856018066406 -4.703376293182373 -3.795017719268799 -3.244391918182373 -3.3697781562805176 -3.014744281768799 -2.7202491760253906 -4.812391757965088 -2.290853500366211 -3.034350872039795 -5.0772013664245605 -1.9016774892807007 -2.454901695251465 -3.1999149322509766 -4.084545135498047
eval_00396 13 -3.9464030265808105 -5.111438751220703 -5.676901817321777 -5.827864170074463 -5.295060634613037 -4.455141067504883 -5.9307966232299805 -5.465268611907959 -3.84466814994812 -5.9000983238220215 -5.450633525848389 -4.872283935546875 -0.235877126455307 -5.231556415557861 -5.692951202392578 -5.140132904052734 -6.696393966674805 -5.860289573669434 -4.978505611419678 -3.391838550567627 -6.44980525970459 -6.620509624481201 -5.169801712036133 -5.617517948150635 -6.396640777587891 -4.695425987243652 -6.331624507904053 -6.690293312072754 -6.014224052429199 -4.477167129516602 -3.9250874519348145
eval_00201 7 -6.052967071533203 -4.710862636566162 -5.471455097198486 -4.921874046325684 -5.346774578094482 -4.912413597106934 -0.1288813352584839 -4.704196929931641 -4.748655796051025 -5.5755181312561035 -6.076536178588867 -5.284769058227539 -7.289676666259766 -4.810586929321289 -5.2419281005859375 -6.337707996368408 -5.99334716796875 -5.63112735748291 -5.073643207550049 -6.224506378173828 -6.790810585021973 -6.9733686447143555 -7.710433006286621 -4.98491096496582 -5.271500587463379 -5.614787578582764 -6.267565727233887 -5.733833312988281 -6.424831390380859 -6.322837829589844 -8.460166931152344
eval_00317 24 -5.358717441558838 -6.071709156036377 -7.317465782165527 -5.405208587646484 -5.793078899383545 -5.601971626281738 -4.78775691986084 -5.632690906524658 -6.612942695617676 -3.7252395153045654 -7.010851860046387 -6.115511417388916 -6.636416912078857 -6.415910720825195 -7.394690990447998 -6.255947589874268 -3.0476467609405518 -7.879056930541992 -7.058403968811035 -7.385048866271973 -4.559330463409424 -3.9009463787078857 -5.050917625427246 -0.20509926974773407 -4.793179988861084 -5.4666571617126465 -4.798917293548584 -4.948721885681152 -5.690799713134766 -6.64255428314209 -6.422962188720703
eval_00155 21 -5.867965221405029 -6.975306510925293 -5.974001407623291 -5.418033599853516 -6.048917770385742 -4.030880928039551 -5.37631893157959 -5.419929027557373 -6.615006446838379 -5.733242034912109 -4.778416633605957 -5.5722880363464355 -6.190412521362305 -4.926911354064941 -5.716119766235352 -3.4516944885253906 -4.324933052062988 -4.885152816772461 -4.123667240142822 -4.81957483291626 -0.7170467376708984 -4.161820411682129 -2.2741951942443848 -4.446393013000488 -3.5698254108428955 -2.49033260345459 -4.337830066680908 -3.658694267272949 -3.4262259006500244 -3.715236186981201 -3.545191764831543
eval_00718 22 -4.658153533935547 -4.865749835968018 -5.187941551208496 -5.867868423461914 -4.525362968444824 -5.5136003494262695 -5.995649337768555 -3.567110300064087 -4.71571159362793 -4.040220737457275 -4.7193145751953125 -5.814493656158447 -5.655353546142578 -5.465733528137207 -5.294980525970459 -5.860915660858154 -3.6030540466308594 -4.914501190185547 -5.386872291564941 -6.7865214347839355 -4.336594581604004 -0.6925764083862305 -4.787614822387695 -1.6472697257995605 -4.761292457580566 -4.718775749206543 -3.686675548553467 -3.803673267364502 -5.553079605102539 -5.59678840637207 -3.0408520698547363
eval_00731 10 -2.872220516204834 -4.90492057800293 -4.835117340087891 -4.42348575592041 -4.40175199508667 -4.867354869842529 -4.041518211364746 -3.321589946746826 -5.550021171569824 -0.37092968821525574 -4.1837687492370605 -6.629202842712402 -5.761125564575195 -4.203494548797607 -6.179791450500488 -5.98950719833374 -3.5239920616149902 -6.328248023986816 -5.47086763381958 -7.418850898742676 -4.480515956878662 -5.95317268371582 -6.397010803222656 -4.237898826599121 -6.491696357727051 -4.4025726318359375 -4.534750461578369 -4.912272930145264 -4.892175674438477 -5.720268249511719 -7.562125205993652
eval_00007 20 -6.08149528503418 -4.062714576721191 -4.820181369781494 -6.525374412536621 -5.748211860656738 -8.510139465332031 -6.381313323974609 -6.677013397216797 -5.142633438110352 -6.794210433959961 -6.909404754638672 -6.065541744232178 -5.914759159088135 -6.346752166748047 -5.929539680480957 -2.345900058746338 -4.306858062744141 -2.962338447570801 -5.31416130065918 -0.6497420072555542 -5.335314750671387 -4.0243000984191895 -3.04848051071167 -5.718822002410889 -3.6832098960876465 -4.911734580993652 -3.294816017150879 -2.744912624359131 -3.4616994857788086 -4.637533187866211 -4.517914772033691
eval_00101 19 -6.350333213806152 -6.314044952392578 -6.142667770385742 -4.967491149902344 -5.901137351989746 -5.438199996948242 -5.667470932006836 -5.863520622253418 -5.545764923095703 -5.1798810958862305 -4.980755805969238 -4.724707126617432 -4.660248279571533 -6.448324203491211 -4.800300598144531 -6.08772087097168 -4.9460954666137695 -3.49432635307312 -0.8100135326385498 -3.4726669788360596 -5.548855781555176 -5.791023254394531 -3.577195405960083 -4.45493221282959 -5.678640365600586 -1.17620849609375 -4.580768585205078 -4.034946441650391 -4.26303768157959 -4.645201683044434 -5.583696365356445
eval_00562 21 -3.911078453063965 -4.892955780029297 -4.079345703125 -4.873436450958252 -4.846929550170898 -4.030202865600586 -4.816129207611084 -4.6808342933654785 -5.166689872741699 -5.265614986419678 -4.207754611968994 -5.3975067138671875 -5.121624946594238 -5.222214221954346 -4.848686695098877 -3.494873523712158 -2.470400810241699 -4.327969074249268 -3.106123924255371 -4.192352294921875 -1.1328434944152832 -3.1112213134765625 -3.7037672996520996 -3.43778920173645 -3.457155227661133 -3.443955659866333 -3.067190408706665 -2.999173402786255 -4.016926288604736 -3.600571632385254 -3.247249126434326
eval_00679 31 -5.870573997497559 -6.925610065460205 -5.147291660308838 -5.904813289642334 -5.0451579093933105 -2.5307798385620117 -6.321132659912109 -2.8356409072875977 -4.377621650695801 -6.858541011810303 -4.989473342895508 -4.807865142822266 -2.8889060020446777 -4.2755961418151855 -4.97654914855957 -4.995297431945801 -5.423051357269287 -5.5896735191345215 -5.1041483879089355 -6.2486772537231445 -5.314462661743164 -1.5117195844650269 -4.754227638244629 -2.5985498428344727 -2.6528263092041016 -4.6089301109313965 -7.209549903869629 -4.520153045654297 -5.545074462890625 -3.0562782287597656 -1.3404086828231812
eval_00681 20 -6.9697346687316895 -5.337719917297363 -6.001925468444824 -6.185219764709473 -5.917877197265625 -7.631033420562744 -7.21809196472168 -6.735163688659668 -5.974728107452393 -7.735074043273926 -6.903000831604004 -6.959996223449707 -5.8079705238342285 -7.267677307128906 -6.485964775085449 -2.747723340988159 -6.03231143951416 -3.9478096961975098 -3.8072669506073 -0.3277444541454315 -5.118551731109619 -6.917931079864502 -4.171690940856934 -7.491117000579834 -5.719799995422363 -4.010167598724365 -4.581009864807129 -4.451244354248047 -3.0878021717071533 -3.6221084594726562 -4.915762901306152
eval_00061 1 -0.5130638480186462 -2.0781168937683105 -4.350444793701172 -4.6317877769470215 -5.155109882354736 -4.731668472290039 -3.8871407508850098 -5.45041036605835 -3.947568893432617 -3.53757643699646 -4.379735946655273 -3.976529598236084 -3.1916098594665527 -3.679917812347412 -4.57334566116333 -5.975008964538574 -5.694712162017822 -5.6100754737854 -6.829768657684326 -5.465206623077393 -5.5787458419799805 -5.169759273529053 -5.966884136199951 -5.361097812652588 -6.2415080070495605 -5.738351821899414 -4.700987339019775 -6.260900020599365 -6.761651515960693 -5.089860439300537 -5.892495632171631
eval_00174 25 -6.1982598304748535 -5.3447585105896 -7.646852016448975 -8.563128471374512 -7.912416934967041 -6.998128414154053 -5.198878288269043 -6.598140239715576 -7.183481216430664 -6.3287434577941895 -8.519307136535645 -8.002069473266602 -9.171953201293945 -6.077084064483643 -6.810276508331299 -4.674376964569092 -4.144461631774902 -4.2468743324279785 -7.365164279937744 -6.853784084320068 -4.682113170623779 -4.49923849105835 -6.708766460418701 -5.508427143096924 -0.1336551457643509 -6.985426425933838 -3.732875108718872 -6.090094089508057 -5.679263591766357 -5.499045372009277 -6.544424533843994
eval_00623 26 -6.975640296936035 -7.529480934143066 -6.9757080078125 -5.910429000854492 -6.733369827270508 -3.943920612335205 -5.828454971313477 -4.9789934158325195 -5.837419509887695 -5.888733863830566 -5.432372093200684 -5.588047027587891 -4.134153366088867 -7.1023406982421875 -5.602411270141602 -5.586630821228027 -5.571804046630859 -4.341769695281982 -1.3429782390594482 -2.933046579360962 -5.237239837646484 -5.83953857421875 -3.6771135330200195 -4.31575345993042 -3.89994740486145 -0.8433458805084229 -5.6996307373046875 -3.496340274810791 -4.620368957519531 -3.233947992324829 -4.199339866638184
eval_00308 28 -7.394109725952148 -7.395625591278076 -6.43843412399292 -7.876913547515869 -6.363930702209473 -6.928623676300049 -7.38339376449585 -5.863500118255615 -7.569721698760986 -5.213593006134033 -6.936794757843018 -6.317713737487793 -6.374549388885498 -6.788811206817627 -7.460066318511963 -2.972564458847046 -5.828001022338867 -4.780525207519531 -5.089980602264404 -4.179576396942139 -5.409549713134766 -3.9164838790893555 -3.231499671936035 -5.864871025085449 -4.70827054977417 -3.4514687061309814 -7.804835796356201 -0.38472145795822144 -2.526496171951294 -4.069675445556641 -4.709548473358154
eval_00391 8 -3.3420839309692383 -3.3093771934509277 -3.3521077632904053 -3.609301805496216 -2.112725257873535 -2.4175286293029785 -5.4403462409973145 -1.9171204566955566 -4.777763843536377 -3.0807013511657715 -2.890106678009033 -5.039113521575928 -4.042792797088623 -4.884015083312988 -4.655742645263672 -4.0831828117370605 -3.7596354484558105 -5.697814464569092 -3.6058781147003174 -5.719827175140381 -2.2174172401428223 -4.35367488861084 -5.085481643676758 -3.11905837059021 -4.902975559234619 -4.791977882385254 -3.2987871170043945 -3.4935755729675293 -4.529265880584717 -5.0278215408325195 -4.943896293640137
eval_00176 28 -7.451358795166016 -7.247611045837402 -7.007890224456787 -6.954903602600098 -7.017210006713867 -7.689216613769531 -6.52187442779541 -6.642928600311279 -8.042637825012207 -5.7126030921936035 -6.439548969268799 -5.33105993270874 -8.041584014892578 -7.1327714920043945 -7.847649574279785 -3.405947685241699 -5.172905445098877 -4.37932014465332 -4.88723611831665 -3.9497222900390625 -5.441762447357178 -4.515353202819824 -2.7251362800598145 -6.156582355499268 -5.641554355621338 -3.3346290588378906 -5.639996528625488 -0.31066420674324036 -3.6133270263671875 -4.17356014251709 -6.218227386474609
eval_00309 15 -4.518538951873779 -3.7396204471588135 -3.0313944816589355 -3.7158660888671875 -4.82781457901001 -4.433346748352051 -3.8277924060821533 -4.6389946937561035 -3.8398396968841553 -5.790192604064941 -3.956861734390259 -2.827556848526001 -4.447658061981201 -3.035160541534424 -0.4735420346260071 -4.497016906738281 -5.804880142211914 -6.396997451782227 -6.282303810119629 -5.117868900299072 -6.054539680480957 -6.898767948150635 -5.993583679199219 -6.742717742919922 -4.972782611846924 -7.229626178741455 -5.2164435386657715 -7.356358051300049 -5.33713436126709 -5.88458251953125 -5.513845443725586
eval_00566 17 -6.825300693511963 -7.316026210784912 -6.848084449768066 -5.6521477699279785 -7.009586334228516 -8.258861541748047 -5.396783828735352 -8.458393096923828 -6.765422821044922 -5.67986536026001 -7.640782356262207 -8.51410961151123 -7.810125827789307 -8.171733856201172 -8.243322372436523 -8.286779403686523 -0.07860735058784485 -5.581211090087891 -6.919045448303223 -6.892284393310547 -6.3132452964782715 -6.078781604766846 -6.565028667449951 -4.656116008758545 -5.315160274505615 -7.082737922668457 -3.8111488819122314 -5.609186172485352 -6.46085262298584 -7.248785972595215 -6.068891525268555
eval_00687 14 -4.318606853485107 -5.106766223907471 -3.855356216430664 -5.096526622772217 -5.4482645988464355 -4.806886196136475 -3.0370965003967285 -4.350216865539551 -4.864224910736084 -4.597504138946533 -3.3640222549438477 -3.6744797229766846 -5.912119388580322 -0.3837009370326996 -2.447448968887329 -5.902770042419434 -7.156210422515869 -5.703392028808594 -6.389929294586182 -7.633810520172119 -5.320168495178223 -5.928218841552734 -6.6543097496032715 -6.369200229644775 -5.388798236846924 -6.950432300567627 -6.398497104644775 -6.666482925415039 -6.961360454559326 -6.775660991668701 -6.46270227432251
eval_00179 16 -6.293361663818359 -5.132955551147461 -4.961723804473877 -7.112172603607178 -5.312488079071045 -5.663123607635498 -7.401216983795166 -5.773757457733154 -6.660157680511475 -6.6236114501953125 -7.0318708419799805 -5.290439128875732 -5.353582382202148 -6.112113952636719 -5.719671249389648 -0.16296106576919556 -6.353498935699463 -5.859169006347656 -6.8438262939453125 -4.05809211730957 -5.381544589996338 -5.527215480804443 -4.581725597381592 -6.448091506958008 -4.240443229675293 -5.428753852844238 -6.384952545166016 -4.185571670532227 -4.450181484222412 -5.597890853881836 -4.654458045959473
eval_00601 3 -3.019497871398926 -3.3374650478363037 -1.4118590354919434 -2.568068504333496 -2.406658172607422 -3.695375919342041 -4.1681694984436035 -2.466660976409912 -4.385458469390869 -2.991459846496582 -2.652186155319214 -3.310930013656616 -4.244863510131836 -3.193148612976074 -3.4349420070648193 -4.329241752624512 -4.368941783905029 -4.989667892456055 -5.852441787719727 -5.351688385009766 -4.795666217803955 -4.256178855895996 -4.791243076324463 -5.221329689025879 -5.53286075592041 -5.537450790405273 -5.492864608764648 -4.901026725769043 -4.58984375 -4.7423810958862305 -4.829787731170654
eval_00362 17 -4.77958869934082 -6.236227989196777 -5.219405174255371 -5.494930267333984 -5.6269025802612305 -4.782282829284668 -4.898662567138672 -5.051494598388672 -3.6086597442626953 -5.564359664916992 -5.703512668609619 -7.268397808074951 -3.968477725982666 -5.966092109680176 -5.427338123321533 -4.781309127807617 -1.0891571044921875 -3.9889965057373047 -3.2054741382598877 -2.7481493949890137 -4.848138809204102 -5.728212833404541 -3.547907590866089 -4.664833068847656 -1.5737621784210205 -3.3512356281280518 -4.451588153839111 -4.395570278167725 -4.006933212280273 -3.1365718841552734 -3.030912399291992
eval_00588 30 -5.275414943695068 -4.982087135314941 -6.607235431671143 -5.8990092277526855 -6.60947322845459 -5.098198413848877 -5.569910526275635 -6.061617374420166 -4.329497814178467 -6.176414966583252 -5.92722225189209 -4.197671413421631 -4.6946702003479 -6.118735313415527 -5.310573577880859 -4.150819778442383 -4.618484020233154 -3.3600454330444336 -4.77544641494751 -2.7154793739318848 -3.6723673343658447 -3.9663021564483643 -3.7751107215881348 -3.909754991531372 -3.8813655376434326 -4.038995742797852 -3.7886264324188232 -4.558844566345215 -3.3830859661102295 -0.5914580225944519 -3.218839168548584
eval_00695 22 -5.571253776550293 -6.804430961608887 -5.319775581359863 -5.974282264709473 -5.257421016693115 -4.788508892059326 -6.206720352172852 -4.930352687835693 -5.239752769470215 -5.534468173980713 -5.173304557800293 -5.543679237365723 -4.678162574768066 -5.5126237869262695 -7.1288957595825195 -3.4288434982299805 -4.630971908569336 -3.4097704887390137 -4.776635646820068 -4.770751953125 -3.2719149589538574 -0.5302028656005859 -3.6984081268310547 -4.03964900970459 -3.3452746868133545 -4.340801239013672 -5.7900614738464355 -3.5449323654174805 -4.3144426345825195 -2.8928632736206055 -3.8160369396209717
eval_00293 27 -6.356223106384277 -6.399184703826904 -7.652316570281982 -5.203863143920898 -9.018471717834473 -6.559848785400391 -6.412120819091797 -8.069072723388672 -7.770137786865234 -6.167256832122803 -6.446353435516357 -7.510915279388428 -8.227389335632324 -7.162548542022705 -6.55941915512085 -7.098936080932617 -2.5035622119903564 -5.407932758331299 -7.768712520599365 -6.454578399658203 -3.711773633956909 -5.745245933532715 -5.806053161621094 -5.551428318023682 -5.560335159301758 -6.5618577003479 -0.18289116024971008 -7.15454626083374 -5.538242340087891 -5.552369594573975 -4.636075019836426
eval_00301 13 -3.8382177352905273 -4.024285793304443 -4.1686482429504395 -4.649571418762207 -4.215081691741943 -3.466081142425537 -5.617229461669922 -4.468561172485352 -3.644534111022949 -5.481499195098877 -4.540012359619141 -3.603626012802124 -0.3651988208293915 -4.937628269195557 -5.053218364715576 -5.282812118530273 -6.575510501861572 -5.979078769683838 -5.75343656539917 -4.179919242858887 -6.004288673400879 -5.715112209320068 -5.161892414093018 -5.834219455718994 -6.022220134735107 -5.185839653015137 -6.100535869598389 -6.146333694458008 -6.435835361480713 -4.446254730224609 -3.473541498184204
eval_00312 30 -6.564639091491699 -6.428128719329834 -8.07203483581543 -8.098984718322754 -9.061956405639648 -5.5297088623046875 -6.453420162200928 -6.657241344451904 -5.4813008308410645 -7.977254390716553 -6.92132043838501 -6.162865161895752 -6.235771179199219 -7.770972728729248 -6.157059192657471 -4.043438911437988 -5.614311218261719 -3.820160150527954 -5.5241498947143555 -3.247046947479248 -4.646280288696289 -5.918453216552734 -4.874144554138184 -6.5445709228515625 -3.6383767127990723 -5.17800235748291 -5.251548767089844 -5.118722915649414 -3.3486671447753906 -0.31362491846084595 -2.798760414123535
eval_00069 7 -6.882292747497559 -6.4147725105285645 -7.434814453125 -5.983863830566406 -6.024429798126221 -6.6417460441589355 -0.03980463370680809 -6.030852794647217 -6.449026107788086 -6.359533786773682 -8.358942031860352 -5.026072025299072 -8.446493148803711 -5.690206050872803 -7.1672282218933105 -8.092227935791016 -6.923831939697266 -7.797677040100098 -8.273845672607422 -9.3143310546875 -7.759250164031982 -7.5023908615112305 -9.119529724121094 -4.9948320388793945 -6.561346530914307 -8.033103942871094 -8.136584281921387 -7.918807029724121 -8.901773452758789 -8.64349365234375 -10.311409950256348
eval_00172 2 -4.346532344818115 -0.10964130610227585 -5.210231304168701 -6.234066963195801 -5.937061309814453 -5.270937919616699 -5.870694637298584 -5.801773548126221 -5.477865219116211 -6.504767417907715 -7.23846435546875 -4.662093639373779 -4.46381950378418 -4.263708114624023 -5.461627006530762 -6.155000686645508 -8.048035621643066 -5.0701398849487305 -7.769224166870117 -5.905253887176514 -6.695042610168457 -7.3812408447265625 -8.497847557067871 -7.676851272583008 -6.2461442947387695 -8.056300163269043 -6.801437854766846 -7.56405782699585 -6.890200614929199 -6.575176239013672 -5.661406993865967
eval_00414 25 -4.996384143829346 -5.256852626800537 -4.48573637008667 -4.402502536773682 -4.075789451599121 -5.095681667327881 -4.477715492248535 -4.492741107940674 -5.639549255371094 -4.181994915008545 -4.2889862060546875 -4.1683430671691895 -4.075223922729492 -4.668015956878662 -5.014396667480469 -2.233306884765625 -3.3247342109680176 -3.6955857276916504 -3.262277126312256 -3.5865721702575684 -3.1110739707946777 -2.6468968391418457 -2.8711118698120117 -3.528520107269287 -1.5150858163833618 -3.925309181213379 -3.486997365951538 -2.771669864654541 -3.364055633544922 -3.935117244720459 -4.159511089324951
eval_00078 16 -7.781219005584717 -6.247498035430908 -6.297932147979736 -7.950961112976074 -5.933779716491699 -5.95780611038208 -8.22148323059082 -7.044506072998047 -7.0053019523620605 -8.172492027282715 -7.578830718994141 -6.285904407501221 -5.666376113891602 -7.071385860443115 -6.766395568847656 -0.20490118861198425 -8.371997833251953 -6.497572422027588 -6.902602672576904 -3.2281463146209717 -4.446589469909668 -5.173451900482178 -4.0209784507751465 -6.171864032745361 -5.120236873626709 -5.7633819580078125 -8.2191801071167 -4.55967903137207 -3.428010940551758 -4.285527229309082 -3.9383976459503174
eval_00282 23 -7.204691410064697 -8.728158950805664 -7.376634120941162 -5.814915180206299 -6.1350226402282715 -8.568056106567383 -7.440803527832031 -9.720388412475586 -8.841230392456055 -6.563635349273682 -6.856057643890381 -6.34727144241333 -7.01588773727417 -8.050151824951172 -7.532987594604492 -3.12144136428833 -5.534092426300049 -7.4394917488098145 -6.847831726074219 -4.893918991088867 -4.059513568878174 -4.71021032333374 -0.2140059769153595 -5.78598690032959 -7.290678977966309 -4.838740348815918 -4.631346702575684 -4.272420406341553 -3.0301403999328613 -5.254108905792236 -5.007116317749023
eval_00144 14 -4.642326831817627 -5.019366264343262 -4.7273478507995605 -4.797308921813965 -6.937061309814453 -5.309569358825684 -2.4775352478027344 -5.723128318786621 -5.805024147033691 -3.887913703918457 -4.259372711181641 -3.7610812187194824 -7.015861511230469 -0.27824199199676514 -3.373138427734375 -6.840907573699951 -7.429651737213135 -6.6900224685668945 -7.9794921875 -9.22162914276123 -5.367607116699219 -5.998475074768066 -7.326576232910156 -6.282355308532715 -5.60211181640625 -8.011890411376953 -6.455533981323242 -7.759116172790527 -8.180948257446289 -7.604434490203857 -7.568943500518799
eval_00169 1 -1.1874818801879883 -2.3756589889526367 -3.919102668762207 -4.361756324768066 -2.9476406574249268 -4.1737847328186035 -3.718475818634033 -3.326694965362549 -3.3208916187286377 -2.708984375 -4.191270351409912 -3.738053798675537 -2.7768681049346924 -2.991581916809082 -3.5560901165008545 -4.390890121459961 -5.212425231933594 -4.198245525360107 -4.847478866577148 -4.196018695831299 -4.642851829528809 -5.121225357055664 -5.004519462585449 -4.6901397705078125 -5.033519268035889 -4.433729648590088 -4.739663124084473 -5.045661449432373 -4.191929340362549 -4.248377799987793 -4.76352596282959
eval_00609 2 -3.0867159366607666 -0.1601039469242096 -5.216757774353027 -5.869176864624023 -5.053908824920654 -6.058322906494141 -5.379737377166748 -5.783395290374756 -4.981968879699707 -5.686783790588379 -6.912909507751465 -4.548740863800049 -4.182060718536377 -4.588050842285156 -5.317662239074707 -5.9885125160217285 -7.362414360046387 -5.35933256149292 -7.487593650817871 -5.820892810821533 -6.500992298126221 -6.811634063720703 -7.815561294555664 -7.795047283172607 -6.276464462280273 -8.016834259033203 -5.587193489074707 -6.847344875335693 -7.198725700378418 -6.619959831237793 -6.453518867492676
eval_00517 7 -4.795663356781006 -5.280902862548828 -4.610132694244385 -4.723803520202637 -4.87923002243042 -3.8316750526428223 -0.3575092554092407 -4.038166522979736 -3.503293991088867 -6.2409586906433105 -4.861658573150635 -4.903476715087891 -5.623208522796631 -3.59421443939209 -3.9711713790893555 -4.579875946044922 -5.384814262390137 -5.3085246086120605 -4.304877758026123 -5.026407718658447 -5.844847202301025 -6.257433891296387 -6.107846736907959 -4.573120594024658 -3.4884204864501953 -4.330686569213867 -6.029174327850342 -5.3370161056518555 -5.778654098510742 -4.459636688232422 -6.476673126220703
eval_00225 20 -6.677771091461182 -6.320566654205322 -5.504315376281738 -6.400864124298096 -6.234794616699219 -5.515796184539795 -6.01501989364624 -5.250513076782227 -4.039844989776611 -7.800825595855713 -5.660841941833496 -6.353276252746582 -5.556860446929932 -6.001107692718506 -4.136633396148682 -3.066462516784668 -4.797813415527344 -3.7164664268493652 -2.1820807456970215 -0.9311984777450562 -4.798107624053955 -6.572597980499268 -3.209914207458496 -7.395745754241943 -2.9613990783691406 -3.4303746223449707 -5.153807163238525 -3.8464407920837402 -3.150578498840332 -3.0161805152893066 -2.383009910583496
eval_00359 30 -5.194033145904541 -5.289064407348633 -6.688194274902344 -7.1121416091918945 -7.37020206451416 -5.0839080810546875 -4.992919445037842 -5.463603973388672 -3.6385881900787354 -7.106014728546143 -5.820581912994385 -5.20490026473999 -4.470832347869873 -5.899049758911133 -5.238333225250244 -3.5039517879486084 -4.899658679962158 -3.5319454669952393 -4.83951997756958 -2.788325071334839 -4.339817523956299 -5.002856254577637 -4.048701763153076 -5.754570484161377 -3.2744174003601074 -4.737361431121826 -4.277711391448975 -4.861324787139893 -3.60307240486145 -0.5495271682739258 -2.730592727661133
eval_00171 19 -5.627875328063965 -5.748895168304443 -6.239089012145996 -4.854210376739502 -3.9032344818115234 -3.3681116104125977 -5.05551290512085 -4.965876579284668 -4.158610820770264 -5.7709856033325195 -4.724460124969482 -5.862339973449707 -4.511388301849365 -4.68339204788208 -4.311528205871582 -3.9268569946289062 -2.984781265258789 -4.414212703704834 -1.1667882204055786 -3.349186897277832 -3.36031436920166 -4.799206256866455 -2.27663516998291 -3.425001621246338 -2.8377389907836914 -3.1413016319274902 -2.6499361991882324 -4.020951271057129 -4.079090595245361 -3.833737850189209 -4.168285369873047
eval_00357 19 -6.313423156738281 -6.139122486114502 -5.31984281539917 -4.274286270141602 -5.0158843994140625 -5.434563159942627 -5.617511749267578 -4.846253871917725 -4.934586524963379 -5.335468769073486 -4.577491760253906 -4.42669677734375 -4.1406660079956055 -5.594540119171143 -4.246222972869873 -4.988266944885254 -3.850024700164795 -3.768725872039795 -0.46649253368377686 -3.3273396492004395 -4.7728166580200195 -4.893801212310791 -4.0602641105651855 -4.686344623565674 -4.684667587280273 -3.3322577476501465 -4.738005638122559 -4.802273750305176 -3.697814464569092 -3.9990878105163574 -3.6956639289855957
eval_00114 7 -5.669389247894287 -6.237893104553223 -6.043552875518799 -4.691877365112305 -5.440462589263916 -4.812727928161621 -0.1664448082447052 -4.801642894744873 -4.4270782470703125 -5.078122615814209 -5.667765140533447 -4.938835620880127 -6.142268180847168 -4.4678955078125 -5.282003402709961 -6.029572010040283 -5.143233776092529 -6.126356601715088 -5.577026844024658 -5.71476936340332 -6.18491792678833 -6.695828437805176 -6.085626125335693 -4.1341233253479 -4.815187454223633 -4.82586669921875 -6.248306751251221 -5.59346342086792 -6.334256649017334 -5.333667755126953 -7.235443592071533
eval_00137 4 -5.354441165924072 -5.608293056488037 -3.495842933654785 -0.35610002279281616 -3.6827878952026367 -3.4648635387420654 -3.861968517303467 -6.209808826446533 -6.558450222015381 -3.79256010055542 -3.334975242614746 -3.459643602371216 -3.63022780418396 -4.397468566894531 -3.994361400604248 -6.675917148590088 -5.276248931884766 -7.300511837005615 -5.790704727172852 -7.11505651473999 -7.777663230895996 -7.930370330810547 -5.394993782043457 -6.250685691833496 -7.595334529876709 -5.523443222045898 -4.851234436035156 -7.335648059844971 -6.70644474029541 -8.434656143188477 -7.42779541015625
eval_00515 26 -5.833208084106445 -6.566497802734375 -6.103961944580078 -4.093254089355469 -5.872225761413574 -4.881461143493652 -5.63237190246582 -5.726498603820801 -5.5258331298828125 -5.180819511413574 -4.945215225219727 -4.988298416137695 -4.4799652099609375 -6.448116302490234 -5.211722373962402 -5.305850028991699 -4.765755653381348 -4.232651710510254 -1.7416267395019531 -2.852243185043335 -5.303455352783203 -5.931571960449219 -2.5750043392181396 -5.151777267456055 -6.1512041091918945 -0.6956832408905029 -4.1845598220825195 -4.491540908813477 -3.959151029586792 -4.006348609924316 -5.989506721496582
eval_00058 26 -6.577235698699951 -6.430598735809326 -7.501360893249512 -6.262400150299072 -6.582418441772461 -5.47107458114624 -5.601792335510254 -4.815381050109863 -6.085219860076904 -4.311250686645508 -5.420340061187744 -4.9711503982543945 -5.266989707946777 -6.277028560638428 -6.513988494873047 -6.674880027770996 -5.861382484436035 -4.908330917358398 -2.1426570415496826 -4.589099407196045 -4.780848979949951 -5.023887634277344 -5.057741641998291 -2.7027158737182617 -5.387923240661621 -0.41664838790893555 -5.625265598297119 -3.7966854572296143 -4.894530296325684 -4.544953346252441 -5.076119899749756
eval_00454 9 -5.0416975021362305 -5.491551399230957 -5.995474338531494 -6.892227649688721 -4.43375825881958 -4.746774196624756 -5.103431701660156 -4.505720138549805 -0.11878855526447296 -8.913512229919434 -5.599886417388916 -7.375746726989746 -4.145822048187256 -5.627898693084717 -5.6888427734375 -7.122899532318115 -6.887592315673828 -6.864109039306641 -6.1879377365112305 -5.03588342666626 -7.646214485168457 -7.318760395050049 -7.795192241668701 -6.76960563659668 -5.594275951385498 -6.626076698303223 -7.925025939941406 -8.985997200012207 -9.020316123962402 -5.649831295013428 -4.637923717498779
eval_00262 8 -5.457123756408691 -5.016095161437988 -4.0573530197143555 -5.139845848083496 -4.226059913635254 -4.653794288635254 -5.265478134155273 -0.300246000289917 -3.7125298976898193 -4.604578971862793 -4.372115135192871 -3.8976638317108154 -5.825187683105469 -4.431125640869141 -4.001313209533691 -5.405218124389648 -6.6366729736328125 -6.856037139892578 -4.970863342285156 -6.480683326721191 -5.662165641784668 -4.137585639953613 -6.984723091125488 -3.2750585079193115 -5.890241622924805 -5.154867172241211 -6.468976974487305 -4.828120231628418 -6.336953163146973 -6.642426490783691 -7.053574562072754
eval_00119 13 -3.3058242797851562 -2.269230842590332 -4.1723527908325195 -4.805712699890137 -3.5055651664733887 -2.5752785205841064 -5.292868614196777 -2.5225319862365723 -3.522571563720703 -3.617490291595459 -3.742323398590088 -5.544487953186035 -2.1802139282226562 -3.6981701850891113 -4.1684746742248535 -3.5186076164245605 -5.868368625640869 -4.556778907775879 -3.9061570167541504 -2.7371206283569336 -4.685179710388184 -4.100768566131592 -4.053512096405029 -4.901657581329346 -3.1034164428710938 -3.9549782276153564 -5.450576305389404 -4.566438674926758 -2.880242347717285 -2.762531280517578 -3.4663658142089844
eval_00124 29 -7.283555030822754 -6.27766227722168 -5.994765281677246 -6.548388481140137 -6.995061874389648 -7.208770751953125 -6.53741455078125 -7.055794715881348 -7.135124206542969 -6.451716423034668 -6.431140899658203 -6.623871326446533 -7.946179389953613 -6.786098003387451 -5.85585880279541 -4.856891632080078 -4.670708179473877 -3.2357170581817627 -5.263314723968506 -4.461936950683594 -4.596569061279297 -5.305681228637695 -4.421500205993652 -6.462406158447266 -4.8293938636779785 -5.657361030578613 -5.289276123046875 -4.010104656219482 -0.2158432900905609 -3.592803955078125 -4.602709770202637
eval_00384 18 -5.144585609436035 -4.086225509643555 -5.0329742431640625 -5.4865522384643555 -4.021822929382324 -4.866201400756836 -4.606986045837402 -5.301569938659668 -4.918693542480469 -4.374577522277832 -5.457693099975586 -3.736128091812134 -3.043048143386841 -5.306532859802246 -5.53627872467041 -3.8655006885528564 -4.144627571105957 -1.108607530593872 -4.554160118103027 -3.301447868347168 -3.163752317428589 -3.4813926219940186 -3.912719488143921 -3.8639042377471924 -3.596353530883789 -4.26039981842041 -3.8003222942352295 -2.8429455757141113 -3.2573115825653076 -3.479151725769043 -2.284196376800537
eval_00131 1 -0.18273060023784637 -3.2557919025421143 -4.603093147277832 -6.230621814727783 -6.340612411499023 -5.774260520935059 -4.686854362487793 -6.343268394470215 -4.45625638961792 -4.399235248565674 -4.8473381996154785 -5.631613254547119 -4.573596477508545 -4.1259446144104 -5.353147506713867 -5.934561252593994 -6.169435501098633 -5.634521484375 -6.94581413269043 -6.45462703704834 -5.509328842163086 -6.101145267486572 -6.608184814453125 -6.848239898681641 -6.636702060699463 -6.549854755401611 -5.5309529304504395 -6.843749046325684 -7.203102111816406 -5.604344367980957 -6.051374912261963
eval_00297 15 -3.1723265647888184 -2.994372844696045 -2.9755663871765137 -4.6913042068481445 -4.744627952575684 -4.773299694061279 -2.5730457305908203 -3.808043956756592 -2.3813209533691406 -5.263400077819824 -4.274538993835449 -4.24780797958374 -4.92579984664917 -2.9323158264160156 -0.788345217704773 -4.555229663848877 -5.120366096496582 -5.459469795227051 -5.407620429992676 -4.297784328460693 -5.754275321960449 -5.859438896179199 -5.603666305541992 -5.804111480712891 -4.752981662750244 -5.978970527648926 -4.671172142028809 -6.530514717102051 -5.537968635559082 -4.844425678253174 -5.130618572235107
eval_00456 26 -6.150971412658691 -6.520206451416016 -6.837301254272461 -5.963572978973389 -6.920848369598389 -5.235426425933838 -5.633401870727539 -3.9559173583984375 -5.229416847229004 -4.83103084564209 -5.368420600891113 -4.552937030792236 -4.948062896728516 -6.194511413574219 -6.241358757019043 -6.651798248291016 -5.554531097412109 -5.106346607208252 -2.9800467491149902 -4.470371246337891 -4.947140216827393 -4.775866985321045 -4.017465591430664 -3.4545583724975586 -5.61856746673584 -0.3155049681663513 -5.416158199310303 -3.527425765991211 -5.422966957092285 -4.573276042938232 -5.545683860778809
eval_00390 18 -5.8057379722595215 -5.748712062835693 -4.805767059326172 -6.24925422668457 -6.281778335571289 -6.749637603759766 -5.087771415710449 -5.773697376251221 -5.895438194274902 -5.412756443023682 -5.828545570373535 -5.77866268157959 -7.2880425453186035 -6.387422561645508 -5.830752372741699 -4.01736307144165 -4.12963342666626 -0.38481006026268005 -3.9918675422668457 -3.442112445831299 -4.336251258850098 -4.361876010894775 -5.068082809448242 -7.063912868499756 -4.4247026443481445 -4.101345539093018 -3.7415518760681152 -3.8462681770324707 -2.9597721099853516 -3.795557737350464 -4.99207067489624
eval_00674 3 -3.9913387298583984 -4.787841320037842 -0.42925506830215454 -3.6965174674987793 -3.9457366466522217 -5.922868728637695 -4.76063871383667 -4.084489345550537 -4.076766490936279 -5.565616130828857 -2.7342143058776855 -5.105493068695068 -5.209046840667725 -2.9412169456481934 -3.247419834136963 -4.939517498016357 -5.361834526062012 -4.551424026489258 -5.231471061706543 -5.396460056304932 -6.376728534698486 -5.086381435394287 -5.931604385375977 -7.763235569000244 -5.893409252166748 -6.991774559020996 -6.1471333503723145 -5.664549350738525 -5.67017936706543 -6.212177276611328 -5.786816120147705
eval_00555 9 -4.322331428527832 -3.9511940479278564 -6.2967705726623535 -6.753260135650635 -4.239107131958008 -5.913987636566162 -4.995978832244873 -5.695772647857666 -0.10046730935573578 -7.022972583770752 -6.773528099060059 -6.2921833992004395 -5.070910930633545 -6.484351634979248 -6.459758281707764 -7.386815071105957 -5.945840835571289 -6.568586349487305 -6.7463555335998535 -6.339426517486572 -7.6939215660095215 -6.259190082550049 -8.281756401062012 -6.17455530166626 -7.341723442077637 -7.1300530433654785 -6.364050388336182 -8.495762825012207 -9.27006721496582 -6.611200332641602 -6.001399040222168
eval_00050 28 -5.3891801834106445 -4.690508842468262 -6.219996929168701 -4.63120174407959 -5.8726911544799805 -5.132801532745361 -5.506831169128418 -4.251974582672119 -5.604068756103516 -3.980825424194336 -5.088216304779053 -3.040297031402588 -5.35207986831665 -5.074613094329834 -5.0897297859191895 -5.069303035736084 -4.344914436340332 -3.3248085975646973 -4.015779495239258 -4.463188171386719 -3.9668831825256348 -3.224165439605713 -3.0650269985198975 -2.604271173477173 -4.309746742248535 -3.1512441635131836 -3.314188241958618 -0.8212523460388184 -4.039608955383301 -4.114988327026367 -3.751561164855957
eval_00561 6 -6.026874542236328 -6.20713996887207 -4.953125953674316 -1.7046222686767578 -4.721094131469727 -1.0769245624542236 -5.054636001586914 -4.15275764465332 -4.996496200561523 -4.407104969024658 -3.4128923416137695 -4.57673454284668 -2.8963394165039062 -3.582814931869507 -2.8864846229553223 -6.0968475341796875 -6.073822021484375 -6.395148277282715 -3.0960235595703125 -4.705811977386475 -6.199343681335449 -7.161635398864746 -3.660005807876587 -5.436777114868164 -5.407158851623535 -4.073723793029785 -5.496837615966797 -6.253411293029785 -6.189689636230469 -5.1667280197143555 -2.2501792907714844
eval_00140 1 -0.18041372299194336 -3.366447925567627 -4.85408878326416 -6.019361972808838 -6.198248386383057 -5.916628360748291 -4.675687313079834 -6.588755130767822 -3.6810052394866943 -4.780007362365723 -5.248095989227295 -6.488138675689697 -4.01481819152832 -4.683870315551758 -5.955119609832764 -6.260111331939697 -5.649829864501953 -5.880392074584961 -7.095997333526611 -6.125418186187744 -5.829258918762207 -5.955637454986572 -6.81721830368042 -6.757936000823975 -6.302901268005371 -6.829829216003418 -5.426324367523193 -7.1274309158325195 -7.921299457550049 -5.471839427947998 -5.824932098388672
eval_00202 21 -5.415719032287598 -5.613600254058838 -6.020991802215576 -5.916696071624756 -6.825250148773193 -5.33109188079834 -6.513359546661377 -6.946283340454102 -7.707398414611816 -6.120680332183838 -5.998067855834961 -6.019829750061035 -6.349681377410889 -5.658963203430176 -6.6174211502075195 -4.504661560058594 -5.360354423522949 -4.066889762878418 -7.026403427124023 -5.808854103088379 -0.2843256890773773 -4.598927974700928 -4.524572372436523 -5.39069128036499 -4.47501802444458 -5.300963401794434 -3.924933910369873 -5.349964141845703 -3.3275439739227295 -3.0713984966278076 -3.633657932281494
eval_00702 25 -4.865444183349609 -4.235612392425537 -5.638166904449463 -6.476903438568115 -6.710490703582764 -5.655792236328125 -5.736928462982178 -4.852534294128418 -5.785207271575928 -5.37018346786499 -7.19340181350708 -5.716619968414307 -6.502201080322266 -5.264828205108643 -6.059946537017822 -2.857271194458008 -4.280778884887695 -2.6479732990264893 -6.13108491897583 -4.207709312438965 -4.0183491706848145 -2.693937063217163 -4.595283031463623 -5.803247451782227 -0.7441886067390442 -5.103249549865723 -4.059213161468506 -4.841370105743408 -2.757476568222046 -2.3211147785186768 -4.565045356750488
eval_00164 7 -6.012957572937012 -5.952439308166504 -6.524410247802734 -5.362398624420166 -5.699625492095947 -6.151955604553223 -0.062417156994342804 -6.13035774230957 -5.805879592895508 -4.995816230773926 -7.4360527992248535 -5.384120464324951 -7.427862167358398 -5.46520471572876 -6.5857391357421875 -7.068289279937744 -5.855363368988037 -6.97416877746582 -7.09127140045166 -7.424134254455566 -6.959348678588867 -7.1595869064331055 -7.7549591064453125 -5.232626438140869 -6.215206146240234 -6.599920749664307 -6.864394664764404 -6.626691818237305 -7.90176248550415 -7.3137054443359375 -8.789521217346191
eval_00216 6 -3.161159038543701 -3.1782875061035156 -5.272999286651611 -4.250457763671875 -3.7127456665039062 -1.280480980873108 -4.363807678222656 -2.1485157012939453 -3.6931118965148926 -2.431309223175049 -3.834606647491455 -3.711984157562256 -2.4045310020446777 -3.9205093383789062 -4.474767208099365 -6.3719987869262695 -6.724140644073486 -6.122782230377197 -4.442716121673584 -6.013530254364014 -5.782768726348877 -5.360812187194824 -5.703359603881836 -2.752924919128418 -5.336241245269775 -2.8982653617858887 -6.274355411529541 -4.212252140045166 -5.412658214569092 -5.113597393035889 -5.737149238586426
eval_00495 2 -2.499281406402588 -1.1318129301071167 -2.7469162940979004 -3.4063544273376465 -2.7152109146118164 -4.620342254638672 -4.134049415588379 -3.804570198059082 -3.832336902618408 -2.792306423187256 -4.093222141265869 -3.2037787437438965 -3.3303050994873047 -2.892977714538574 -3.8122081756591797 -4.450623989105225 -4.970304489135742 -4.403929233551025 -5.6559600830078125 -4.692348957061768 -5.550724506378174 -3.3807334899902344 -5.423543453216553 -5.1466965675354 -5.385270118713379 -6.223660469055176 -4.965880870819092 -4.977041721343994 -5.359764575958252 -5.518924713134766 -4.658112049102783
eval_00536 18 -6.0116286277771 -5.340567111968994 -5.514193058013916 -6.574760913848877 -7.093961238861084 -8.08702564239502 -6.3622145652771 -7.151062488555908 -6.265462398529053 -6.343499183654785 -5.974793434143066 -6.970034122467041 -6.708645343780518 -6.608965873718262 -7.027342319488525 -5.277632236480713 -4.653881072998047 -0.13651043176651 -5.23370361328125 -4.45457124710083 -5.418830394744873 -5.479775905609131 -6.421576976776123 -8.502567291259766 -5.026122570037842 -6.304490566253662 -4.397964000701904 -5.437137603759766 -4.089359760284424 -4.4103264808654785 -5.355068206787109
eval_00318 13 -4.504039287567139 -4.639871597290039 -4.77902889251709 -4.365380764007568 -4.504810810089111 -5.006288528442383 -6.317211627960205 -6.521773815155029 -4.528713226318359 -5.636626720428467 -5.188453674316406 -3.8799338340759277 -0.14953960478305817 -6.471653938293457 -6.088378429412842 -5.9876203536987305 -6.816981792449951 -6.474895000457764 -6.647374629974365 -5.329212665557861 -7.363368511199951 -6.32598352432251 -5.791825771331787 -6.702944278717041 -8.096908569335938 -6.2255635261535645 -6.140544414520264 -7.242400646209717 -7.297924518585205 -6.841231346130371 -5.001088619232178
eval_00228 28 -6.565317153930664 -5.379142761230469 -4.977963447570801 -4.826883316040039 -6.306989669799805 -6.13969612121582 -5.470603942871094 -4.523083209991455 -5.704010009765625 -4.961176872253418 -5.587301254272461 -4.151830673217773 -6.274805068969727 -6.331060409545898 -5.592835426330566 -3.725477933883667 -4.068706512451172 -3.925832509994507 -3.410932779312134 -4.139042854309082 -4.647602081298828 -2.9270951747894287 -3.180190324783325 -3.0316638946533203 -4.12509822845459 -3.7930798530578613 -3.8321192264556885 -0.5971286296844482 -3.886451005935669 -4.3195953369140625 -4.170709609985352
eval_00408 17 -6.056851863861084 -7.300789833068848 -7.036927700042725 -5.450506687164307 -6.359025955200195 -8.592137336730957 -5.646778583526611 -8.357006072998047 -6.3167643547058105 -5.403684616088867 -8.026046752929688 -8.733738899230957 -8.202690124511719 -7.571324825286865 -8.510668754577637 -5.926156520843506 -0.10997457057237625 -6.289790153503418 -6.185732364654541 -6.769753932952881 -4.942627429962158 -4.618072032928467 -5.678824424743652 -4.717823028564453 -4.783000469207764 -6.678791522979736 -3.788104295730591 -5.938083171844482 -5.526889324188232 -5.425297260284424 -6.15949821472168
eval_00463 15 -5.837211608886719 -4.825422286987305 -2.5445477962493896 -4.541119575500488 -5.476285934448242 -5.290343284606934 -4.303069591522217 -4.167898178100586 -5.30374002456665 -5.493966102600098 -3.494173288345337 -4.1670637130737305 -7.259392738342285 -2.7807443141937256 -0.33612364530563354 -5.348633766174316 -7.187318325042725 -6.046079635620117 -6.051754951477051 -6.779799938201904 -6.071828365325928 -6.366083145141602 -6.611534118652344 -7.004483699798584 -5.791858673095703 -7.539821147918701 -6.20356559753418 -6.997147083282471 -5.814282417297363 -6.864474296569824 -6.6683149337768555
eval_00403 30 -5.8087663650512695 -5.9970221519470215 -7.432036876678467 -7.034261226654053 -8.347146987915039 -6.770542144775391 -6.250478744506836 -6.711573600769043 -5.3145341873168945 -7.565858840942383 -6.6938157081604 -6.738400459289551 -7.130303859710693 -6.8727192878723145 -6.469624042510986 -3.993013620376587 -5.010841369628906 -3.429797649383545 -5.134151935577393 -3.1335394382476807 -3.312711000442505 -4.883610248565674 -4.798247814178467 -6.22861909866333 -3.817800998687744 -5.083279609680176 -4.323153495788574 -4.891424179077148 -2.5774588584899902 -0.40048733353614807 -3.853912115097046
eval_00589 10 -3.696371078491211 -5.114367961883545 -4.717588901519775 -4.200981616973877 -4.374215602874756 -5.192763805389404 -4.470972537994385 -4.629661560058594 -5.527954578399658 -0.2066124826669693 -4.688284397125244 -5.7028679847717285 -4.743390083312988 -4.477499008178711 -6.568660259246826 -7.507633209228516 -4.32950496673584 -6.933807373046875 -6.161330699920654 -7.551449775695801 -5.435437202453613 -5.932458877563477 -6.5877838134765625 -4.484273433685303 -6.500526428222656 -5.217258453369141 -5.452731132507324 -5.858611106872559 -6.320233345031738 -6.86323356628418 -7.303647994995117
eval_00300 14 -3.3751370906829834 -3.7565290927886963 -3.995659112930298 -4.971757888793945 -4.384528160095215 -3.8750362396240234 -3.520442247390747 -3.448415756225586 -1.6513373851776123 -4.338112831115723 -2.6358559131622314 -4.228020668029785 -4.427673816680908 -1.310884714126587 -2.0044591426849365 -5.752524375915527 -5.497598648071289 -4.430913925170898 -3.975393772125244 -5.200254917144775 -4.914292812347412 -4.926292419433594 -5.820920944213867 -4.942599296569824 -4.7165937423706055 -5.342399597167969 -4.750148773193359 -6.337807655334473 -5.812580108642578 -4.7166852951049805 -4.518917083740234
eval_00029 20 -6.179587364196777 -5.650139808654785 -5.616000175476074 -5.566200256347656 -5.0387773513793945 -6.5796098709106445 -4.71319580078125 -5.823472023010254 -3.6633334159851074 -6.348918914794922 -6.628064155578613 -6.2863311767578125 -5.365413665771484 -6.160222053527832 -4.859230041503906 -3.3886117935180664 -3.4317238330841064 -3.2235751152038574 -3.4458670616149902 -1.5303142070770264 -4.177990913391113 -4.978644371032715 -3.1364870071411133 -5.8599853515625 -2.7317936420440674 -4.513785362243652 -4.3770856857299805 -4.70035457611084 -1.7396810054779053 -2.0386106967926025 -2.3457183837890625
eval_00106 23 -6.708763122558594 -7.830710411071777 -7.601018905639648 -6.6992363929748535 -6.558717727661133 -7.214095592498779 -8.715511322021484 -8.351494789123535 -8.59174633026123 -5.856545448303223 -6.4830780029296875 -6.717538833618164 -6.997241973876953 -7.5293450355529785 -7.467015266418457 -3.268543243408203 -5.524172782897949 -6.887035369873047 -7.51317024230957 -5.347846031188965 -4.423011779785156 -3.9433891773223877 -0.1701459437608719 -5.914735317230225 -6.870524883270264 -4.565609931945801 -4.952778339385986 -4.3569135665893555 -3.8494057655334473 -5.65045166015625 -5.48242712020874
eval_00686 14 -3.95003080368042 -5.09711217880249 -3.738884449005127 -4.99243688583374 -3.8982768058776855 -4.4938459396362305 -2.8857741355895996 -3.7345633506774902 -2.030888557434082 -5.150331497192383 -1.9249907732009888 -3.9924445152282715 -3.683778762817383 -1.5755654573440552 -2.1864004135131836 -5.873011112213135 -4.933300971984863 -3.8792214393615723 -3.1409482955932617 -4.905855178833008 -4.965709686279297 -5.140317916870117 -4.9975433349609375 -5.157741069793701 -4.7535810470581055 -4.907852649688721 -5.404730319976807 -5.531367778778076 -5.23998498916626 -4.545590877532959 -3.2143959999084473
eval_00559 4 -5.831018447875977 -6.39288330078125 -3.712705373764038 -0.2751729488372803 -5.372562408447266 -4.19797420501709 -3.370393991470337 -6.3246355056762695 -5.813621520996094 -4.422126770019531 -4.045167922973633 -3.1483452320098877 -4.604618072509766 -4.142374038696289 -4.120820999145508 -6.200329780578613 -5.242488861083984 -7.4567155838012695 -6.649140357971191 -6.012418746948242 -6.992674827575684 -6.187751770019531 -4.889551162719727 -6.26356315612793 -6.736797332763672 -6.0154619216918945 -5.392844200134277 -6.6001739501953125 -6.127259254455566 -7.032590866088867 -6.491628646850586
eval_00028 4 -7.300655364990234 -7.296656608581543 -4.58001708984375 -0.3191582262516022 -4.057061195373535 -2.4905037879943848 -4.528958320617676 -6.311740398406982 -7.118086814880371 -6.105920791625977 -3.051893949508667 -4.417881965637207 -4.366891384124756 -3.860382080078125 -3.6843373775482178 -7.7883992195129395 -7.649447441101074 -8.207063674926758 -4.351766109466553 -7.220236301422119 -7.5269365310668945 -8.49206829071045 -6.240355968475342 -6.377839088439941 -6.548892021179199 -5.595895767211914 -7.051063537597656 -7.8648905754089355 -7.3955817222595215 -8.407356262207031 -6.70829963684082
eval_00074 7 -5.746176242828369 -5.882582187652588 -5.7033281326293945 -5.283026218414307 -5.296439170837402 -5.516180038452148 -0.08839911222457886 -5.666332244873047 -6.075350761413574 -4.988227844238281 -7.139151573181152 -4.354928016662598 -7.618368625640869 -5.553788185119629 -5.9647417068481445 -6.350917339324951 -5.85130500793457 -6.374009609222412 -6.573622703552246 -7.236467361450195 -6.476037502288818 -7.073481559753418 -7.402079105377197 -5.537078857421875 -5.592597007751465 -6.284839153289795 -6.330197811126709 -5.63660192489624 -7.481240272521973 -6.917877197265625 -8.706820487976074
eval_00599 9 -4.7447967529296875 -4.835890769958496 -5.822237491607666 -7.546215057373047 -5.930999279022217 -6.068766117095947 -4.796766757965088 -4.992417812347412 -0.08924783766269684 -7.176474571228027 -5.965639591217041 -6.78678035736084 -5.507115364074707 -5.711671829223633 -5.9911298751831055 -6.921263217926025 -6.891023635864258 -5.641659736633301 -6.087530612945557 -5.586335182189941 -7.213407039642334 -5.632741928100586 -7.745039463043213 -5.581391334533691 -6.145131587982178 -6.333412170410156 -6.606205463409424 -7.566915512084961 -8.621306419372559 -5.984074115753174 -6.056522369384766
eval_00173 16 -6.986603736877441 -6.291389465332031 -4.703026294708252 -5.990786075592041 -6.101235389709473 -6.745914459228516 -6.045801639556885 -6.588427543640137 -6.845508575439453 -7.167205810546875 -6.9593024253845215 -4.748703956604004 -6.722081184387207 -6.089651107788086 -5.877593994140625 -0.24530306458473206 -5.641634464263916 -5.258291721343994 -6.933155059814453 -3.7279627323150635 -4.377532005310059 -4.666101932525635 -3.701550245285034 -7.129945755004883 -4.414638996124268 -5.523133277893066 -6.33028507232666 -3.9312744140625 -3.209611654281616 -4.565333843231201 -4.731126308441162
eval_00112 10 -2.171534538269043 -2.64436674118042 -3.5736212730407715 -4.488528251647949 -4.281840801239014 -4.458410263061523 -3.9007248878479004 -2.5762948989868164 -4.151915550231934 -1.16591477394104 -3.6313445568084717 -3.4620437622070312 -4.232558250427246 -3.693880319595337 -3.5731775760650635 -4.022243499755859 -4.040266036987305 -4.659562587738037 -4.851583480834961 -4.770724296569824 -4.829766273498535 -4.136798858642578 -4.640696048736572 -3.5538017749786377 -4.882981300354004 -4.283414840698242 -4.366713523864746 -3.8871049880981445 -4.477869033813477 -5.218076705932617 -5.041752815246582
eval_00304 10 -3.670806646347046 -5.090365409851074 -4.69673490524292 -4.195181369781494 -4.371945858001709 -5.176839828491211 -4.461826324462891 -4.614275932312012 -5.507871150970459 -0.20941275358200073 -4.672371864318848 -5.682812690734863 -4.718991756439209 -4.462089538574219 -6.552492141723633 -7.489287853240967 -4.333664894104004 -6.918254375457764 -6.1523637771606445 -7.533773899078369 -5.4278388023376465 -5.923063278198242 -6.583468437194824 -4.49097204208374 -6.496183395385742 -5.208056926727295 -5.442416667938232 -5.853203773498535 -6.324007987976074 -6.845696449279785 -7.2895636558532715
eval_00399 8 -5.7072296142578125 -5.446146488189697 -4.050452709197998 -5.278052806854248 -4.2401814460754395 -4.3308024406433105 -5.4181904792785645 -0.2739138603210449 -3.918199062347412 -4.6999831199646 -4.268585205078125 -4.263176918029785 -6.1907124519348145 -4.593558311462402 -4.2101545333862305 -5.579402923583984 -6.192910194396973 -6.68289852142334 -5.020717144012451 -6.576736927032471 -5.459645748138428 -4.176237106323242 -6.767817974090576 -3.44161319732666 -5.912851810455322 -5.162712574005127 -6.246488571166992 -4.531320095062256 -6.278844356536865 -6.419108867645264 -6.995695114135742
eval_00197 22 -5.562046051025391 -6.139476299285889 -3.606039524078369 -4.041017532348633 -3.6819941997528076 -4.311590194702148 -4.722118377685547 -4.223365783691406 -5.550373554229736 -4.643115997314453 -4.502406120300293 -3.593733787536621 -4.32136869430542 -4.228793621063232 -4.4737229347229 -3.9577994346618652 -3.8193445205688477 -3.5867862701416016 -4.345056533813477 -5.256295204162598 -3.2816386222839355 -1.2440948486328125 -4.655919075012207 -3.762751579284668 -3.2089571952819824 -4.239281177520752 -5.173099040985107 -3.6406776905059814 -2.6696887016296387 -3.535022735595703 -1.8004608154296875
eval_00033 25 -5.700226306915283 -4.458099365234375 -6.951886177062988 -6.4851155281066895 -6.9655375480651855 -6.295138835906982 -4.500241279602051 -6.1521382331848145 -6.796074867248535 -4.808957099914551 -7.351844787597656 -6.095152378082275 -7.730811595916748 -5.93064546585083 -6.695396423339844 -4.467048168182373 -3.136806011199951 -3.3902814388275146 -6.640626907348633 -5.250823497772217 -4.747231483459473 -2.8245832920074463 -4.762722015380859 -3.3911256790161133 -0.5941547751426697 -5.304035663604736 -2.3537683486938477 -2.8724803924560547 -3.6637847423553467 -4.735373020172119 -6.374741077423096
eval_00722 30 -5.22464656829834 -6.059360027313232 -7.574827671051025 -7.990684509277344 -7.912958145141602 -5.292072772979736 -6.325231552124023 -6.328914642333984 -5.894970893859863 -6.947940349578857 -6.429929733276367 -6.788120746612549 -5.701007843017578 -6.786853313446045 -7.0088276863098145 -5.012932300567627 -5.552579402923584 -3.6346333026885986 -4.888185501098633 -4.2058539390563965 -4.356472969055176 -5.66508150100708 -5.548535346984863 -5.39507532119751 -3.8900644779205322 -3.8558895587921143 -5.399440288543701 -5.79993200302124 -3.867480516433716 -0.21235673129558563 -4.85224723815918
eval_00360 6 -5.785472869873047 -5.31126070022583 -5.444702625274658 -2.802276372909546 -4.650951862335205 -0.25422266125679016 -6.716857433319092 -5.715549468994141 -6.557205677032471 -5.199103355407715 -2.92104172706604 -4.501003265380859 -3.712871551513672 -5.0408124923706055 -4.654555797576904 -7.211087703704834 -7.788787364959717 -7.454440116882324 -6.999428749084473 -7.8497772216796875 -6.2389631271362305 -5.8734965324401855 -6.123587608337402 -5.49512243270874 -7.04437255859375 -5.754742622375488 -5.881577491760254 -7.594545364379883 -6.625295639038086 -6.737978935241699 -6.747989177703857
eval_00125 31 -5.392125129699707 -6.017840385437012 -5.912636756896973 -6.80709171295166 -4.091512203216553 -4.209677696228027 -6.312763214111328 -5.467228889465332 -3.1386232376098633 -6.819406509399414 -5.574118614196777 -7.215656280517578 -4.353085517883301 -5.809282302856445 -5.316932678222656 -5.549054145812988 -2.1564507484436035 -4.302168846130371 -2.3456125259399414 -3.318984270095825 -4.626436233520508 -3.6205615997314453 -3.6891582012176514 -4.24240779876709 -3.1641948223114014 -3.1579830646514893 -3.9420344829559326 -5.115874290466309 -4.269431114196777 -3.5093257427215576 -0.9500563144683838
eval_00053 20 -6.598614692687988 -4.551329612731934 -5.857303619384766 -6.952715873718262 -5.922881603240967 -6.993157386779785 -6.775549411773682 -6.148664951324463 -5.552116394042969 -7.05592155456543 -6.689484596252441 -6.683850288391113 -5.540395736694336 -6.819219589233398 -6.0057878494262695 -3.4135260581970215 -5.785850524902344 -3.445873737335205 -2.5778121948242188 -0.46101367473602295 -4.544766426086426 -6.910192489624023 -4.12680196762085 -6.264858722686768 -5.210530757904053 -2.7993903160095215 -4.200749397277832 -3.8550872802734375 -3.602750778198242 -3.955066680908203 -4.635971546173096
eval_00616 18 -7.482697010040283 -6.707747459411621 -6.346242904663086 -8.127913475036621 -8.344172477722168 -8.06434154510498 -6.441331386566162 -6.839208602905273 -6.995299816131592 -6.856177806854248 -6.9421706199646 -6.976708889007568 -7.731941223144531 -6.648140907287598 -7.092784404754639 -4.958775043487549 -4.661371231079102 -0.23910745978355408 -5.082407474517822 -4.125380039215088 -4.928966999053955 -4.847433567047119 -6.185855865478516 -7.759868621826172 -3.942993402481079 -6.140531063079834 -5.3397216796875 -4.124878883361816 -3.1753578186035156 -3.1944563388824463 -4.045238494873047
eval_00511 12 -5.759264945983887 -6.108708381652832 -4.471059799194336 -1.7792408466339111 -4.735684394836426 -6.142792701721191 -2.058509588241577 -4.19307804107666 -4.594389915466309 -5.883052825927734 -3.879084825515747 -0.6356837749481201 -4.503381729125977 -4.111026287078857 -3.4119820594787598 -5.528168678283691 -5.922507286071777 -6.9346818923950195 -5.535432815551758 -6.293341636657715 -7.382857322692871 -7.589415550231934 -5.953246116638184 -5.620426177978516 -8.270763397216797 -6.290759086608887 -4.8659868240356445 -6.007699966430664 -6.404869079589844 -6.2603912353515625 -7.464364051818848
eval_00163 5 -4.803032875061035 -3.8536152839660645 -3.599252223968506 -2.71610689163208 -0.2878188192844391 -6.081923484802246 -4.690581798553467 -4.845277786254883 -4.491300582885742 -4.257986068725586 -5.553014755249023 -4.513899326324463 -3.859286069869995 -5.728476524353027 -5.47747278213501 -5.300421237945557 -5.635693550109863 -7.2725934982299805 -7.020512580871582 -6.25055456161499 -7.413898944854736 -5.649081230163574 -5.946434020996094 -5.2535810470581055 -7.2226715087890625 -7.390667915344238 -7.045989036560059 -5.291081428527832 -5.279745578765869 -8.367761611938477 -5.9666242599487305
eval_00462 9 -4.305204391479492 -4.667500019073486 -5.928256988525391 -7.316817760467529 -5.825789928436279 -5.886806011199951 -3.6707193851470947 -5.463469982147217 -0.12749162316322327 -6.9760918617248535 -6.061595439910889 -6.536587238311768 -5.250205039978027 -5.443639278411865 -5.592223167419434 -6.373544216156006 -6.197596549987793 -5.805132865905762 -6.200055122375488 -5.177180290222168 -7.092396259307861 -5.799081325531006 -7.342408657073975 -5.379427433013916 -5.711333751678467 -6.284481525421143 -5.869688510894775 -6.959754943847656 -8.518843650817871 -5.553077220916748 -5.661665916442871
eval_00212 3 -4.359603404998779 -4.118378639221191 -0.3639259934425354 -3.2913002967834473 -3.191607713699341 -6.380526542663574 -5.310327053070068 -4.384069442749023 -4.324760913848877 -4.964746952056885 -3.4249706268310547 -4.234591007232666 -5.086789131164551 -3.7918457984924316 -3.1448323726654053 -5.141479015350342 -5.423449993133545 -5.261956214904785 -5.7211079597473145 -5.993932723999023 -7.047985076904297 -5.633667945861816 -6.328403949737549 -7.5997490882873535 -6.507931709289551 -7.496179580688477 -6.061678886413574 -6.331694602966309 -6.028249263763428 -7.453498840332031 -6.018590450286865
eval_00057 2 -2.189281940460205 -1.5702528953552246 -4.644481182098389 -5.96171236038208 -4.760704040527344 -3.6787490844726562 -4.4918012619018555 -3.2148351669311523 -3.2178022861480713 -4.701272964477539 -5.3498406410217285 -4.726211071014404 -2.1965112686157227 -2.7775726318359375 -4.247669696807861 -4.154639720916748 -5.7614359855651855 -3.6187751293182373 -4.2671403884887695 -3.139998435974121 -4.723891258239746 -4.712789535522461 -5.688107490539551 -4.8175435066223145 -2.966707229614258 -5.200319766998291 -5.467212677001953 -5.524674415588379 -4.28570032119751 -2.7904462814331055 -2.820361614227295
eval_00473 5 -3.9293174743652344 -4.002037048339844 -3.2943296432495117 -3.4554591178894043 -0.40995320677757263 -4.052972793579102 -4.384062767028809 -3.8077499866485596 -3.7118284702301025 -4.409256935119629 -3.929901123046875 -5.406013488769531 -4.172220230102539 -3.450887441635132 -3.8125977516174316 -4.926246643066406 -5.634185314178467 -7.058804988861084 -5.811535835266113 -5.801265716552734 -6.836195945739746 -5.690062046051025 -5.472917556762695 -5.450923919677734 -6.111359119415283 -6.635746955871582 -6.941108226776123 -5.245066165924072 -5.365889549255371 -7.355092525482178 -6.222726345062256
eval_00489 8 -5.2590789794921875 -4.850377082824707 -4.585910320281982 -6.105953216552734 -5.154815196990967 -4.683675765991211 -5.084583759307861 -0.158299520611763 -4.794154644012451 -4.329444408416748 -5.478630065917969 -4.311651706695557 -6.206413269042969 -4.390687465667725 -4.737757205963135 -6.10428524017334 -7.143557548522949 -6.571401119232178 -6.3858723640441895 -7.020749092102051 -6.946813583374023 -4.891950607299805 -8.082345962524414 -4.687946796417236 -5.984004974365234 -5.227170944213867 -7.591426849365234 -6.134941577911377 -7.415879249572754 -6.886572360992432 -7.883753776550293
eval_00467 8 -6.264057159423828 -5.853644371032715 -5.096487045288086 -6.180046558380127 -4.65325403213501 -4.1793718338012695 -5.9157490730285645 -0.16823120415210724 -4.802340984344482 -5.714634418487549 -5.179293632507324 -5.289401531219482 -5.5823469161987305 -5.404829502105713 -5.952427387237549 -5.202191352844238 -6.804256916046143 -5.724790573120117 -4.5181121826171875 -6.295613765716553 -4.936551570892334 -5.042299270629883 -7.092221260070801 -4.432122230529785 -5.656993865966797 -4.36765193939209 -7.283011436462402 -4.8069891929626465 -6.230722904205322 -5.593132019042969 -6.4461188316345215
eval_00409 15 -4.649646282196045 -4.3500471115112305 -2.9860751628875732 -4.012344837188721 -4.771653175354004 -4.794209003448486 -5.263776779174805 -3.9649782180786133 -4.416162490844727 -5.438096046447754 -3.3714053630828857 -3.841932535171509 -5.43294095993042 -2.967808485031128 -0.3530222773551941 -5.879372596740723 -6.691410541534424 -6.116405010223389 -5.751296043395996 -6.18902587890625 -6.277229309082031 -6.547558784484863 -5.967416286468506 -6.731784343719482 -6.175408840179443 -7.080962181091309 -5.714499473571777 -7.361242771148682 -5.2225775718688965 -6.161680698394775 -5.3819899559021
eval_00513 13 -3.6394758224487305 -3.6115012168884277 -4.099127292633057 -3.514976978302002 -3.9080634117126465 -3.162199020385742 -4.906929016113281 -3.70003604888916 -3.7225394248962402 -4.30318021774292 -4.434781551361084 -3.621997356414795 -0.5712097883224487 -4.571423530578613 -4.4958014488220215 -5.242703437805176 -5.678341388702393 -4.5748491287231445 -4.546391010284424 -4.004431247711182 -5.554605007171631 -5.082531929016113 -4.86765193939209 -4.45337438583374 -5.1818928718566895 -4.528476238250732 -5.031023979187012 -5.233640193939209 -4.778552055358887 -4.44732141494751 -4.041259288787842
eval_00334 12 -4.122422695159912 -4.054040431976318 -4.235574722290039 -2.2406744956970215 -3.2769336700439453 -3.0633511543273926 -2.573448657989502 -2.740875244140625 -3.419527053833008 -3.3273091316223145 -2.8691725730895996 -1.695860505104065 -2.8294601440429688 -2.323734760284424 -3.4164719581604004 -6.642120361328125 -6.409618854522705 -6.510284423828125 -4.789938449859619 -5.621630668640137 -6.005497932434082 -5.911795616149902 -5.653382301330566 -2.7584877014160156 -5.6262359619140625 -4.140209197998047 -6.0684428215026855 -5.478266716003418 -5.671939849853516 -6.215112209320068 -6.292079448699951
eval_00070 22 -5.477792739868164 -5.920070648193359 -5.442100524902344 -5.071428298950195 -6.492709159851074 -4.324603080749512 -5.1978654861450195 -3.6481680870056152 -6.250680923461914 -5.0246734619140625 -5.663922309875488 -5.054815292358398 -7.2986650466918945 -5.5485429763793945 -6.535743713378906 -4.211874961853027 -4.902120590209961 -5.714114189147949 -7.969688415527344 -6.931384086608887 -4.3205976486206055 -0.5045034885406494 -3.97019362449646 -2.7169454097747803 -4.171919345855713 -5.043185234069824 -5.238877296447754 -2.043412923812866 -5.011561393737793 -4.415678024291992 -4.904520034790039
eval_00012 14 -3.4210493564605713 -4.958451747894287 -3.8250560760498047 -5.061034679412842 -4.782993316650391 -4.916011333465576 -4.470240116119385 -3.224731206893921 -4.037065505981445 -4.464242935180664 -2.7780089378356934 -4.174381732940674 -3.777191638946533 -0.6259724497795105 -2.8274502754211426 -5.304503440856934 -5.962156772613525 -3.838613748550415 -4.273916244506836 -5.217559337615967 -4.489175796508789 -4.743793964385986 -5.067014217376709 -5.799640655517578 -4.395416736602783 -5.248350143432617 -5.904028415679932 -5.684396266937256 -5.30263090133667 -4.190159320831299 -3.9015021324157715
eval_00346 11 -3.257162094116211 -3.7617504596710205 -2.9673922061920166 -4.948765754699707 -2.407076835632324 -4.756186485290527 -3.045870304107666 -4.027287006378174 -2.3524086475372314 -2.96085524559021 -1.6040925979614258 -3.474538803100586 -3.81386399269104 -2.187351942062378 -2.825507640838623 -4.46754264831543 -5.1993184089660645 -4.56298828125 -4.061720848083496 -4.665557861328125 -4.252779483795166 -5.100242614746094 -4.902249813079834 -4.79898738861084 -5.371268272399902 -5.099832057952881 -4.511436462402344 -4.704184532165527 -4.483978271484375 -5.254535675048828 -5.147698879241943
eval_00191 30 -5.585285186767578 -5.203185558319092 -6.372137546539307 -6.292418003082275 -6.863855838775635 -5.205377578735352 -6.296228885650635 -5.643144607543945 -4.543873310089111 -6.820807456970215 -6.076009273529053 -5.768118381500244 -5.677034854888916 -6.2810235023498535 -5.134620189666748 -3.8725075721740723 -4.752281665802002 -3.397277355194092 -4.875406265258789 -3.3831734657287598 -3.023092269897461 -3.946126937866211 -4.33176326751709 -3.908447742462158 -3.281280517578125 -4.336236476898193 -3.8793725967407227 -4.976154804229736 -2.6628780364990234 -0.6225084066390991 -2.870009422302246
eval_00345 23 -5.626805305480957 -6.568887710571289 -6.049570560455322 -4.378216743469238 -5.857232093811035 -5.443750381469727 -5.102052688598633 -7.413149833679199 -4.6922430992126465 -5.502157688140869 -5.290283203125 -5.741223335266113 -5.460336685180664 -5.039389610290527 -5.047868251800537 -2.055939197540283 -3.315863609313965 -4.231386184692383 -3.3466100692749023 -2.933584690093994 -3.5314865112304688 -3.394137382507324 -1.7358084917068481 -5.835596561431885 -1.830227255821228 -3.0575942993164062 -2.8581438064575195 -5.251659870147705 -2.5546278953552246 -2.8474812507629395 -4.370753288269043
eval_00552 31 -5.322227478027344 -5.993431091308594 -5.651457786560059 -7.439643383026123 -5.993674278259277 -7.0256667137146 -9.450444221496582 -7.363097190856934 -7.241589546203613 -6.787210941314697 -6.343865394592285 -9.694206237792969 -7.504058837890625 -7.613372325897217 -6.79357385635376 -4.961902141571045 -3.0580668449401855 -6.1969218254089355 -7.520458698272705 -6.810940742492676 -5.331921577453613 -3.8512697219848633 -5.967022895812988 -7.371941089630127 -6.678514003753662 -7.8128862380981445 -5.186459541320801 -6.703271865844727 -4.857285022735596 -5.469435691833496 -0.13788743317127228
eval_00039 29 -5.522592067718506 -5.036948204040527 -5.103683948516846 -4.258771896362305 -3.815659999847412 -5.336772918701172 -5.941605567932129 -6.2555084228515625 -4.806553840637207 -5.262463092803955 -5.1950483322143555 -5.441967487335205 -4.205080986022949 -5.932369709014893 -5.0497355461120605 -3.6943798065185547 -4.033447265625 -3.9232535362243652 -3.6515040397644043 -2.88145112991333 -3.901188373565674 -3.485118865966797 -2.486985683441162 -3.7667312622070312 -4.138148784637451 -3.6928701400756836 -3.769153594970703 -3.43214750289917 -0.8936721086502075 -3.014674663543701 -3.360133171081543
eval_00581 26 -6.419466495513916 -7.776272773742676 -6.42235803604126 -5.1273627281188965 -6.44697904586792 -5.532248497009277 -5.236566066741943 -6.024425029754639 -5.612403392791748 -5.631410121917725 -5.334957599639893 -5.4357757568359375 -5.85230827331543 -6.668426036834717 -6.037740230560303 -4.948896884918213 -4.5277862548828125 -3.9314379692077637 -2.3647518157958984 -2.8148701190948486 -5.1588521003723145 -5.013209342956543 -3.2609148025512695 -5.3632588386535645 -5.58221960067749 -0.45735886693000793 -5.126485824584961 -4.449363708496094 -4.421569347381592 -3.2399635314941406 -6.311580181121826
eval_00538 7 -4.252290725708008 -4.285882949829102 -4.484509468078613 -4.305243492126465 -5.238828659057617 -5.096927642822266 -0.27302223443984985 -4.509254455566406 -4.23567533493042 -4.347927093505859 -5.337228298187256 -3.668891191482544 -5.476438522338867 -4.0422682762146 -4.4980692863464355 -5.213516712188721 -4.883713245391846 -5.180700778961182 -5.922184944152832 -5.487947940826416 -5.6292829513549805 -5.727484703063965 -5.864595890045166 -4.910705089569092 -5.354689598083496 -5.341653823852539 -5.268796443939209 -4.959255695343018 -6.3516364097595215 -5.138303279876709 -6.617794513702393
eval_00520 31 -5.466130256652832 -6.021106243133545 -5.585592269897461 -7.273472309112549 -5.7595038414001465 -6.904922962188721 -9.262255668640137 -7.262486934661865 -7.421387195587158 -6.722715854644775 -6.322314262390137 -9.482954978942871 -7.654188632965088 -7.623138904571533 -6.807348728179932 -4.902848243713379 -3.088712215423584 -6.466154098510742 -7.57487154006958 -7.004796028137207 -5.439172267913818 -3.846809148788452 -6.014252662658691 -7.361839771270752 -6.9320197105407715 -7.877889156341553 -5.270166397094727 -6.661462783813477 -4.9096832275390625 -5.672458171844482 -0.13366453349590302
eval_00035 15 -4.673464775085449 -4.415170192718506 -2.9534339904785156 -3.9920706748962402 -4.741526126861572 -4.748537540435791 -5.294957160949707 -3.9843177795410156 -4.414840221405029 -5.496517658233643 -3.356874465942383 -3.889991283416748 -5.416815757751465 -2.9653830528259277 -0.3532508909702301 -5.858079433441162 -6.670964241027832 -6.115285396575928 -5.78563117980957 -6.162195682525635 -6.300417423248291 -6.561370372772217 -6.031069278717041 -6.77262544631958 -6.179732799530029 -7.1040472984313965 -5.7701520919799805 -7.4034833908081055 -5.227900981903076 -6.139104843139648 -5.378965377807617
eval_00166 19 -5.810025215148926 -5.012841701507568 -6.514087200164795 -4.249356269836426 -4.224765777587891 -3.4129996299743652 -5.876827716827393 -4.551993370056152 -4.782076835632324 -6.069690704345703 -5.131612300872803 -5.650665283203125 -4.479795932769775 -4.632994651794434 -4.566041469573975 -5.774906635284424 -2.5738701820373535 -5.348573207855225 -1.4790815114974976 -4.217497825622559 -3.552910804748535 -4.476258754730225 -2.7170610427856445 -2.099384307861328 -2.6889448165893555 -2.9850704669952393 -1.9712649583816528 -3.69974422454834 -5.681431293487549 -5.102626323699951 -4.212226390838623
eval_00250 19 -7.677775859832764 -7.269370079040527 -6.108705520629883 -5.023782730102539 -5.657156467437744 -5.40664005279541 -5.592676162719727 -6.0380539894104 -5.3898115158081055 -6.860913276672363 -5.083799362182617 -5.595570087432861 -5.524461269378662 -6.0824785232543945 -4.80697774887085 -5.529914855957031 -5.511902332305908 -4.2991042137146 -0.2398805320262909 -3.727888584136963 -5.296696662902832 -5.99466609954834 -4.238523960113525 -5.803232192993164 -5.127995014190674 -3.100985050201416 -5.442344665527344 -5.305538177490234 -4.35917329788208 -4.427065849304199 -5.594003677368164
eval_00591 4 -5.719964504241943 -6.256275653839111 -4.489645481109619 -0.13130240142345428 -4.099418640136719 -5.425096035003662 -5.484795093536377 -6.165029048919678 -6.665899753570557 -4.441962718963623 -4.101416110992432 -5.424263000488281 -4.925602912902832 -5.060803413391113 -5.145108699798584 -7.93344259262085 -6.147510051727295 -7.921382427215576 -5.195102214813232 -6.80463171005249 -7.952529430389404 -8.383004188537598 -5.3672661781311035 -6.250406742095947 -8.099013328552246 -5.896757125854492 -5.370211124420166 -7.365332126617432 -7.35896635055542 -9.099333763122559 -8.62547779083252
eval_00655 28 -5.902562141418457 -4.944042205810547 -5.513680458068848 -5.199019432067871 -5.657876014709473 -6.321619510650635 -4.708677768707275 -5.507959842681885 -5.675700664520264 -4.024724960327148 -5.271724224090576 -4.834098815917969 -6.95723295211792 -5.6261725425720215 -5.234207630157471 -2.827479600906372 -3.453493118286133 -3.8285984992980957 -3.7436540126800537 -3.6976687908172607 -4.770251750946045 -3.603397846221924 -2.6207549571990967 -4.488763809204102 -4.352492809295654 -3.7788102626800537 -1.993129014968872 -1.05464506149292 -2.2360289096832275 -4.929314613342285 -5.856762409210205
eval_00366 9 -4.2031049728393555 -4.003045082092285 -4.2356462478637695 -6.592535972595215 -4.296595096588135 -4.966774940490723 -4.42351770401001 -3.8223764896392822 -0.17394743859767914 -7.184521675109863 -5.400160312652588 -7.501092433929443 -6.186480522155762 -5.720492839813232 -5.338306427001953 -5.993544101715088 -5.46018648147583 -5.7961835861206055 -6.158819675445557 -5.592339515686035 -6.527579307556152 -5.155695915222168 -7.306848526000977 -5.99761962890625 -5.615594863891602 -5.969760417938232 -6.212552070617676 -6.513124465942383 -7.397554397583008 -5.988005638122559 -6.587170600891113
eval_00406 28 -6.593806743621826 -6.33347225189209 -6.049482822418213 -6.274926662445068 -6.263628959655762 -7.07457160949707 -5.753178596496582 -5.560163974761963 -7.911362648010254 -4.561254024505615 -6.349025249481201 -5.3615641593933105 -8.122032165527344 -6.4922709465026855 -7.152350902557373 -2.6881613731384277 -4.1521148681640625 -4.79254150390625 -5.037368297576904 -4.69545841217041 -3.7595949172973633 -4.046669960021973 -2.990856647491455 -4.800378799438477 -4.709985733032227 -3.8328909873962402 -4.348516464233398 -0.4257267713546753 -2.9650583267211914 -5.013211727142334 -6.898721218109131
eval_00203 8 -3.7558035850524902 -4.15481424331665 -3.6556482315063477 -4.101052761077881 -3.0937180519104004 -2.5718698501586914 -5.388423442840576 -1.839429497718811 -4.318978309631348 -3.4979560375213623 -3.072660446166992 -4.134843826293945 -2.9373254776000977 -2.7741284370422363 -3.748055934906006 -3.7990312576293945 -4.873999118804932 -4.5125651359558105 -2.7937583923339844 -4.338962554931641 -3.4160149097442627 -3.887361526489258 -3.8186774253845215 -3.611649990081787 -3.5022168159484863 -3.9769201278686523 -5.152900695800781 -3.9595532417297363 -4.014552593231201 -3.4527692794799805 -3.0473029613494873
eval_00494 29 -6.349945545196533 -6.05293083190918 -6.244274616241455 -5.697842121124268 -5.062023639678955 -7.1268205642700195 -5.881764888763428 -7.285193920135498 -6.7700090408325195 -4.4281206130981445 -6.7430315017700195 -6.48470401763916 -6.418173789978027 -6.420726299285889 -5.88236665725708 -6.06226921081543 -3.6880316734313965 -4.666698932647705 -5.7336649894714355 -5.4532856941223145 -5.087271690368652 -5.612141132354736 -5.089593887329102 -5.448882102966309 -5.255960464477539 -5.752951622009277 -5.434288024902344 -5.209577560424805 -0.1487218588590622 -4.975221633911133 -5.011056900024414
eval_00696 5 -5.294200897216797 -4.877028465270996 -3.697255849838257 -3.6856703758239746 -0.15446500480175018 -6.283960819244385 -5.684905052185059 -5.016232490539551 -4.9903740882873535 -4.733919143676758 -5.692765712738037 -5.160726070404053 -4.8388566970825195 -5.619107723236084 -5.851390361785889 -4.984508037567139 -6.124634265899658 -7.943366527557373 -6.952939510345459 -6.874292850494385 -7.74490213394165 -5.848743915557861 -5.903510570526123 -5.610413074493408 -6.995114803314209 -7.761708736419678 -8.460988998413086 -5.58325719833374 -6.1830220222473145 -8.457273483276367 -6.9836506843566895
eval_00009 20 -7.654405117034912 -4.875251293182373 -6.896113395690918 -8.305506706237793 -7.429660797119141 -8.936201095581055 -7.958787441253662 -7.976502895355225 -6.301526069641113 -8.539950370788574 -9.022122383117676 -5.953479766845703 -5.435336112976074 -8.6970796585083 -6.98999547958374 -3.9177052974700928 -6.508434295654297 -3.922651529312134 -5.973922252655029 -0.1216641515493393 -6.36213493347168 -8.359167098999023 -5.769909381866455 -8.403057098388672 -6.572158336639404 -5.361131191253662 -5.614848613739014 -5.656741142272949 -4.428376197814941 -4.54692268371582 -4.733426570892334
eval_00569 12 -6.781904697418213 -5.439253330230713 -5.627124786376953 -5.079543590545654 -7.021758556365967 -5.706082344055176 -3.7276968955993652 -5.526804447174072 -7.295834064483643 -5.648330211639404 -5.85089635848999 -0.09837967157363892 -5.992623329162598 -4.6753339767456055 -4.4467902183532715 -6.4170098304748535 -8.736320495605469 -6.4828009605407715 -7.246018886566162 -6.897834777832031 -7.439373970031738 -7.248044490814209 -6.553164482116699 -6.831276893615723 -8.612896919250488 -6.688836574554443 -7.679488658905029 -5.788840293884277 -7.577601909637451 -7.185116291046143 -7.669849872589111
eval_00606 11 -4.337258815765381 -5.974568843841553 -3.0978376865386963 -4.094642162322998 -4.91381311416626 -4.1965436935424805 -4.75739049911499 -4.7998366355896 -5.274482727050781 -4.768502712249756 -0.38857415318489075 -4.362881183624268 -5.5645341873168945 -2.6256141662597656 -2.919487476348877 -5.254619598388672 -6.406332015991211 -5.3366241455078125 -5.781728267669678 -7.1698994636535645 -5.2686896324157715 -5.620160102844238 -5.324658393859863 -6.925374507904053 -6.167088031768799 -6.162249565124512 -5.38156270980835 -5.607048988342285 -6.493035793304443 -5.795194625854492 -6.437830448150635
eval_00404 8 -4.933987617492676 -4.687500953674316 -4.503997325897217 -5.3520073890686035 -4.563491344451904 -4.335761547088623 -4.385220050811768 -0.22574900090694427 -4.765791893005371 -4.098098278045654 -5.112329006195068 -4.487253189086914 -6.014929294586182 -5.046289920806885 -5.403402805328369 -5.23066520690918 -5.694527626037598 -6.457634925842285 -5.533567905426025 -6.504756927490234 -5.30244255065918 -4.4740986824035645 -6.754105091094971 -3.995216131210327 -6.2446370124816895 -4.77024507522583 -6.49540901184082 -4.873746395111084 -6.131556510925293 -5.655303478240967 -6.728432655334473
eval_00724 2 -2.7385950088500977 -0.2867478132247925 -4.4361066818237305 -5.684793472290039 -4.971708297729492 -4.971602916717529 -4.536820888519287 -4.547917366027832 -4.2620391845703125 -4.551416397094727 -5.891494274139404 -4.537264347076416 -4.8606085777282715 -4.197272300720215 -4.848867416381836 -4.736133575439453 -5.842134475708008 -4.571499824523926 -6.75832462310791 -5.234254837036133 -5.721802234649658 -5.345005035400391 -6.770511150360107 -6.480710029602051 -5.021576404571533 -6.783673286437988 -5.0434465408325195 -6.297496795654297 -5.833939075469971 -5.394715309143066 -5.882673740386963
eval_00333 24 -3.823911190032959 -4.203121185302734 -3.089277744293213 -3.341895580291748 -4.417133808135986 -4.7078375816345215 -5.2203593254089355 -3.8684706687927246 -5.245699882507324 -3.1977171897888184 -5.107217788696289 -4.25340461730957 -3.7501564025878906 -5.354496955871582 -5.277923583984375 -4.095295429229736 -1.7953060865402222 -4.96958589553833 -5.961606502532959 -5.530336856842041 -3.956141948699951 -2.1227622032165527 -4.2285637855529785 -1.3682435750961304 -3.683354377746582 -4.617377281188965 -3.985158920288086 -4.053677082061768 -3.23995304107666 -5.313828468322754 -4.13859748840332
eval_00087 2 -3.063690185546875 -0.40328890085220337 -3.2871756553649902 -5.821675777435303 -5.278408527374268 -4.8314409255981445 -4.902904510498047 -3.926987886428833 -3.78643536567688 -5.397271156311035 -5.490678787231445 -5.603947162628174 -5.381731033325195 -2.667053699493408 -3.322634696960449 -5.021632194519043 -7.071414470672607 -6.090448379516602 -6.542792320251465 -4.432226181030273 -6.002772808074951 -6.395895481109619 -7.252366542816162 -7.6109418869018555 -4.085570812225342 -7.5293989181518555 -6.198244571685791 -7.304550647735596 -5.608273983001709 -5.974646091461182 -5.32512903213501
eval_00643 2 -2.994790554046631 -0.23666992783546448 -4.785489082336426 -5.652220249176025 -5.506527423858643 -5.1994242668151855 -4.556838512420654 -4.308515548706055 -4.288680553436279 -5.25486421585083 -6.191190242767334 -4.316474914550781 -4.210163593292236 -4.154266357421875 -4.801976680755615 -5.592404842376709 -6.890176296234131 -4.951080322265625 -6.923337936401367 -5.000187397003174 -6.251774787902832 -6.380291938781738 -7.494903564453125 -6.560210704803467 -5.477027893066406 -7.160111904144287 -6.036699295043945 -7.098756790161133 -5.9460225105285645 -5.395040035247803 -6.345316410064697
eval_00457 30 -4.56425666809082 -5.443512439727783 -4.9520111083984375 -5.229617595672607 -4.714202880859375 -4.1269354820251465 -4.309412956237793 -4.528271198272705 -4.608274459838867 -4.914633274078369 -5.313877582550049 -5.08686637878418 -3.659785747528076 -4.332501411437988 -5.188793659210205 -2.598414897918701 -4.168886184692383 -3.4104690551757812 -3.6266040802001953 -2.976803779602051 -3.3231449127197266 -4.3058247566223145 -3.5065245628356934 -3.7613062858581543 -2.423100471496582 -3.34249210357666 -5.271547317504883 -4.367240905761719 -2.5616283416748047 -1.2329961061477661 -3.297147274017334
eval_00640 25 -5.940124034881592 -5.220674514770508 -7.011609077453613 -7.979016304016113 -7.413668155670166 -6.140160083770752 -4.868026256561279 -6.026872158050537 -7.097705364227295 -6.461439609527588 -7.930857181549072 -7.606663227081299 -8.469223976135254 -5.888978481292725 -6.477199077606201 -4.269029140472412 -4.286686897277832 -4.713877201080322 -7.321802616119385 -6.836617946624756 -4.922423839569092 -4.783212661743164 -6.773681163787842 -5.148588180541992 -0.12520858645439148 -6.880849361419678 -4.435762405395508 -5.497803211212158 -5.682431697845459 -5.4488959312438965 -6.18631649017334
eval_00628 16 -3.317502021789551 -2.897968292236328 -4.3270392417907715 -5.6453094482421875 -4.86338996887207 -3.2483155727386475 -5.171163558959961 -3.734999179840088 -4.20264196395874 -5.037470817565918 -4.9212260246276855 -4.935997486114502 -3.805647850036621 -3.383403778076172 -4.2816996574401855 -1.440735936164856 -5.040874004364014 -5.004329681396484 -4.314207553863525 -3.0518429279327393 -4.007629871368408 -3.275639057159424 -3.514477252960205 -4.378896713256836 -2.136870861053467 -3.276691436767578 -4.279506683349609 -3.0535671710968018 -3.6275582313537598 -3.6769800186157227 -3.4325859546661377
eval_00393 27 -5.0810546875 -5.303277015686035 -5.182002067565918 -3.890681266784668 -3.239257574081421 -4.170624732971191 -4.4059271812438965 -4.676316738128662 -4.1638312339782715 -4.0690765380859375 -4.145719051361084 -6.559418201446533 -5.149923801422119 -4.382631301879883 -4.422650337219238 -5.210993766784668 -2.9263741970062256 -5.2307257652282715 -1.4963868856430054 -4.278048515319824 -2.917280912399292 -3.9885506629943848 -3.4965662956237793 -2.401477813720703 -3.771143913269043 -3.721393585205078 -1.4958845376968384 -4.417097568511963 -4.4383134841918945 -5.143526077270508 -4.632532596588135
eval_00161 21 -4.089303016662598 -4.413091659545898 -5.469200134277344 -5.464975357055664 -5.064817428588867 -3.726154088973999 -5.432251930236816 -4.919565200805664 -4.533993721008301 -5.280585289001465 -4.619019031524658 -5.311882972717285 -4.179699897766113 -4.516444683074951 -5.066850185394287 -4.25869083404541 -3.5844900608062744 -4.298096179962158 -3.2253198623657227 -4.384191513061523 -1.0305414199829102 -2.9421799182891846 -4.249835968017578 -2.632828950881958 -2.7499592304229736 -3.742770195007324 -3.441196918487549 -4.4114179611206055 -4.7087273597717285 -3.245098114013672 -2.5998988151550293
eval_00435 6 -3.724562406539917 -3.7383873462677 -5.788413047790527 -3.9189116954803467 -3.007328748703003 -0.8064687252044678 -5.388355255126953 -3.660348892211914 -3.7168052196502686 -3.400085687637329 -2.7232766151428223 -3.6519906520843506 -2.5606939792633057 -3.243624687194824 -3.3008997440338135 -6.696813583374023 -7.305326461791992 -6.840676307678223 -5.128666877746582 -6.202136039733887 -4.950503349304199 -4.965960502624512 -6.192935943603516 -3.2150826454162598 -6.137639045715332 -4.914763450622559 -5.241144180297852 -7.402953147888184 -5.739070892333984 -5.501060485839844 -4.534502029418945
eval_00622 15 -4.606660842895508 -4.09523868560791 -2.3811898231506348 -4.395467758178711 -4.185495853424072 -4.651015281677246 -3.792689323425293 -3.712555408477783 -4.365849494934082 -5.8064799308776855 -4.2038397789001465 -3.331122398376465 -5.938741683959961 -3.1809000968933105 -0.4372662305831909 -4.9451093673706055 -7.138175010681152 -6.745769500732422 -5.857780456542969 -6.109339237213135 -6.586653232574463 -6.4350080490112305 -6.462497234344482 -6.139391899108887 -4.776034355163574 -7.045228004455566 -5.595016002655029 -7.710967063903809 -6.059564113616943 -6.236762046813965 -6.285939693450928
eval_00004 11 -3.2259621620178223 -5.340352535247803 -2.735201358795166 -4.430971622467041 -4.15701150894165 -3.9766740798950195 -4.987825393676758 -4.075153827667236 -4.442105293273926 -3.604771137237549 -0.5144511461257935 -5.628259181976318 -5.789215564727783 -3.095876693725586 -2.7048540115356445 -5.436872959136963 -5.25543212890625 -5.507076263427734 -5.204747200012207 -6.805137634277344 -4.7960734367370605 -5.392446517944336 -5.030330657958984 -6.6132917404174805 -6.136643409729004 -5.557187557220459 -4.983163833618164 -6.004931926727295 -5.689115047454834 -5.664579391479492 -6.310148239135742
eval_00445 19 -7.5905680656433105 -7.305287837982178 -6.861011981964111 -6.686378002166748 -6.675053119659424 -6.438514709472656 -6.032545566558838 -5.503865718841553 -5.729540824890137 -6.404109477996826 -5.634298324584961 -6.403836250305176 -5.745853900909424 -6.947747707366943 -5.853307247161865 -6.971889972686768 -5.478627681732178 -4.186317443847656 -0.15112647414207458 -4.180652618408203 -6.38291597366333 -6.490159511566162 -5.914844512939453 -5.556638240814209 -5.19856595993042 -3.5474867820739746 -6.575945854187012 -5.181206226348877 -5.019052982330322 -4.303804874420166 -5.666077136993408
eval_00219 5 -5.023282527923584 -4.3765645027160645 -4.108140468597412 -3.7819278240203857 -0.2014593482017517 -4.5445637702941895 -5.0797014236450195 -3.8644957542419434 -4.741583347320557 -4.522155284881592 -5.1303391456604 -5.982898235321045 -4.529536724090576 -5.378239631652832 -5.073604106903076 -5.38874626159668 -5.965472221374512 -7.312623500823975 -5.628890037536621 -6.593465805053711 -6.680262088775635 -6.148512363433838 -5.917261123657227 -5.727911949157715 -6.2574591636657715 -6.3656744956970215 -7.100610256195068 -5.551333904266357 -5.337040424346924 -7.577361583709717 -7.104698657989502
eval_00329 19 -6.0965728759765625 -6.691235065460205 -6.104578018188477 -3.920353889465332 -4.420007228851318 -3.652247428894043 -4.7219438552856445 -5.612450122833252 -4.273139953613281 -6.339047908782959 -3.9843220710754395 -6.0639519691467285 -3.5620784759521484 -3.5003271102905273 -3.5653061866760254 -4.778369903564453 -3.975161552429199 -5.6013898849487305 -1.281532883644104 -3.445708751678467 -4.728690147399902 -5.299267768859863 -3.749601364135742 -3.344663619995117 -2.6765785217285156 -4.392635822296143 -4.669649600982666 -6.04533052444458 -3.953683376312256 -3.168637275695801 -1.4555414915084839
eval_00217 13 -2.943755626678467 -2.3200979232788086 -4.256892204284668 -4.317600727081299 -2.374849796295166 -2.8004164695739746 -4.01100492477417 -3.1675562858581543 -2.838263988494873 -2.424849033355713 -3.4032201766967773 -2.9751157760620117 -1.6777912378311157 -3.245347499847412 -3.6427054405212402 -5.5159125328063965 -5.9415998458862305 -4.599564552307129 -5.051151752471924 -5.051241874694824 -5.472268581390381 -4.9362359046936035 -5.349205017089844 -3.901480197906494 -5.020218372344971 -3.909303665161133 -5.309330463409424 -5.0211591720581055 -5.057652473449707 -5.254613399505615 -4.7505927085876465
eval_00265 17 -4.564367294311523 -4.33524751663208 -4.206882476806641 -5.261776924133301 -5.226577281951904 -6.33566427230835 -5.083873271942139 -5.981176853179932 -4.293485164642334 -5.097418308258057 -5.815732479095459 -7.0456318855285645 -5.124253273010254 -6.953084945678711 -6.472209453582764 -4.827351093292236 -0.4450642466545105 -3.0661981105804443 -4.274702548980713 -3.80265212059021 -5.248016357421875 -4.76147985458374 -5.7363786697387695 -4.832509994506836 -3.8490095138549805 -5.76582670211792 -2.2690160274505615 -4.760677337646484 -5.388955593109131 -5.357539653778076 -5.08963680267334
eval_00084 31 -5.405107498168945 -5.579312801361084 -5.303159713745117 -6.620051860809326 -5.974033832550049 -4.083090782165527 -7.915582180023193 -5.364931583404541 -5.221116065979004 -5.96766996383667 -5.3119378089904785 -7.168453693389893 -3.850541114807129 -5.935613632202148 -4.883090972900391 -3.823213815689087 -5.278582572937012 -4.857852458953857 -4.6037068367004395 -4.244981288909912 -3.8085269927978516 -4.531970977783203 -4.264009952545166 -5.801461696624756 -4.451130390167236 -4.734853267669678 -6.203101634979248 -4.906118869781494 -3.028242349624634 -3.38205885887146 -0.36459943652153015
eval_00637 9 -3.1234405040740967 -2.8796017169952393 -4.196150302886963 -6.6705708503723145 -4.0500288009643555 -5.597918510437012 -3.6757538318634033 -4.663986682891846 -0.35462793707847595 -5.059257507324219 -5.349061489105225 -5.659572601318359 -4.869119644165039 -4.134183406829834 -3.9024853706359863 -5.818524360656738 -5.742329120635986 -4.367428302764893 -5.745161056518555 -4.72626256942749 -5.747489929199219 -6.2628703117370605 -7.005436420440674 -6.562901973724365 -5.737479209899902 -6.432217121124268 -4.731531620025635 -6.1576995849609375 -6.83275842666626 -5.248724937438965 -4.921144008636475
eval_00291 10 -3.040710687637329 -4.556162357330322 -3.749878406524658 -3.7567355632781982 -4.230216026306152 -5.21239709854126 -4.328769207000732 -4.958819389343262 -7.064118385314941 -0.3445189595222473 -3.7773635387420654 -3.674647331237793 -4.776838302612305 -3.615504026412964 -5.506577014923096 -7.825708389282227 -4.681696891784668 -6.448997497558594 -7.207408428192139 -8.299467086791992 -5.563138484954834 -4.547817230224609 -5.57745885848999 -4.633424282073975 -6.531151294708252 -6.130736827850342 -5.569912910461426 -5.13771390914917 -6.152575492858887 -7.303110122680664 -6.653706073760986
eval_00234 19 -6.937279224395752 -6.939970016479492 -5.862802982330322 -5.443199157714844 -6.197932720184326 -5.611331939697266 -6.04041051864624 -5.280598163604736 -5.629215717315674 -6.342824459075928 -4.787510871887207 -6.2881622314453125 -6.369578838348389 -6.381662845611572 -5.070003032684326 -6.614783763885498 -4.429481029510498 -3.9495770931243896 -0.23621012270450592 -4.455240249633789 -4.951980113983154 -5.7792439460754395 -5.295743465423584 -5.280589580535889 -5.328904151916504 -3.013251543045044 -5.151804447174072 -4.3767619132995605 -4.485279083251953 -4.482235908508301 -5.636411190032959
eval_00060 11 -3.9230833053588867 -5.77740478515625 -3.85764741897583 -5.5755109786987305 -3.566880226135254 -3.432530403137207 -4.797623157501221 -3.405041217803955 -2.919552803039551 -4.611629486083984 -1.2995978593826294 -5.452654838562012 -3.6174564361572266 -1.850890040397644 -1.9164272546768188 -5.363147735595703 -5.877458095550537 -5.511189937591553 -4.023123741149902 -5.017082214355469 -5.043321132659912 -6.330810070037842 -4.120567798614502 -6.258991241455078 -5.248016834259033 -5.248234748840332 -5.936509132385254 -6.226776123046875 -5.915721893310547 -4.038957595825195 -2.5202813148498535
eval_00564 7 -5.4983930587768555 -5.4750471115112305 -4.568220615386963 -3.4109878540039062 -4.659597396850586 -3.304602861404419 -0.7462337017059326 -3.9055893421173096 -4.736151695251465 -4.82504940032959 -4.702071189880371 -2.477414131164551 -4.868267059326172 -4.174334526062012 -3.3705098628997803 -3.5916407108306885 -4.684172630310059 -4.953685760498047 -5.198275566101074 -4.150006294250488 -4.209518909454346 -5.0644636154174805 -4.6717329025268555 -4.434391975402832 -3.5363824367523193 -4.770913124084473 -5.428879737854004 -3.1999828815460205 -4.60788631439209 -3.9210307598114014 -3.8861422538757324
eval_00701 25 -5.607633113861084 -5.3554368019104 -7.223137378692627 -7.3206658363342285 -6.68830680847168 -5.348425388336182 -4.588792324066162 -5.678020477294922 -7.019011974334717 -5.5131096839904785 -6.91298246383667 -7.643460750579834 -8.709078788757324 -5.35628080368042 -6.194843769073486 -4.598301410675049 -3.560452938079834 -4.553476333618164 -5.29823637008667 -6.777243614196777 -3.2534923553466797 -3.601720094680786 -5.782854080200195 -4.336980819702148 -0.2551186680793762 -5.6322021484375 -3.6454598903656006 -5.267731189727783 -5.3928446769714355 -5.396442413330078 -6.633182048797607
eval_00670 18 -6.832488536834717 -5.515995025634766 -5.481518745422363 -7.794929504394531 -7.870584964752197 -9.17530632019043 -7.767070770263672 -7.408223628997803 -7.084646701812744 -6.800607204437256 -6.838076114654541 -6.8394293785095215 -7.2920708656311035 -7.2206244468688965 -7.642916202545166 -6.992791652679443 -5.717940807342529 -0.06065704673528671 -5.9822258949279785 -5.086456775665283 -6.536834239959717 -5.483328342437744 -7.935859203338623 -9.173129081726074 -6.236664772033691 -7.545040607452393 -6.057526111602783 -5.788755416870117 -5.1169610023498535 -5.343367576599121 -5.510659217834473
eval_00224 18 -6.024433612823486 -5.197210311889648 -5.315422534942627 -6.691481590270996 -6.4818010330200195 -7.221928119659424 -6.103501319885254 -6.725895881652832 -6.210066318511963 -4.633662223815918 -5.423842430114746 -6.367624282836914 -6.139660358428955 -7.1020636558532715 -6.879665374755859 -6.937051773071289 -4.432877540588379 -0.16660457849502563 -4.314815044403076 -4.751223087310791 -5.385153293609619 -5.2519049644470215 -6.504868984222412 -7.121570110321045 -5.657029151916504 -5.670924663543701 -4.544366836547852 -4.303456783294678 -4.06851053237915 -4.97398567199707 -4.634737491607666
eval_00136 29 -4.806410789489746 -4.423732757568359 -4.86765718460083 -4.493715286254883 -4.002520561218262 -5.41146183013916 -4.116385459899902 -6.347293853759766 -5.754627227783203 -4.889150142669678 -5.3587236404418945 -4.171323776245117 -4.959498405456543 -5.369973182678223 -5.936197280883789 -2.576871156692505 -4.2936482429504395 -3.955746650695801 -5.136417388916016 -3.9524900913238525 -2.998328447341919 -1.9582927227020264 -2.6139228343963623 -3.391920328140259 -4.216361045837402 -4.211248397827148 -3.030771255493164 -2.618957757949829 -1.4652020931243896 -3.017266035079956 -4.376746654510498
eval_00227 20 -7.959195137023926 -5.450040817260742 -6.794059753417969 -8.161091804504395 -7.951996803283691 -8.963536262512207 -7.976343631744385 -8.19711971282959 -6.73809814453125 -8.797708511352539 -9.103668212890625 -6.18276834487915 -5.8679423332214355 -8.939324378967285 -7.092302322387695 -3.430799961090088 -6.237889289855957 -4.061309337615967 -6.08286190032959 -0.12175102531909943 -6.652585506439209 -8.375584602355957 -5.705790996551514 -8.706953048706055 -6.329317569732666 -5.8088202476501465 -5.838016033172607 -5.619943618774414 -4.155106544494629 -4.590181350708008 -5.4768290519714355
eval_00450 22 -4.474803924560547 -5.437107086181641 -5.471719264984131 -5.100771903991699 -4.856746196746826 -2.51204776763916 -6.4460930824279785 -4.241670608520508 -5.756599426269531 -3.526179790496826 -3.211726188659668 -5.748734951019287 -4.244471073150635 -4.628368377685547 -5.957014560699463 -4.784549236297607 -3.022289752960205 -4.319063663482666 -4.294181823730469 -6.500113487243652 -2.9091477394104004 -1.1501330137252808 -2.796219825744629 -2.995182991027832 -3.7419943809509277 -3.1650233268737793 -3.730558395385742 -3.655710220336914 -4.3745293617248535 -4.304671287536621 -2.8678760528564453
eval_00499 20 -6.296844005584717 -3.6904478073120117 -5.293785572052002 -5.912717342376709 -4.837225914001465 -7.335704803466797 -7.579091548919678 -6.012857437133789 -5.675354480743408 -7.019745349884033 -6.330268859863281 -6.918433666229248 -5.074771881103516 -6.953191757202148 -6.230166912078857 -2.6948018074035645 -5.67474365234375 -4.146201133728027 -3.3542890548706055 -0.3832160234451294 -4.840514183044434 -6.8720293045043945 -4.729976654052734 -6.61295223236084 -5.2702484130859375 -4.153436183929443 -4.1385931968688965 -4.190141677856445 -3.3175477981567383 -3.9838385581970215 -4.7866010665893555
eval_00162 25 -5.694316387176514 -5.990458965301514 -6.669877052307129 -6.997692108154297 -7.153972625732422 -5.29742956161499 -4.019132137298584 -6.3211750984191895 -4.955991744995117 -6.801337242126465 -7.025990009307861 -6.846641540527344 -7.666566848754883 -5.458654880523682 -5.844888687133789 -3.157703161239624 -4.316025733947754 -3.756086587905884 -4.942498207092285 -3.9208807945251465 -3.7247161865234375 -4.253533363342285 -4.580087661743164 -5.44265079498291 -0.42606160044670105 -4.785097122192383 -4.630102634429932 -5.3813700675964355 -3.5887157917022705 -2.6042423248291016 -4.409178256988525
eval_00504 7 -4.832098007202148 -5.207850456237793 -4.457601547241211 -4.389487266540527 -5.482264518737793 -4.016782760620117 -0.6704089641571045 -4.0188493728637695 -3.6275291442871094 -5.395909309387207 -4.341068267822266 -2.8954389095306396 -4.672224998474121 -3.832106351852417 -3.1448800563812256 -3.879995107650757 -4.961731910705566 -4.648496627807617 -4.505199432373047 -4.329195976257324 -3.790924310684204 -4.979799270629883 -4.057896614074707 -4.18223762512207 -4.624432563781738 -4.835249900817871 -5.032709121704102 -3.950242519378662 -4.547051906585693 -3.4424006938934326 -3.5810720920562744
eval_00602 11 -3.7857651710510254 -4.901027202606201 -3.602957248687744 -4.046476364135742 -3.910952568054199 -3.4356422424316406 -2.8648605346679688 -3.1201114654541016 -2.3781700134277344 -4.249274730682373 -1.4642974138259888 -3.1756062507629395 -4.127467632293701 -2.1609129905700684 -2.025514602661133 -4.469089031219482 -5.119235515594482 -5.328146457672119 -5.190243721008301 -4.8209710121154785 -4.485016345977783 -5.658885955810547 -4.4118170738220215 -4.419210433959961 -5.249867916107178 -6.59101676940918 -4.441145420074463 -5.695456504821777 -5.666376113891602 -4.55485200881958 -4.023068428039551
eval_00189 14 -4.226492881774902 -4.644197940826416 -2.9764771461486816 -4.210901260375977 -4.415550231933594 -5.207823753356934 -3.906207799911499 -4.218667507171631 -5.376480579376221 -4.3210906982421875 -2.9540669918060303 -2.7123653888702393 -5.468839168548584 -0.5913605690002441 -2.1648173332214355 -5.0317606925964355 -6.572699069976807 -5.042786121368408 -6.021317481994629 -6.400691509246826 -5.154714107513428 -5.67997932434082 -5.8173089027404785 -6.740262508392334 -5.660651206970215 -6.42506742477417 -6.177525520324707 -5.818051815032959 -5.826612949371338 -6.486900806427002 -6.133806228637695
eval_00270 3 -4.044895172119141 -4.21328592300415 -0.3924669623374939 -3.4133172035217285 -2.916938304901123 -5.035771369934082 -4.690357685089111 -3.6291990280151367 -5.638411998748779 -4.0843610763549805 -3.1985745429992676 -4.61037015914917 -5.087158203125 -3.9598333835601807 -3.7439050674438477 -4.852261543273926 -5.770885467529297 -5.011250972747803 -5.602622032165527 -6.165359973907471 -6.41894006729126 -5.956020832061768 -6.417361259460449 -7.9135823249816895 -6.494419574737549 -7.215469837188721 -6.800413608551025 -6.068674564361572 -5.722952842712402 -7.047391891479492 -5.634620189666748
eval_00664 20 -7.209824562072754 -6.382046699523926 -5.907588481903076 -6.790335655212402 -6.027472496032715 -6.301803112030029 -6.6180739402771 -6.364512920379639 -4.354094982147217 -8.304378509521484 -6.077886581420898 -6.472130298614502 -5.644606113433838 -6.420702934265137 -4.796514987945557 -3.0349180698394775 -4.787526607513428 -4.0072197914123535 -3.0250213146209717 -0.5732783675193787 -4.5769944190979 -7.103621959686279 -2.5293776988983154 -7.2425713539123535 -4.931988716125488 -3.4581515789031982 -4.975357532501221 -3.821913719177246 -3.4695982933044434 -4.317920684814453 -2.721853733062744
eval_00729 12 -4.451374053955078 -4.374046325683594 -4.0799384117126465 -2.1199963092803955 -3.627894401550293 -3.226736068725586 -2.0187370777130127 -2.9073894023895264 -3.649078845977783 -3.4794445037841797 -2.974602699279785 -1.5703372955322266 -3.4066693782806396 -2.412400007247925 -3.382596969604492 -6.561161994934082 -6.272891521453857 -6.670250415802002 -5.104892253875732 -5.834287166595459 -5.900644779205322 -5.734538555145264 -5.533092498779297 -2.796260356903076 -5.822390079498291 -4.420554161071777 -5.935414791107178 -5.486552715301514 -5.8411736488342285 -6.346296310424805 -6.471136093139648
eval_00184 10 -3.577056407928467 -4.443497180938721 -4.25158166885376 -3.688007354736328 -4.543375492095947 -4.781844615936279 -5.415521144866943 -4.062163352966309 -6.150763988494873 -0.2822946012020111 -3.4614269733428955 -5.133919715881348 -4.351971626281738 -4.256453990936279 -5.743363857269287 -7.036832809448242 -4.812702655792236 -5.754919052124023 -5.458372592926025 -7.269322395324707 -5.89177942276001 -5.427615642547607 -6.148038864135742 -4.812198162078857 -6.752094745635986 -4.893864154815674 -5.19667387008667 -5.623305797576904 -6.292436122894287 -6.590176105499268 -6.86596155166626
eval_00215 3 -4.8161725997924805 -3.4249603748321533 -0.7089975476264954 -2.2920126914978027 -4.040866374969482 -3.975902795791626 -5.9045515060424805 -3.29011869430542 -5.559656143188477 -4.685685157775879 -3.6991682052612305 -2.200348377227783 -3.6988580226898193 -3.968013048171997 -3.3233482837677 -5.1085662841796875 -6.384481430053711 -5.31410026550293 -5.977437973022461 -6.027622222900391 -6.940308094024658 -5.080578804016113 -5.877141952514648 -5.8591485023498535 -5.612823486328125 -6.6639251708984375 -7.407520294189453 -6.039012908935547 -6.390695571899414 -6.629277229309082 -3.9023845195770264
eval_00005 3 -4.37012243270874 -3.878833293914795 -0.9575721025466919 -2.1173877716064453 -2.6327781677246094 -3.759554386138916 -4.91908073425293 -3.3552637100219727 -4.468291759490967 -4.723388671875 -3.6036062240600586 -2.166950225830078 -3.835574150085449 -4.173837661743164 -3.12380313873291 -5.244328022003174 -4.539787292480469 -5.451129913330078 -5.100142002105713 -5.722564697265625 -6.086451530456543 -4.473110198974609 -5.084005355834961 -5.4240570068359375 -5.8269853591918945 -6.477152347564697 -5.538895606994629 -5.766600608825684 -5.606149673461914 -6.052924633026123 -4.548928737640381
eval_00568 15 -4.769627094268799 -4.2343525886535645 -2.130180835723877 -4.209145545959473 -5.076314926147461 -4.971395015716553 -3.6344716548919678 -3.7206621170043945 -4.321225643157959 -4.773493766784668 -2.9542884826660156 -4.196223258972168 -6.548977851867676 -2.6591498851776123 -0.5929418206214905 -5.0306172370910645 -5.711839199066162 -5.093141078948975 -5.417739391326904 -5.7150397300720215 -5.316617488861084 -5.317911624908447 -5.991232395172119 -6.160821437835693 -5.117027282714844 -6.59295129776001 -5.246649742126465 -5.995590686798096 -5.096271991729736 -5.650423526763916 -5.618852615356445
eval_00276 12 -6.212560176849365 -5.3697943687438965 -4.365562438964844 -3.399946928024292 -4.503658771514893 -5.541269302368164 -3.551858425140381 -4.9436116218566895 -4.511017322540283 -5.442887306213379 -4.503288269042969 -0.24599942564964294 -4.06870174407959 -4.141821384429932 -3.79333233833313 -6.240133285522461 -7.163290023803711 -6.396437168121338 -5.793583869934082 -5.355823516845703 -7.384871482849121 -6.371240615844727 -5.901413440704346 -5.984747886657715 -7.75998592376709 -5.618910312652588 -6.403927803039551 -5.9996867179870605 -6.530337810516357 -6.228173732757568 -6.659746170043945
eval_00014 2 -3.05936861038208 -0.17139258980751038 -5.22089147567749 -5.857423782348633 -4.964576721191406 -5.984933853149414 -5.154426097869873 -5.730537414550781 -4.887457847595215 -5.672019958496094 -6.845010757446289 -4.49824333190918 -4.036707878112793 -4.478133201599121 -5.210294246673584 -6.04666805267334 -7.383311748504639 -5.327845096588135 -7.536993980407715 -5.761781692504883 -6.507076740264893 -6.81436824798584 -7.764523983001709 -7.817970275878906 -6.27037239074707 -8.003066062927246 -5.478206634521484 -6.826709270477295 -7.172096252441406 -6.6192827224731445 -6.411587238311768
eval_00629 29 -8.713987350463867 -7.0836615562438965 -7.182115077972412 -7.000155925750732 -6.98908805847168 -7.582627773284912 -5.933272838592529 -7.520199298858643 -7.196455001831055 -7.050632953643799 -7.544025897979736 -6.271048545837402 -8.80916690826416 -7.717253684997559 -5.6135125160217285 -3.992885112762451 -4.472358226776123 -4.1238555908203125 -5.258269309997559 -4.046456813812256 -4.428738594055176 -5.434488773345947 -4.152618885040283 -6.024532794952393 -3.87520694732666 -5.8350830078125 -4.960103988647461 -4.669375419616699 -0.22098219394683838 -3.427595615386963 -4.962917327880859
eval_00430 25 -5.775200366973877 -5.879956245422363 -6.427032947540283 -7.201015472412109 -6.953864097595215 -6.248211860656738 -5.698516845703125 -5.859591484069824 -4.879825592041016 -6.807011604309082 -7.5788726806640625 -6.596692085266113 -7.119248867034912 -5.945425987243652 -6.337167263031006 -2.1619818210601807 -4.5569915771484375 -3.047234535217285 -5.84510612487793 -3.2261171340942383 -3.7904975414276123 -3.6381969451904297 -3.604694128036499 -6.5288591384887695 -0.9599685668945312 -4.521216869354248 -4.862746238708496 -4.780174732208252 -2.5729598999023438 -1.80198335647583 -3.796116352081299
eval_00081 28 -7.382155895233154 -6.581468105316162 -6.43497371673584 -7.106085300445557 -6.639230251312256 -8.193289756774902 -6.241004943847656 -5.779542446136475 -7.997048854827881 -4.552386283874512 -7.389486789703369 -4.735223293304443 -7.634140491485596 -7.434051990509033 -8.632874488830566 -5.119753837585449 -5.2193074226379395 -4.627898216247559 -5.32314395904541 -5.179708480834961 -6.19441032409668 -4.229945182800293 -4.47994327545166 -5.218862056732178 -6.887309551239014 -3.9923360347747803 -6.653636932373047 -0.13591454923152924 -5.4806742668151855 -5.917418003082275 -6.286810874938965
eval_00030 19 -6.6414875984191895 -6.455263137817383 -5.316946506500244 -3.6024746894836426 -5.305456638336182 -5.030762195587158 -6.165102481842041 -5.395907402038574 -5.054489612579346 -5.811639308929443 -4.279654026031494 -4.595197677612305 -3.8817200660705566 -6.131499290466309 -4.554276943206787 -5.732478141784668 -4.3844170570373535 -3.8940083980560303 -0.33898743987083435 -3.895188331604004 -5.615657329559326 -5.146493434906006 -4.246723175048828 -5.130191802978516 -5.575007438659668 -3.457622528076172 -4.568199157714844 -4.817802906036377 -4.599014759063721 -4.457495212554932 -5.084536075592041
eval_00095 30 -5.640649795532227 -5.436924934387207 -8.04206657409668 -7.616415023803711 -8.35151195526123 -5.58542013168335 -6.990287780761719 -6.971858978271484 -5.741297721862793 -6.94258975982666 -6.9835309982299805 -6.137571334838867 -5.575287342071533 -7.918788909912109 -7.255082607269287 -5.15189266204834 -5.909640789031982 -3.926194667816162 -5.911041736602783 -3.752542495727539 -4.163151264190674 -4.73412561416626 -4.78470516204834 -5.0835371017456055 -5.162203788757324 -3.7251076698303223 -4.345797538757324 -4.42808723449707 -3.170107364654541 -0.27927786111831665 -3.6136269569396973
eval_00027 29 -6.609758377075195 -4.190901279449463 -5.643250942230225 -5.203882217407227 -4.861690044403076 -5.635890483856201 -5.459200859069824 -6.7572855949401855 -7.081035137176514 -3.9080073833465576 -6.916744232177734 -4.459954261779785 -5.5871968269348145 -6.712580680847168 -6.305009365081787 -6.1006364822387695 -3.2445459365844727 -4.129096984863281 -5.711635112762451 -5.885529518127441 -5.374575138092041 -3.267737627029419 -4.945521831512451 -3.519589900970459 -3.6542372703552246 -5.338611602783203 -4.423233509063721 -3.3059043884277344 -0.38517656922340393 -5.183941841125488 -4.672320365905762
eval_00361 4 -4.62495756149292 -5.2194671630859375 -3.9842352867126465 -0.25579848885536194 -3.5490386486053467 -4.508859157562256 -3.9410088062286377 -5.813992023468018 -5.094759941101074 -3.6816012859344482 -3.9874470233917236 -4.991635799407959 -4.305853366851807 -4.144917011260986 -4.90311861038208 -7.4434309005737305 -5.518517017364502 -7.213325500488281 -5.34104585647583 -6.25958251953125 -7.154565811157227 -7.184913635253906 -5.553898334503174 -5.62399435043335 -7.447195529937744 -5.586534023284912 -5.0887956619262695 -6.388809680938721 -6.431145668029785 -7.782469749450684 -6.877438545227051
eval_00416 1 -0.3663933277130127 -3.540738582611084 -4.790313720703125 -5.795835494995117 -4.571799278259277 -4.5890655517578125 -4.468906402587891 -4.538437843322754 -3.82589054107666 -4.099595069885254 -4.4075927734375 -6.1148881912231445 -3.0854856967926025 -3.393944501876831 -4.800527572631836 -5.364972114562988 -6.158666610717773 -5.1249284744262695 -5.757717132568359 -5.132291793823242 -5.053399085998535 -5.844030380249023 -6.144590377807617 -6.427585601806641 -4.522263526916504 -5.440455436706543 -5.996302604675293 -6.479827880859375 -5.59149169921875 -4.025082588195801 -4.8494720458984375
eval_00496 30 -5.186673164367676 -5.723790168762207 -6.5441083908081055 -7.1580095291137695 -6.759032249450684 -5.0213117599487305 -5.816685676574707 -5.456511497497559 -4.050620079040527 -6.562700271606445 -5.61092472076416 -5.441295623779297 -4.376046180725098 -5.9286088943481445 -5.462299346923828 -3.563964605331421 -4.728579521179199 -3.7710187435150146 -4.355515956878662 -2.989213228225708 -3.5842978954315186 -3.496269941329956 -3.399953603744507 -4.652204513549805 -3.6282427310943604 -4.212441921234131 -4.725502967834473 -4.5883684158325195 -3.777235984802246 -0.6356918811798096 -2.4032375812530518
eval_00239 5 -5.048686504364014 -4.197666645050049 -3.805591344833374 -2.9911749362945557 -0.33205392956733704 -5.120065212249756 -5.062750339508057 -4.473945140838623 -5.056214809417725 -3.7779619693756104 -5.311507225036621 -3.360196590423584 -3.111259698867798 -5.015235424041748 -5.148534297943115 -5.81834602355957 -6.027688980102539 -7.041642665863037 -6.9455246925354 -6.536838531494141 -7.0343451499938965 -5.198080062866211 -5.8770623207092285 -4.778319835662842 -7.251805305480957 -7.110320568084717 -7.3358845710754395 -5.605576515197754 -6.015804290771484 -8.275754928588867 -5.47475004196167
eval_00183 21 -5.187426567077637 -5.207279205322266 -5.908265590667725 -5.848016262054443 -6.6647210121154785 -5.058283805847168 -6.470207214355469 -6.742208480834961 -7.564971446990967 -5.9940385818481445 -5.952192783355713 -5.808950901031494 -6.145580291748047 -5.5902628898620605 -6.543631553649902 -4.836035251617432 -5.505072593688965 -4.1011762619018555 -7.053666114807129 -6.0160813331604 -0.26501667499542236 -4.538085460662842 -4.706486225128174 -5.225668907165527 -4.711136341094971 -5.364848613739014 -3.875973701477051 -5.3760528564453125 -3.6643857955932617 -3.2459511756896973 -3.530183792114258
eval_00736 30 -5.485058784484863 -4.4688496589660645 -7.373941421508789 -7.509836673736572 -7.616267681121826 -4.8680243492126465 -6.850475311279297 -6.785159587860107 -5.786406517028809 -6.690241813659668 -6.51292610168457 -5.46163272857666 -4.856529235839844 -7.951259136199951 -6.725735664367676 -5.36220645904541 -4.892646312713623 -3.127222776412964 -6.2547407150268555 -4.538541316986084 -3.7191412448883057 -3.8954386711120605 -5.146873474121094 -4.705221652984619 -3.9961225986480713 -4.929135799407959 -3.837684392929077 -4.611901760101318 -2.7046737670898438 -0.4525853991508484 -2.7271156311035156
eval_00199 4 -4.255161285400391 -5.345523834228516 -4.37501335144043 -0.2818322777748108 -3.2385811805725098 -3.8005340099334717 -5.261129379272461 -5.782350540161133 -5.992623329162598 -3.6795244216918945 -3.7016515731811523 -4.464443206787109 -3.763075113296509 -4.047257900238037 -5.038508415222168 -7.151559352874756 -6.708271026611328 -7.384267807006836 -5.432553768157959 -6.2715983390808105 -7.645888805389404 -7.148067951202393 -5.181557655334473 -5.6478352546691895 -7.271084308624268 -5.430414199829102 -5.082777976989746 -6.703420162200928 -7.402061939239502 -8.078653335571289 -7.851344108581543
eval_00181 12 -6.039392948150635 -5.6526312828063965 -5.844804286956787 -3.8280534744262695 -4.060720920562744 -4.308608531951904 -3.416372537612915 -3.423656702041626 -5.951498985290527 -4.304569244384766 -4.943143844604492 -0.3236384987831116 -3.7738499641418457 -3.6484689712524414 -4.476999282836914 -6.95823335647583 -6.8130202293396 -6.094778537750244 -5.030124187469482 -6.253422260284424 -6.1537628173828125 -6.534943580627441 -5.8070807456970215 -3.872462272644043 -6.254787921905518 -4.380234241485596 -6.952503681182861 -4.946991443634033 -7.406949043273926 -6.827962875366211 -6.275206565856934
eval_00470 11 -4.129566192626953 -6.004980087280273 -3.533033609390259 -3.3201072216033936 -4.5986738204956055 -3.8140475749969482 -4.121435165405273 -4.263823509216309 -3.9073102474212646 -4.646540641784668 -0.5724174976348877 -4.1802897453308105 -3.867360830307007 -2.472756862640381 -3.027099847793579 -5.314907073974609 -6.001408576965332 -5.46287727355957 -3.774651527404785 -5.536992073059082 -5.557747840881348 -5.693914413452148 -4.707185745239258 -5.931041717529297 -5.973896026611328 -4.691359519958496 -5.3326263427734375 -5.827303886413574 -5.637421607971191 -4.921009063720703 -5.801445007324219
eval_00418 27 -5.6421051025390625 -4.985480308532715 -6.760151386260986 -4.332809925079346 -6.461648464202881 -6.132169723510742 -5.376972675323486 -6.467517375946045 -6.988357067108154 -3.536252975463867 -6.25142240524292 -5.294830322265625 -6.696743965148926 -6.317538738250732 -5.954216480255127 -4.981423377990723 -2.883570671081543 -5.079264163970947 -6.377714157104492 -5.8413896560668945 -3.0757598876953125 -3.5418286323547363 -3.827390193939209 -2.555931568145752 -4.484285354614258 -5.455541133880615 -0.46622025966644287 -5.020812034606934 -4.685835838317871 -4.665241718292236 -5.0360846519470215
eval_00267 5 -4.899296760559082 -3.737588882446289 -3.5070457458496094 -3.2388925552368164 -0.40050041675567627 -4.772620677947998 -4.7545485496521 -4.140769004821777 -4.550042152404785 -4.14525842666626 -5.634252548217773 -3.182197093963623 -3.3297924995422363 -5.053202152252197 -4.944389820098877 -5.791304111480713 -4.577333450317383 -6.382287979125977 -6.326404094696045 -6.397085189819336 -6.451812744140625 -4.45074462890625 -5.934132099151611 -3.8810248374938965 -6.638657569885254 -6.68638801574707 -6.510874271392822 -5.237181186676025 -6.539480686187744 -8.10108757019043 -4.637967109680176
eval_00094 6 -3.1050548553466797 -2.7783994674682617 -4.595566272735596 -2.9116835594177246 -3.7787041664123535 -0.9984773397445679 -3.724276065826416 -3.7294883728027344 -3.1157565116882324 -4.037031650543213 -3.8754959106445312 -2.8157668113708496 -2.054516315460205 -3.9943361282348633 -4.2755560874938965 -5.042879581451416 -6.801961421966553 -6.301568984985352 -5.482328414916992 -5.62282133102417 -5.860558032989502 -5.714406490325928 -5.861005783081055 -4.53657341003418 -6.2784600257873535 -4.448368072509766 -5.315746307373047 -4.278636455535889 -5.158186435699463 -4.743612766265869 -6.046444416046143
eval_00529 9 -4.429957389831543 -5.496748447418213 -4.435903549194336 -5.780797004699707 -3.7362051010131836 -4.712661266326904 -3.664494037628174 -3.444441795349121 -0.5738252401351929 -6.9680681228637695 -3.2937369346618652 -5.151076316833496 -4.1357741355896 -2.6646127700805664 -2.5968680381774902 -5.022802829742432 -6.100582599639893 -5.734493732452393 -4.147213935852051 -4.577675819396973 -5.667395114898682 -5.905968189239502 -4.993180751800537 -5.540358543395996 -4.079891204833984 -4.982276439666748 -6.094576358795166 -6.448353290557861 -6.065211296081543 -4.0477800369262695 -4.718937397003174
eval_00540 26 -6.70857048034668 -6.614221572875977 -7.531911849975586 -6.160491943359375 -6.611902236938477 -5.53904914855957 -5.569063186645508 -5.092109680175781 -6.1731157302856445 -4.390061378479004 -5.529031753540039 -5.074972152709961 -5.403135299682617 -6.406613349914551 -6.544062614440918 -6.553746223449707 -5.7793378829956055 -4.93524169921875 -2.0929911136627197 -4.536067008972168 -4.746031761169434 -5.1089582443237305 -4.899432182312012 -2.693585157394409 -5.31600284576416 -0.42600274085998535 -5.620083808898926 -3.7442429065704346 -4.713596343994141 -4.49782657623291 -5.067941665649414
eval_00128 13 -3.7523272037506104 -3.073140859603882 -3.303748369216919 -3.4405577182769775 -3.2766172885894775 -3.3728935718536377 -5.430102825164795 -4.251227378845215 -4.314041614532471 -3.95672345161438 -3.937793016433716 -3.6754684448242188 -0.4967791438102722 -5.1494669914245605 -4.9666218757629395 -5.547497272491455 -6.532210826873779 -5.528571605682373 -5.892171382904053 -4.724923610687256 -6.162506103515625 -5.208891868591309 -5.625661849975586 -4.84921407699585 -6.611396312713623 -5.206282138824463 -5.84104585647583 -5.3880133628845215 -5.8093953132629395 -5.79154109954834 -4.433155059814453
eval_00433 2 -4.235844612121582 -0.056394051760435104 -5.7509660720825195 -7.375821590423584 -6.967524528503418 -7.106048107147217 -5.769233226776123 -7.039923191070557 -6.153632640838623 -6.281289577484131 -8.021312713623047 -5.841792106628418 -6.974985599517822 -5.669228553771973 -5.780640125274658 -6.248997211456299 -7.480130672454834 -5.804665565490723 -8.535861015319824 -6.559978008270264 -6.977768898010254 -7.923759937286377 -9.258482933044434 -8.944897651672363 -6.2370991706848145 -9.627756118774414 -5.761356830596924 -8.109122276306152 -7.459902286529541 -7.371267318725586 -7.153613090515137
eval_00230 6 -5.78323221206665 -5.900671005249023 -6.174962520599365 -3.421165943145752 -5.106579303741455 -0.24494893848896027 -5.862860202789307 -5.6989521980285645 -6.004508972167969 -5.675523281097412 -3.2606089115142822 -4.8598198890686035 -3.410292387008667 -4.506170749664307 -3.7114133834838867 -7.553305149078369 -7.528104305267334 -7.105353832244873 -4.9709248542785645 -7.240405082702637 -5.936025619506836 -6.697109699249268 -5.876752853393555 -4.456900119781494 -6.241483211517334 -5.299352169036865 -6.048178672790527 -8.175938606262207 -6.848141193389893 -6.301217555999756 -5.624151229858398
eval_00213 9 -4.291201114654541 -4.173129081726074 -3.9073688983917236 -5.194417476654053 -3.8885552883148193 -5.241558074951172 -3.477745771408081 -4.378006458282471 -0.27718231081962585 -5.940676689147949 -4.598739147186279 -4.901590347290039 -5.2318315505981445 -4.765565395355225 -3.9181838035583496 -5.290503025054932 -5.450820446014404 -5.559334754943848 -5.73179292678833 -5.14200496673584 -5.641633987426758 -5.655901908874512 -5.988860607147217 -5.345775127410889 -5.816721439361572 -6.166847229003906 -4.916268825531006 -6.006502151489258 -6.721164226531982 -5.223177909851074 -5.076935768127441
eval_00145 27 -6.24501371383667 -5.993072032928467 -8.024015426635742 -5.632697105407715 -9.529210090637207 -7.224388122558594 -6.7792649269104 -8.571730613708496 -7.555397987365723 -6.202332973480225 -6.789153099060059 -7.218894004821777 -8.152953147888184 -6.9738287925720215 -6.776721954345703 -7.364165306091309 -3.0139169692993164 -5.406643867492676 -7.611071586608887 -6.453261375427246 -3.758741855621338 -6.103580474853516 -5.849355697631836 -5.834784984588623 -5.962226867675781 -6.5670857429504395 -0.13210128247737885 -7.500753402709961 -5.768146514892578 -5.469334602355957 -4.963075160980225
eval_00108 2 -3.5359795093536377 -0.20738337934017181 -4.578977108001709 -6.272741317749023 -5.668994903564453 -4.301359176635742 -5.379157066345215 -4.930304050445557 -4.814032554626465 -6.7689008712768555 -6.515748977661133 -5.784659385681152 -5.368017196655273 -4.013301372528076 -4.134532451629639 -4.04597806930542 -7.639477729797363 -6.334542274475098 -7.722379684448242 -4.786240100860596 -6.734304428100586 -6.751638412475586 -7.450056076049805 -8.689295768737793 -4.198732376098633 -7.6124725341796875 -6.364269733428955 -7.528433799743652 -4.789350986480713 -5.3087592124938965 -6.250458717346191
eval_00268 30 -5.511420726776123 -5.111013412475586 -7.079370975494385 -6.960892200469971 -7.67449426651001 -6.254973888397217 -6.770360946655273 -6.492758274078369 -5.56281852722168 -7.0953688621521 -6.5270867347717285 -6.411748886108398 -6.359557151794434 -7.0503411293029785 -6.755152225494385 -4.4319167137146 -4.9174675941467285 -3.0343780517578125 -4.834489822387695 -3.5802602767944336 -3.336740016937256 -4.0958170890808105 -4.827210903167725 -5.0635552406311035 -3.4526567459106445 -4.547466278076172 -4.189504623413086 -4.724161148071289 -2.7602710723876953 -0.4166789650917053 -4.334877967834473
eval_00354 12 -6.208049774169922 -5.171762466430664 -5.062920570373535 -4.150519371032715 -5.5201005935668945 -5.451841354370117 -2.6734392642974854 -4.999597549438477 -5.673513412475586 -5.277476787567139 -5.26209831237793 -0.26313668489456177 -4.2933549880981445 -3.3246219158172607 -3.4671034812927246 -5.487381458282471 -8.53209114074707 -7.0478105545043945 -6.4945478439331055 -5.496148109436035 -7.795990943908691 -8.099493026733398 -6.1017608642578125 -6.857411861419678 -8.452631950378418 -5.929505825042725 -7.514333248138428 -5.797358512878418 -7.431865692138672 -7.29449462890625 -7.786663055419922
eval_00168 6 -3.8766729831695557 -4.423393249511719 -4.79765510559082 -4.256333827972412 -4.154826641082764 -0.31520015001296997 -4.502358913421631 -3.2467756271362305 -4.3389363288879395 -4.423803806304932 -3.9285271167755127 -4.629666328430176 -3.674471378326416 -4.983255386352539 -5.080371856689453 -6.8481125831604 -7.528355598449707 -7.310080051422119 -7.221550464630127 -8.078991889953613 -6.057790279388428 -6.021373748779297 -7.615288734436035 -3.2811696529388428 -6.7876296043396 -5.9047346115112305 -6.0167155265808105 -7.308560848236084 -7.285098552703857 -6.1849493980407715 -7.1442365646362305
eval_00479 30 -5.3837761878967285 -5.413179397583008 -5.910005569458008 -6.05354642868042 -6.564432144165039 -5.372671604156494 -7.220971584320068 -5.878995895385742 -5.681317329406738 -6.544023513793945 -5.417687892913818 -5.9442548751831055 -5.322609901428223 -6.179076671600342 -5.705427169799805 -4.1352338790893555 -4.910818099975586 -2.1985392570495605 -4.496520042419434 -3.3042526245117188 -3.182419776916504 -3.5351624488830566 -4.084908485412598 -5.409360408782959 -3.3779618740081787 -3.991053342819214 -4.61430549621582 -4.278611660003662 -1.759901523590088 -0.986264705657959 -2.8372950553894043
eval_00160 6 -5.046169281005859 -5.017114639282227 -2.5147008895874023 -2.4761927127838135 -2.8594138622283936 -1.699005126953125 -2.498828172683716 -2.7319319248199463 -3.9012274742126465 -4.042664527893066 -2.7951667308807373 -2.638673782348633 -3.9154911041259766 -5.699437618255615 -4.455899238586426 -3.143674850463867 -3.1373682022094727 -5.199588298797607 -3.920830249786377 -4.586639404296875 -5.411965847015381 -6.42702579498291 -4.617275714874268 -4.686388969421387 -4.155459403991699 -5.582432270050049 -4.319645881652832 -3.752378225326538 -5.737659454345703 -3.86157488822937 -6.415048599243164
eval_00654 6 -2.8712306022644043 -3.118621826171875 -4.8188700675964355 -5.1405229568481445 -3.1155619621276855 -1.622994065284729 -4.474398136138916 -3.110220432281494 -2.1738710403442383 -2.9218506813049316 -2.6313071250915527 -4.1157612800598145 -2.1447505950927734 -2.771880626678467 -3.6491856575012207 -6.759484767913818 -6.625094890594482 -6.236025333404541 -4.4380669593811035 -5.905008792877197 -5.628119468688965 -5.305529594421387 -5.814233303070068 -4.044192790985107 -5.488138675689697 -2.9771432876586914 -6.02001428604126 -6.171810150146484 -5.924627304077148 -5.197775840759277 -4.585154056549072
eval_00519 24 -3.490722894668579 -3.910489320755005 -3.4456467628479004 -3.397819757461548 -4.381094932556152 -3.1206469535827637 -3.081752061843872 -3.321481704711914 -4.895141124725342 -3.418358087539673 -4.206147193908691 -3.229706287384033 -3.696147918701172 -3.592522382736206 -3.6212494373321533 -3.3719849586486816 -3.1377854347229004 -5.418407440185547 -4.565940856933594 -4.523216247558594 -4.201389312744141 -3.486483335494995 -3.7429568767547607 -1.3801772594451904 -3.1902706623077393 -4.227657794952393 -4.535377502441406 -3.288236141204834 -4.310616493225098 -4.585358619689941 -3.9061267375946045
eval_00180 18 -5.668293476104736 -5.861654758453369 -5.172847747802734 -5.850390434265137 -6.004977703094482 -6.7286787033081055 -4.666487216949463 -5.3150858879089355 -5.4148969650268555 -6.052554607391357 -6.5424275398254395 -5.4971160888671875 -6.69945764541626 -6.10107421875 -5.9991135597229 -3.6898374557495117 -4.277747631072998 -0.4997096359729767 -4.399031639099121 -3.702258586883545 -4.350358963012695 -4.2311110496521 -4.29953670501709 -7.272755146026611 -5.176450252532959 -4.940676689147949 -4.127267360687256 -4.184679985046387 -2.8957414627075195 -2.4682931900024414 -3.2061266899108887
eval_00684 21 -5.178844451904297 -5.444154739379883 -6.999789714813232 -6.575120449066162 -5.9373393058776855 -3.992835521697998 -5.299328327178955 -4.905048370361328 -5.973437786102295 -5.100569248199463 -5.368607997894287 -6.141761779785156 -5.540186882019043 -5.379210948944092 -5.619434833526611 -4.233219146728516 -3.408754348754883 -4.584327697753906 -3.708129405975342 -5.044526100158691 -0.6033111810684204 -4.928796768188477 -4.219812393188477 -3.182861804962158 -3.23317289352417 -3.0260915756225586 -3.7837977409362793 -3.9760584831237793 -3.5442094802856445 -2.992659568786621 -3.963991641998291
eval_00025 5 -4.803590297698975 -3.9765589237213135 -3.793825149536133 -3.349457263946533 -0.28376442193984985 -5.10372257232666 -4.492815017700195 -4.550267696380615 -4.76312780380249 -4.836580753326416 -5.494590759277344 -4.243270397186279 -3.1670827865600586 -5.731379985809326 -5.337497234344482 -5.414198398590088 -4.945035934448242 -6.794473171234131 -6.626977443695068 -6.497622013092041 -6.441101551055908 -5.338925838470459 -6.212215900421143 -4.72327995300293 -6.425541877746582 -7.185311794281006 -6.868031978607178 -5.3853020668029785 -6.476356029510498 -8.220476150512695 -4.9723286628723145
eval_00389 10 -4.790582656860352 -6.298110008239746 -6.209314823150635 -4.874342918395996 -6.135258674621582 -6.5936126708984375 -5.439862251281738 -6.703462600708008 -8.54326343536377 -0.07636485993862152 -5.835568428039551 -6.237703800201416 -6.393450736999512 -5.114129543304443 -8.068065643310547 -7.3579535484313965 -4.703858852386475 -7.057019233703613 -6.764402866363525 -8.416608810424805 -5.809915542602539 -6.294896602630615 -6.536245822906494 -5.854958534240723 -7.046955585479736 -5.785012722015381 -6.0213847160339355 -5.9727301597595215 -6.759267330169678 -8.462124824523926 -8.662132263183594
eval_00178 6 -4.213842868804932 -4.852245807647705 -5.074317932128906 -4.015866279602051 -5.187915325164795 -0.23769935965538025 -5.094911575317383 -4.605564594268799 -5.274340629577637 -3.8241512775421143 -3.6145107746124268 -4.46338415145874 -3.502671480178833 -4.86931848526001 -4.872860908508301 -6.982570648193359 -6.618902206420898 -7.147810935974121 -7.179582595825195 -7.163248538970947 -6.07545280456543 -5.737583160400391 -6.73025369644165 -5.006611347198486 -6.589174270629883 -5.355729103088379 -5.471753120422363 -7.610459804534912 -7.277801036834717 -6.359701156616211 -7.012382507324219
eval_00252 19 -6.064438819885254 -5.794821739196777 -4.990728855133057 -3.9649858474731445 -4.860117435455322 -5.092874526977539 -5.667075157165527 -4.672750949859619 -5.024660110473633 -4.806607723236084 -4.178297519683838 -4.155308246612549 -3.685858726501465 -5.353084087371826 -4.130935192108154 -5.387637615203857 -3.991305351257324 -3.951321601867676 -0.4529036283493042 -3.8450984954833984 -4.939891338348389 -4.61318302154541 -4.226765155792236 -4.24514102935791 -4.808148384094238 -3.2939095497131348 -4.7566399574279785 -4.756927967071533 -4.22467565536499 -4.637844085693359 -3.9997196197509766
eval_00641 5 -4.613985538482666 -3.7965292930603027 -3.877798557281494 -3.4831666946411133 -0.2780023217201233 -5.316531181335449 -4.347001552581787 -4.546901226043701 -4.595683574676514 -4.577259540557861 -5.593199253082275 -4.154820442199707 -3.3472721576690674 -5.710113525390625 -5.360113620758057 -5.7144575119018555 -4.964641094207764 -6.768521785736084 -6.651864051818848 -6.6317219734191895 -6.460608959197998 -5.259982109069824 -6.209112167358398 -4.666373252868652 -6.72509765625 -7.067623615264893 -6.723577499389648 -5.436644554138184 -6.4982733726501465 -8.215560913085938 -5.132699489593506
eval_00630 8 -5.025763511657715 -4.748409748077393 -4.86565637588501 -6.217799186706543 -4.720911502838135 -3.2162258625030518 -4.959369659423828 -0.19313736259937286 -4.269834995269775 -5.487249851226807 -5.048159122467041 -5.448627948760986 -5.769652366638184 -4.886262893676758 -4.618901252746582 -6.100462436676025 -6.7340898513793945 -6.608569145202637 -5.464594841003418 -6.842291355133057 -6.396454811096191 -5.528077602386475 -7.509614944458008 -5.286877155303955 -5.426858901977539 -4.476672172546387 -6.818739891052246 -5.797318458557129 -7.086167335510254 -6.072303295135498 -6.991158962249756
eval_00726 10 -2.6785783767700195 -3.7230679988861084 -4.325399398803711 -3.893630266189575 -4.716849327087402 -4.748849868774414 -4.417386054992676 -2.798534393310547 -4.24945592880249 -0.7093598246574402 -3.2358450889587402 -3.3776488304138184 -3.632265329360962 -4.533743381500244 -4.440700531005859 -6.376025676727295 -4.469138145446777 -4.808866024017334 -3.4310801029205322 -5.708656311035156 -6.345481872558594 -4.362862586975098 -5.734612464904785 -3.490910053253174 -6.0496320724487305 -3.9895362854003906 -4.630783557891846 -4.688310623168945 -5.924347400665283 -5.571199893951416 -5.857852935791016
eval_00198 23 -6.742762088775635 -7.3808746337890625 -6.69072961807251 -5.310915470123291 -6.712418079376221 -5.539071083068848 -7.4308552742004395 -7.74277925491333 -7.674559593200684 -6.185604572296143 -6.099380970001221 -5.5431694984436035 -5.721949100494385 -7.155293941497803 -6.79702615737915 -3.4936492443084717 -5.581711769104004 -6.827824115753174 -5.6921706199646 -4.625497817993164 -4.152730941772461 -4.810188293457031 -0.2759768068790436 -4.605566024780273 -6.109950542449951 -3.264012336730957 -4.978540897369385 -3.2427093982696533 -3.525393486022949 -4.724226474761963 -5.087596893310547
eval_00692 6 -6.79377555847168 -7.157711982727051 -7.078990936279297 -4.884067535400391 -6.326913833618164 -0.16091275215148926 -6.39682674407959 -5.1992692947387695 -6.770839691162109 -6.457310676574707 -4.6084747314453125 -5.044790267944336 -4.152214050292969 -5.204128265380859 -5.106753349304199 -6.445590019226074 -6.687353134155273 -5.969803810119629 -4.79315185546875 -6.190363883972168 -4.213925361633301 -5.875308990478516 -5.6194047927856445 -4.747937202453613 -5.829509735107422 -5.136945724487305 -6.285966873168945 -6.947408676147461 -5.422548294067383 -4.366846084594727 -4.757943153381348
eval_00431 24 -5.536578178405762 -5.5535173416137695 -6.309536933898926 -4.921895980834961 -4.725711822509766 -4.013919830322266 -5.029909133911133 -3.2075488567352295 -4.834611892700195 -4.881852149963379 -6.537552833557129 -6.290092468261719 -5.635197639465332 -6.545291900634766 -6.203494071960449 -4.30672550201416 -3.0591232776641846 -6.026888847351074 -4.879340171813965 -5.703278541564941 -3.657120943069458 -3.110375165939331 -5.1555986404418945 -0.46207404136657715 -3.4293510913848877 -3.8561954498291016 -4.243165969848633 -5.047426223754883 -4.532652854919434 -4.280721187591553 -5.4089460372924805
eval_00264 1 -1.1210212707519531 -2.7111222743988037 -2.9755327701568604 -4.074760913848877 -3.2417588233947754 -4.4539947509765625 -3.237412929534912 -2.9969635009765625 -3.7927041053771973 -2.6119675636291504 -3.4980690479278564 -3.857937812805176 -3.6795172691345215 -3.5835514068603516 -3.6291701793670654 -4.356916427612305 -4.31658935546875 -4.270993709564209 -5.107301712036133 -4.8763041496276855 -4.536450386047363 -4.503842353820801 -4.770461082458496 -4.42603874206543 -5.043423652648926 -4.537123680114746 -4.511785507202148 -4.134210586547852 -4.225934982299805 -4.653665542602539 -4.769007682800293
eval_00285 21 -3.9682765007019043 -3.6024117469787598 -5.826901912689209 -6.808745861053467 -6.280460357666016 -6.494070053100586 -5.498773097991943 -6.245413780212402 -6.9095025062561035 -4.191695690155029 -6.298594951629639 -5.5314764976501465 -6.902015686035156 -5.141656398773193 -6.48102331161499 -3.43196964263916 -3.4447250366210938 -3.975579261779785 -7.326385974884033 -6.374345302581787 -0.731667160987854 -2.885946273803711 -4.350530624389648 -4.4300665855407715 -3.254581928253174 -5.593543529510498 -1.8739265203475952 -3.930544853210449 -4.255804061889648 -4.3797287940979 -3.873128890991211
eval_00245 27 -5.831431865692139 -4.584863662719727 -8.473654747009277 -6.275063514709473 -7.803145408630371 -5.426674842834473 -5.862703323364258 -7.727713584899902 -6.754101276397705 -5.298508167266846 -6.080682277679443 -6.0133819580078125 -6.141234874725342 -6.487768650054932 -6.551711559295654 -7.651247024536133 -4.192085266113281 -5.904407978057861 -6.355802536010742 -6.319012641906738 -4.506579399108887 -5.307856559753418 -5.6360368728637695 -3.6073617935180664 -4.938903331756592 -6.111168384552002 -0.14536942541599274 -6.023183822631836 -6.35744047164917 -6.073239326477051 -4.4565534591674805
eval_00055 12 -6.1021409034729 -5.875977516174316 -4.2101263999938965 -2.2413883209228516 -5.119839191436768 -6.219428062438965 -2.844212532043457 -4.7917585372924805 -4.9355292320251465 -5.255308628082275 -4.345483779907227 -0.3661174774169922 -4.0948166847229 -4.7099199295043945 -4.1314239501953125 -5.660387992858887 -6.371214866638184 -6.745065212249756 -5.399238586425781 -5.486911773681641 -7.447536945343018 -6.745334625244141 -5.828469753265381 -5.37579345703125 -8.249679565429688 -5.568991184234619 -5.99503231048584 -5.341495037078857 -6.611905097961426 -6.659022808074951 -7.604677677154541
eval_00165 31 -6.788460731506348 -6.031156539916992 -5.677337646484375 -7.400463581085205 -6.765514373779297 -7.086817741394043 -9.344897270202637 -7.305867671966553 -6.679328441619873 -7.599528789520264 -6.782954216003418 -8.441418647766113 -6.507883071899414 -8.173032760620117 -6.882590293884277 -5.919436931610107 -4.843090057373047 -5.439150810241699 -6.957985877990723 -5.873255729675293 -4.979953765869141 -5.025690078735352 -5.6248016357421875 -7.258732795715332 -7.178232192993164 -7.297721862792969 -5.659931182861328 -5.787696838378906 -5.064626693725586 -5.530976295471191 -0.07355228811502457
eval_00185 24 -6.203114032745361 -6.078024387359619 -7.795772075653076 -6.024674892425537 -5.527812957763672 -6.4114909172058105 -5.164331912994385 -5.700109958648682 -5.8131208419799805 -5.028875350952148 -7.524545192718506 -7.012838840484619 -6.415203094482422 -7.529032230377197 -7.858081340789795 -6.704780101776123 -3.208202838897705 -7.763473987579346 -6.740627288818359 -7.241314888000488 -4.7240824699401855 -4.123517036437988 -6.343944549560547 -0.14404645562171936 -4.839090824127197 -5.762269496917725 -4.610057830810547 -5.813685894012451 -6.341842174530029 -6.813644886016846 -6.780484676361084
eval_00400 10 -4.092082977294922 -5.4495978355407715 -4.937093734741211 -4.058983325958252 -4.973842620849609 -5.670313358306885 -5.170792102813721 -5.526223182678223 -6.84939432144165 -0.14843343198299408 -5.222240924835205 -5.634433269500732 -5.693345546722412 -5.279477119445801 -7.024735450744629 -6.426687240600586 -4.2660040855407715 -6.510983467102051 -6.083216190338135 -7.608065128326416 -5.445842266082764 -5.8659138679504395 -6.101533889770508 -5.10919713973999 -6.429965019226074 -5.5422797203063965 -5.4440226554870605 -5.578917026519775 -5.963898181915283 -6.99250602722168 -7.3756327629089355
eval_00158 30 -5.760751724243164 -5.557614326477051 -5.620577812194824 -6.169154644012451 -5.354744911193848 -5.339957237243652 -4.505626678466797 -5.0700531005859375 -4.1299872398376465 -5.7151594161987305 -5.7567057609558105 -5.199703216552734 -4.894124984741211 -4.90098762512207 -5.021873474121094 -2.50526762008667 -4.608892440795898 -3.2824084758758545 -3.6846609115600586 -1.943962812423706 -3.0975828170776367 -4.287771224975586 -2.7978596687316895 -5.458344459533691 -3.0140929222106934 -3.5108113288879395 -4.901895523071289 -3.76739501953125 -2.1133499145507812 -1.5815749168395996 -2.930589199066162
eval_00522 22 -5.831676483154297 -7.267847537994385 -4.417924404144287 -6.053297519683838 -5.5572991371154785 -5.386581897735596 -6.4250617027282715 -4.894511699676514 -6.178628444671631 -5.161097526550293 -4.720193386077881 -5.938527584075928 -6.213538646697998 -5.191871166229248 -6.352386951446533 -6.38734245300293 -4.516203880310059 -4.9266228675842285 -6.392854690551758 -8.518499374389648 -4.243457317352295 -0.24216803908348083 -6.533937931060791 -3.540461540222168 -4.432093143463135 -6.205873012542725 -6.573657989501953 -4.848259449005127 -5.752597332000732 -5.451229572296143 -2.9249632358551025
eval_00344 3 -4.138717174530029 -3.966168165206909 -0.2870423495769501 -3.0991556644439697 -3.7347710132598877 -6.977713108062744 -6.142505645751953 -4.912493705749512 -5.451188564300537 -4.704122543334961 -3.689239501953125 -4.850532531738281 -4.518521308898926 -3.3214683532714844 -4.082793235778809 -5.332908630371094 -6.488654613494873 -5.548154354095459 -6.72457218170166 -6.494029998779297 -7.655029773712158 -5.713603496551514 -7.1753668785095215 -8.53654956817627 -7.170819282531738 -8.659053802490234 -7.451770305633545 -6.727883815765381 -6.797531604766846 -8.529129028320312 -5.663328647613525
eval_00535 3 -4.959203243255615 -5.279045581817627 -0.1352432370185852 -4.650293350219727 -4.180051326751709 -7.944997310638428 -5.677216053009033 -5.274775505065918 -5.326600074768066 -5.6668267250061035 -4.064228534698486 -5.875077247619629 -6.264756679534912 -3.960268974304199 -4.407443523406982 -5.772620677947998 -6.21293306350708 -5.589696884155273 -6.741191864013672 -6.979599952697754 -7.37929630279541 -6.092665672302246 -7.232503414154053 -9.298784255981445 -7.550238609313965 -8.897055625915527 -7.241922378540039 -6.798769950866699 -7.497872352600098 -8.663810729980469 -6.648849964141846
eval_00688 9 -2.12437105178833 -2.4580576419830322 -2.8897478580474854 -4.863901138305664 -1.9802801609039307 -3.817720890045166 -4.69626522064209 -3.1116182804107666 -1.5579545497894287 -2.399176836013794 -3.835536241531372 -4.896906852722168 -4.096088409423828 -4.008313179016113 -4.0460405349731445 -4.491360187530518 -4.446222305297852 -4.024709701538086 -5.125992774963379 -4.422199249267578 -4.944352149963379 -5.719555854797363 -5.254595756530762 -6.32902717590332 -4.405237197875977 -4.561592102050781 -4.8580145835876465 -4.436033248901367 -5.063693046569824 -4.946775436401367 -5.698882102966309
eval_00612 26 -4.4399518966674805 -4.292593002319336 -5.008591175079346 -4.867893695831299 -4.722202301025391 -4.01249885559082 -4.258656978607178 -3.4284300804138184 -4.072576999664307 -4.526616096496582 -4.746372222900391 -4.632281303405762 -4.102099418640137 -4.048773288726807 -4.369660377502441 -4.065836429595947 -4.114124298095703 -3.2121686935424805 -2.6671900749206543 -3.238630771636963 -3.2668800354003906 -4.030628204345703 -2.865832805633545 -3.3902668952941895 -3.1664175987243652 -1.2290843725204468 -4.261157989501953 -2.9476866722106934 -3.8141798973083496 -3.92056941986084 -3.8357911109924316
eval_00350 5 -5.108706951141357 -4.0624308586120605 -3.5152997970581055 -3.823155164718628 -1.2671732902526855 -2.9884896278381348 -4.526353359222412 -3.210904121398926 -3.822878122329712 -4.6078619956970215 -4.985024452209473 -3.763920307159424 -1.6152675151824951 -4.234376430511475 -3.937546730041504 -3.595935821533203 -4.947176933288574 -5.518222332000732 -4.459907054901123 -4.011708736419678 -5.706393718719482 -4.160756587982178 -4.508864879608154 -3.7029457092285156 -3.6727778911590576 -5.202116012573242 -7.280832767486572 -4.45410680770874 -4.04539155960083 -5.387546062469482 -2.8264412879943848
eval_00424 18 -6.172986030578613 -5.1789021492004395 -4.795913219451904 -5.7010111808776855 -5.418741226196289 -5.835996627807617 -4.82424783706665 -5.525493621826172 -5.909449577331543 -5.64899206161499 -5.5384955406188965 -4.508090972900391 -5.602113246917725 -5.543406963348389 -5.876183032989502 -5.50800085067749 -4.830947399139404 -0.35719648003578186 -4.172933101654053 -4.051211357116699 -4.896621227264404 -3.4846270084381104 -4.633211612701416 -6.044430255889893 -4.525862216949463 -4.745190620422363 -4.547641277313232 -3.360649585723877 -3.682713747024536 -4.140954971313477 -3.53647780418396
eval_00600 29 -7.086706638336182 -5.817346096038818 -5.128369331359863 -4.494259834289551 -5.386058330535889 -6.500439167022705 -6.677038669586182 -5.876377582550049 -7.353719711303711 -5.676705837249756 -6.618673324584961 -5.698672771453857 -6.3915581703186035 -6.638455867767334 -5.739805221557617 -4.898002624511719 -4.779332637786865 -4.423800945281982 -4.963999271392822 -4.488861083984375 -4.225943088531494 -5.562169551849365 -4.511402606964111 -5.051205158233643 -5.702136993408203 -5.509255886077881 -5.558491230010986 -4.230151176452637 -0.19622188806533813 -4.219673156738281 -4.629613399505615
eval_00034 10 -3.4917867183685303 -4.860123634338379 -4.313281059265137 -4.078722953796387 -3.8978450298309326 -5.227518081665039 -4.562711715698242 -3.9530999660491943 -6.043519973754883 -0.27924656867980957 -3.8722288608551025 -5.5082197189331055 -5.002119064331055 -4.966355323791504 -6.247806549072266 -6.70166015625 -4.385348320007324 -4.631390571594238 -5.484132766723633 -6.983109474182129 -5.166099548339844 -5.350146293640137 -6.081829071044922 -5.964554786682129 -6.554125785827637 -5.241642951965332 -5.139680862426758 -4.633723258972168 -4.948041915893555 -6.125200271606445 -6.442228317260742
eval_00618 3 -4.549644470214844 -4.443150520324707 -0.1775667667388916 -4.243561744689941 -3.4802238941192627 -7.6370954513549805 -5.935033798217773 -5.143502235412598 -5.04115104675293 -5.829930305480957 -4.516648292541504 -5.250348091125488 -5.390175819396973 -4.387124061584473 -4.477846145629883 -5.280946731567383 -5.770108222961426 -4.624090194702148 -6.976971626281738 -6.189913749694824 -7.280980110168457 -6.137563705444336 -7.001090049743652 -9.248610496520996 -6.758114814758301 -8.76300048828125 -6.578514099121094 -7.358246803283691 -6.584048271179199 -7.723989486694336 -6.08160400390625
eval_00010 6 -4.710603713989258 -5.56598424911499 -6.842525482177734 -5.447904586791992 -6.353928089141846 -0.11043548583984375 -6.298417091369629 -5.471137046813965 -6.060884475708008 -4.799273490905762 -4.259711742401123 -5.88736629486084 -4.360527038574219 -5.806960582733154 -5.189675807952881 -7.546877861022949 -7.410054683685303 -7.329007625579834 -7.055765151977539 -8.197490692138672 -6.070046901702881 -5.75145959854126 -7.16403865814209 -5.023460388183594 -6.259456634521484 -5.206894397735596 -5.888463020324707 -8.508203506469727 -7.529933929443359 -6.250044345855713 -6.7689924240112305
eval_00355 3 -3.943549156188965 -4.092112064361572 -0.2707453668117523 -2.898098945617676 -4.00266695022583 -5.298866271972656 -6.442974090576172 -4.909176349639893 -6.1057634353637695 -3.7565419673919678 -4.063667297363281 -5.142454147338867 -4.68964147567749 -4.382608413696289 -4.6097235679626465 -5.148422718048096 -4.951809406280518 -5.613424301147461 -6.372218132019043 -6.9920854568481445 -7.430746555328369 -5.302794456481934 -7.035144329071045 -8.535948753356934 -6.760644912719727 -8.018110275268555 -7.11789608001709 -6.839694976806641 -6.369146823883057 -8.356341361999512 -6.047782897949219
eval_00523 1 -1.3571124076843262 -3.286200523376465 -2.179403066635132 -3.6995906829833984 -3.0556111335754395 -4.635962009429932 -3.357039451599121 -4.26863431930542 -2.541468858718872 -3.568941593170166 -3.1220457553863525 -4.454779148101807 -3.672266721725464 -2.634570837020874 -3.230968713760376 -3.9835946559906006 -4.1512908935546875 -4.341106414794922 -5.26973295211792 -4.159814834594727 -4.790624618530273 -5.2759294509887695 -4.205167293548584 -5.925801753997803 -4.560009956359863 -4.462912082672119 -4.87551212310791 -4.928657531738281 -4.719799518585205 -4.487650394439697 -5.076076984405518
eval_00324 31 -5.2096710205078125 -5.361452102661133 -5.326704502105713 -5.626559257507324 -3.646695613861084 -5.002026557922363 -6.899044513702393 -5.661971092224121 -4.806744575500488 -5.593036651611328 -4.041306972503662 -6.182934761047363 -3.416687488555908 -5.766829013824463 -4.468945503234863 -5.17489767074585 -2.8505263328552246 -3.2198362350463867 -2.4112205505371094 -3.305258274078369 -4.454057693481445 -3.364797592163086 -3.1330418586730957 -4.276310443878174 -3.3004202842712402 -3.5135369300842285 -2.7592034339904785 -4.7659783363342285 -3.746215343475342 -4.15949010848999 -1.0387309789657593
eval_00437 4 -4.3215250968933105 -3.8535852432250977 -2.880378246307373 -1.5982505083084106 -2.999237060546875 -2.7847800254821777 -2.3621301651000977 -2.8667712211608887 -4.232163429260254 -4.22377872467041 -2.590209484100342 -2.4191842079162598 -3.631805419921875 -2.8887805938720703 -3.2563371658325195 -3.971182346343994 -5.041347026824951 -5.5077385902404785 -5.200315475463867 -4.774292469024658 -5.167977809906006 -5.135183811187744 -4.431253433227539 -5.8959174156188965 -5.458649158477783 -5.622495174407959 -4.949434280395508 -4.019519805908203 -4.3662848472595215 -5.053951263427734 -4.698296546936035
eval_00482 31 -5.116965293884277 -4.693272590637207 -4.297608852386475 -5.27469539642334 -5.134219646453857 -4.787812232971191 -7.002429962158203 -4.523715972900391 -5.746743679046631 -5.257204532623291 -5.136922359466553 -6.362955093383789 -4.897067546844482 -5.8069682121276855 -4.9111127853393555 -4.876025199890137 -3.769869327545166 -4.730078220367432 -5.290194988250732 -5.4209980964660645 -4.059808254241943 -3.514615535736084 -4.611386775970459 -4.929649353027344 -4.588261604309082 -5.950532913208008 -5.1510725021362305 -4.344511985778809 -3.4119861125946045 -4.165079593658447 -0.3381262719631195
eval_00288 11 -3.694042444229126 -4.813283920288086 -3.2866482734680176 -4.635256767272949 -3.565418243408203 -4.1287336349487305 -4.34650993347168 -4.879353046417236 -2.770907402038574 -4.1551713943481445 -0.8577146530151367 -4.039728164672852 -3.9156529903411865 -2.217832088470459 -1.9403324127197266 -5.635077476501465 -6.4917120933532715 -5.586225986480713 -4.491296768188477 -6.082763671875 -5.161169528961182 -5.85991096496582 -5.454802989959717 -5.975996017456055 -6.3084492683410645 -6.117358684539795 -4.403810977935791 -6.971783638000488 -6.017452716827393 -6.107392311096191 -5.824957370758057
eval_00657 26 -6.914573669433594 -7.081645965576172 -6.664691925048828 -5.079361915588379 -6.040624618530273 -5.382076263427734 -5.6078643798828125 -5.929647445678711 -5.695547103881836 -5.936067581176758 -5.31904411315918 -5.263811111450195 -5.3155622482299805 -6.909453392028809 -5.554953575134277 -6.041351318359375 -5.493344306945801 -4.154265880584717 -1.0283830165863037 -3.3016412258148193 -5.509377479553223 -6.881936073303223 -3.596778154373169 -5.099950790405273 -6.211197853088379 -0.7894303798675537 -4.927316665649414 -4.604406356811523 -4.488397598266602 -4.583564758300781 -6.501138687133789
eval_00065 2 -3.624067544937134 -0.08955046534538269 -5.657811164855957 -6.988884449005127 -6.654495716094971 -6.466741561889648 -5.3395867347717285 -6.593968868255615 -5.396027565002441 -6.741122722625732 -7.903128147125244 -5.700415134429932 -6.442877292633057 -5.381715774536133 -5.618321418762207 -5.643396854400635 -6.826474666595459 -5.482900619506836 -8.652652740478516 -5.489057540893555 -6.887999057769775 -7.650042533874512 -8.246423721313477 -8.981511116027832 -5.8464484214782715 -8.080881118774414 -5.535797119140625 -8.052740097045898 -6.631369113922119 -6.314245700836182 -7.198906421661377
eval_00557 18 -5.469030380249023 -4.081495761871338 -4.766801834106445 -4.961723327636719 -5.693632125854492 -6.321718692779541 -4.89898681640625 -6.313048362731934 -5.179042816162109 -4.679985046386719 -5.376485347747803 -5.012249946594238 -4.455442905426025 -6.134572505950928 -5.111783027648926 -4.924575328826904 -4.77741003036499 -0.4535987973213196 -4.58784818649292 -3.1178345680236816 -4.596676826477051 -5.107501983642578 -5.534812927246094 -7.028356075286865 -5.02156400680542 -4.351329326629639 -4.159032344818115 -5.037898540496826 -2.2590649127960205 -3.9117536544799805 -4.556606769561768
eval_00295 10 -3.005913734436035 -3.710369110107422 -3.680417537689209 -3.939499855041504 -4.428408622741699 -4.8787713050842285 -4.607832908630371 -3.4275779724121094 -5.093106746673584 -0.48500025272369385 -3.4613118171691895 -4.590888500213623 -4.3871283531188965 -4.188704013824463 -4.8406476974487305 -5.748942852020264 -4.2636919021606445 -4.726379871368408 -4.750625133514404 -6.135616779327393 -5.711584568023682 -4.602036476135254 -5.482809543609619 -4.401297569274902 -5.894653797149658 -4.975834369659424 -3.964184284210205 -4.27196741104126 -5.199490070343018 -5.850370407104492 -5.863890171051025
eval_00711 8 -2.6228675842285156 -3.247178316116333 -3.244356155395508 -4.530675411224365 -3.1546854972839355 -3.0159308910369873 -4.241977691650391 -1.044884204864502 -3.363156795501709 -3.3997585773468018 -3.516204595565796 -4.622488021850586 -3.8407084941864014 -3.740238666534424 -3.40832257270813 -4.792152404785156 -3.932067394256592 -5.316444396972656 -4.354015827178955 -5.054715156555176 -4.465681076049805 -4.4197211265563965 -4.765059471130371 -4.125950813293457 -4.552940368652344 -3.6271772384643555 -4.495598316192627 -4.104338645935059 -4.897477626800537 -4.798399448394775 -4.242036819458008
eval_00067 8 -5.465607643127441 -5.169362545013428 -4.055293560028076 -3.724851608276367 -3.597327470779419 -4.062455654144287 -4.83436393737793 -0.3416042625904083 -5.03372049331665 -3.697906494140625 -4.026330471038818 -3.5124588012695312 -5.31655740737915 -4.3276543617248535 -4.25193452835083 -5.958061218261719 -6.3995680809021 -6.360599517822266 -4.2086286544799805 -6.409936904907227 -5.896096229553223 -5.447888374328613 -6.652673721313477 -4.027266979217529 -6.655259132385254 -4.467454433441162 -6.160216808319092 -5.139097213745117 -5.968662261962891 -6.364946365356445 -7.64385986328125
eval_00015 12 -2.801558017730713 -3.259855270385742 -4.328099727630615 -3.3455824851989746 -4.151494979858398 -4.851201057434082 -3.4478139877319336 -3.5387964248657227 -4.763351917266846 -2.719172477722168 -4.085495948791504 -0.6795238256454468 -2.744723320007324 -3.479259490966797 -4.858883857727051 -4.095207214355469 -7.076529026031494 -6.458831310272217 -7.017280578613281 -5.456815242767334 -6.524630069732666 -5.511581897735596 -5.787166118621826 -4.625159740447998 -6.860894203186035 -5.045934200286865 -5.083478927612305 -5.41267728805542 -6.3167500495910645 -5.457355499267578 -8.395271301269531
eval_00218 24 -7.4503889083862305 -7.174422740936279 -8.71074104309082 -5.742746353149414 -6.198535442352295 -5.179534912109375 -5.609697341918945 -5.67512845993042 -6.701487064361572 -5.357207298278809 -7.774721622467041 -5.43739652633667 -6.535145282745361 -7.279438495635986 -7.936985492706299 -7.537456512451172 -5.15122652053833 -7.3086628913879395 -6.389294624328613 -7.225618362426758 -5.097212314605713 -4.9595794677734375 -5.597412586212158 -0.09008953720331192 -5.157473087310791 -5.2935709953308105 -6.710078716278076 -4.484097480773926 -6.6763811111450195 -6.53126335144043 -6.706773281097412
eval_00269 27 -3.8937859535217285 -3.6262412071228027 -4.650547027587891 -5.308465957641602 -4.117247104644775 -6.020630836486816 -4.465445041656494 -5.072020530700684 -4.987067699432373 -3.918083667755127 -5.477569580078125 -4.488785266876221 -4.978200435638428 -5.765841007232666 -5.686233997344971 -2.8768296241760254 -2.4494314193725586 -3.474844455718994 -4.7403483390808105 -4.496242046356201 -1.9896997213363647 -2.4321398735046387 -3.2778830528259277 -3.645906925201416 -3.6949191093444824 -3.795076370239258 -1.7854782342910767 -2.603724479675293 -3.5379953384399414 -3.969275951385498 -3.59030818939209
eval_00577 27 -5.645046234130859 -4.991147994995117 -6.7448344230651855 -4.379823207855225 -6.417059898376465 -6.040095806121826 -5.40185546875 -6.509926795959473 -7.009233474731445 -3.5298476219177246 -6.261563777923584 -5.306362152099609 -6.680209636688232 -6.3257622718811035 -5.997390270233154 -4.842613220214844 -2.9021902084350586 -4.971256256103516 -6.300662040710449 -5.723016262054443 -2.982269287109375 -3.5336403846740723 -3.744424343109131 -2.5747971534729004 -4.438790321350098 -5.361289024353027 -0.48150435090065 -4.9499688148498535 -4.584060192108154 -4.56541109085083 -4.997401714324951
eval_00505 22 -4.889786720275879 -5.0429487228393555 -5.704031944274902 -4.8582258224487305 -4.6122589111328125 -6.364974021911621 -4.8208465576171875 -6.616847038269043 -5.021670341491699 -4.394198417663574 -5.548381805419922 -4.9366044998168945 -4.294989109039307 -5.121522903442383 -5.836132049560547 -3.3785946369171143 -3.6071996688842773 -2.8680529594421387 -2.555394411087036 -2.5896692276000977 -3.7926340103149414 -2.0883796215057373 -2.205209493637085 -4.807359218597412 -2.117611885070801 -2.893448829650879 -3.0840306282043457 -3.890303611755371 -2.610232353210449 -3.214794874191284 -4.587194442749023
eval_00302 27 -5.223124980926514 -5.328487873077393 -6.8820295333862305 -5.112019062042236 -7.380814075469971 -6.729983329772949 -5.8888702392578125 -7.254953861236572 -6.660532474517822 -5.531415939331055 -5.862609386444092 -6.20408296585083 -6.188388347625732 -6.264056205749512 -6.2414469718933105 -6.030214309692383 -3.005368232727051 -4.592081546783447 -6.177488327026367 -5.437104225158691 -3.143312692642212 -5.46497106552124 -5.092868804931641 -5.441628932952881 -5.740835666656494 -5.553421497344971 -0.21156226098537445 -6.221185684204102 -5.799710273742676 -5.5746307373046875 -4.619150161743164
eval_00704 1 -0.21230892837047577 -3.578878879547119 -4.162647724151611 -5.140131950378418 -5.942119121551514 -4.831573486328125 -4.794572830200195 -5.26206111907959 -4.212923049926758 -4.396295547485352 -4.337152004241943 -5.889683723449707 -5.007795810699463 -3.7293014526367188 -5.340363502502441 -7.076794147491455 -5.1442179679870605 -5.848306179046631 -6.850762367248535 -7.1297831535339355 -5.508148670196533 -5.573188304901123 -6.847886085510254 -5.785815238952637 -5.493268013000488 -6.018370628356934 -6.117653846740723 -7.126588821411133 -8.265396118164062 -5.430571556091309 -6.29822301864624
eval_00442 10 -3.2399535179138184 -4.808941841125488 -4.592982769012451 -4.093320369720459 -5.207127571105957 -5.104837417602539 -4.539126396179199 -3.6770241260528564 -6.361206531524658 -0.2679138779640198 -4.238186836242676 -5.418906211853027 -5.950466156005859 -4.226520538330078 -6.073832035064697 -6.252566814422607 -4.116268634796143 -6.661012172698975 -6.242804527282715 -7.295855522155762 -5.055002212524414 -5.695461273193359 -5.851565361022949 -4.635579586029053 -6.629324436187744 -4.6454243659973145 -5.053053379058838 -4.984191417694092 -5.97429084777832 -6.402814865112305 -7.6855926513671875
eval_00551 27 -5.42387056350708 -5.150724411010742 -6.211535453796387 -4.6126275062561035 -6.855035781860352 -6.089151859283447 -5.530543327331543 -6.999096870422363 -6.797839641571045 -4.993021488189697 -5.780162334442139 -6.131012916564941 -6.193238258361816 -6.63546895980835 -6.115264415740967 -5.882641792297363 -2.9589452743530273 -4.010734558105469 -5.876072406768799 -5.533813953399658 -3.4490230083465576 -5.167200088500977 -4.703212738037109 -4.725613117218018 -4.09402322769165 -5.207833290100098 -0.2555824816226959 -5.484779357910156 -5.4012908935546875 -5.144317626953125 -5.321349143981934
eval_00111 20 -7.211858749389648 -5.541857719421387 -5.612261772155762 -6.667908668518066 -5.421114921569824 -6.769033432006836 -7.3650054931640625 -6.930983543395996 -4.72102165222168 -8.338652610778809 -6.271234512329102 -6.911375999450684 -5.327997207641602 -6.586155891418457 -5.475425720214844 -3.4861257076263428 -4.702760696411133 -3.6031646728515625 -2.654245615005493 -0.5043761730194092 -4.762762069702148 -7.121674537658691 -3.0922069549560547 -7.007556915283203 -4.790508270263672 -3.315561532974243 -4.767886161804199 -3.62416672706604 -3.5940427780151367 -4.910100936889648 -3.0094711780548096
eval_00143 21 -5.6628313064575195 -5.4051313400268555 -7.36771821975708 -6.073648929595947 -5.461756706237793 -4.258059978485107 -5.713928699493408 -5.395030498504639 -6.541438579559326 -4.2516560554504395 -5.386064529418945 -6.280774116516113 -6.247151851654053 -5.094451904296875 -5.586402893066406 -5.094974517822266 -3.838768243789673 -5.244435787200928 -4.416656494140625 -5.878101825714111 -0.5428233742713928 -4.564045429229736 -3.8072879314422607 -2.3608922958374023 -3.5728416442871094 -3.3385071754455566 -3.3599693775177 -3.8104519844055176 -3.9140684604644775 -4.440131664276123 -3.8702564239501953
eval_00280 29 -8.124844551086426 -6.404682636260986 -6.32583475112915 -6.4873576164245605 -6.980613708496094 -7.629068851470947 -7.28043794631958 -7.174478054046631 -8.438652992248535 -6.7138214111328125 -7.125051975250244 -6.654862880706787 -9.005669593811035 -7.486490726470947 -5.753090858459473 -5.455294609069824 -4.972867965698242 -4.964138984680176 -5.910439968109131 -5.32028341293335 -5.053797245025635 -6.236847400665283 -4.904191017150879 -5.834188461303711 -5.3574538230896 -5.529110908508301 -6.177696704864502 -3.8640944957733154 -0.10846763104200363 -5.050909519195557 -5.366185188293457
eval_00710 29 -6.838415145874023 -6.705480575561523 -5.90728759765625 -5.812543869018555 -6.22428035736084 -5.902952194213867 -5.247047424316406 -5.6888017654418945 -5.335870742797852 -6.359452247619629 -5.978144645690918 -5.327055931091309 -6.867864608764648 -6.249207496643066 -4.601661682128906 -3.525794506072998 -4.145662307739258 -3.245032787322998 -4.058710098266602 -3.2407066822052 -4.322897911071777 -5.218069076538086 -3.827671766281128 -6.1519975662231445 -3.517681121826172 -4.684911727905273 -4.81697940826416 -4.090886116027832 -0.6283848285675049 -2.0643956661224365 -3.1140568256378174
eval_00047 17 -4.159234046936035 -4.01331901550293 -3.942830801010132 -5.09598970413208 -5.086549282073975 -5.6634368896484375 -4.887200832366943 -5.158058166503906 -4.390612602233887 -4.4778151512146 -5.0264105796813965 -5.848278999328613 -4.553978443145752 -6.435212135314941 -6.052740097045898 -3.953395128250122 -0.7337424159049988 -2.601393461227417 -3.860015630722046 -3.322056531906128 -4.544455528259277 -4.3764119148254395 -4.964818954467773 -4.5357441902160645 -3.8530561923980713 -4.754705905914307 -2.1380980014801025 -3.717999219894409 -4.901883602142334 -4.464033126831055 -4.86350154876709
eval_00348 24 -6.303153991699219 -7.045357704162598 -8.753302574157715 -6.753416538238525 -5.71646785736084 -5.557284832000732 -5.5462965965271 -5.414741039276123 -6.785848617553711 -5.1401286125183105 -8.00226879119873 -7.428227424621582 -7.471327781677246 -7.561203956604004 -8.574570655822754 -6.234394550323486 -3.6460232734680176 -7.769538879394531 -6.719109058380127 -7.168715476989746 -3.7368531227111816 -3.550306797027588 -5.098872661590576 -0.1718071848154068 -4.737823963165283 -4.897731304168701 -4.7719268798828125 -4.951955318450928 -5.855778694152832 -5.839095592498779 -5.991032600402832
eval_00092 4 -5.721574783325195 -5.410266399383545 -1.2972453832626343 -1.277305006980896 -1.956565260887146 -4.294684410095215 -5.876009941101074 -5.622281551361084 -5.713904857635498 -5.82492208480835 -3.6503701210021973 -2.082045555114746 -3.0154590606689453 -3.8632092475891113 -4.180271625518799 -6.124372959136963 -5.7667317390441895 -5.721677303314209 -5.652547359466553 -6.119060039520264 -7.421014308929443 -5.785587787628174 -6.306337833404541 -6.467520236968994 -6.41545295715332 -7.500305652618408 -7.030588626861572 -7.102933883666992 -7.594589710235596 -7.764167308807373 -4.568230628967285
eval_00514 12 -6.5447516441345215 -5.160871982574463 -6.077008247375488 -5.327115058898926 -5.992787837982178 -5.431147575378418 -5.132197856903076 -4.925813674926758 -6.386037349700928 -5.99366569519043 -5.899270057678223 -0.10709328204393387 -4.3190693855285645 -4.42717981338501 -4.163766384124756 -6.07991886138916 -8.912798881530762 -6.265582084655762 -6.742528915405273 -6.550364017486572 -6.955260276794434 -7.784726619720459 -6.420294284820557 -6.808136463165283 -7.9542670249938965 -6.641784191131592 -7.8726677894592285 -5.855858325958252 -7.527075290679932 -6.899332523345947 -6.223079204559326
eval_00447 1 -2.05730938911438 -2.9371893405914307 -3.103287696838379 -4.291868209838867 -2.060912847518921 -2.170750379562378 -4.584127426147461 -2.4753973484039307 -3.433382511138916 -2.1119346618652344 -3.9607186317443848 -5.010156154632568 -3.3812079429626465 -4.445629596710205 -4.273209571838379 -4.1143083572387695 -3.7147202491760254 -5.693538188934326 -5.144142150878906 -4.984006404876709 -4.40585994720459 -5.369595050811768 -4.913823127746582 -4.883883476257324 -4.147302627563477 -5.72139835357666 -4.0316853523254395 -3.6949620246887207 -4.119894981384277 -4.630276679992676 -4.60837459564209
eval_00469 21 -6.3487443923950195 -7.0964860916137695 -7.89743709564209 -7.253918170928955 -7.972940444946289 -5.079352378845215 -6.914863586425781 -7.11916446685791 -8.271247863769531 -6.00300407409668 -5.9402923583984375 -7.4721198081970215 -7.70929479598999 -5.670476913452148 -7.023590087890625 -5.233154296875 -5.985810279846191 -6.70350456237793 -7.020810127258301 -7.435799598693848 -0.10410406440496445 -5.668581485748291 -4.992522239685059 -4.371333122253418 -5.350999355316162 -5.1938323974609375 -4.569782733917236 -5.628676414489746 -5.488312721252441 -5.000017166137695 -4.883186340332031
eval_00440 26 -4.836458206176758 -4.838581562042236 -5.0119829177856445 -5.570907115936279 -5.3192362785339355 -5.324694633483887 -4.583367347717285 -3.9753453731536865 -4.354294776916504 -4.472103118896484 -5.193246841430664 -4.297605514526367 -5.005883693695068 -4.3539838790893555 -4.4954633712768555 -3.972329616546631 -4.172084808349609 -3.181942939758301 -3.0720748901367188 -3.071928024291992 -2.7467331886291504 -3.4616823196411133 -2.8033623695373535 -3.4555060863494873 -3.201854705810547 -1.3691802024841309 -4.303974151611328 -2.7810158729553223 -2.670194149017334 -3.387877941131592 -3.468447208404541
eval_00373 20 -6.840668678283691 -6.045170783996582 -5.559220314025879 -6.5453996658325195 -5.856998443603516 -6.564139366149902 -6.628803253173828 -6.83918571472168 -4.877895355224609 -7.381717681884766 -5.807618141174316 -6.608001708984375 -5.964287757873535 -6.094404220581055 -5.206653594970703 -4.784982681274414 -4.582683086395264 -3.380847692489624 -2.2739450931549072 -0.5894453525543213 -4.894176483154297 -5.7046613693237305 -2.9107565879821777 -6.316476821899414 -4.764218330383301 -2.627960681915283 -4.292036533355713 -3.4191901683807373 -3.637481927871704 -4.490688323974609 -3.921473503112793
eval_00266 9 -3.3894848823547363 -3.535776376724243 -4.29382848739624 -5.405229568481445 -4.345473289489746 -5.287707805633545 -3.721292018890381 -4.099422931671143 -0.30705127120018005 -4.929659366607666 -5.11303186416626 -5.400107383728027 -4.327937126159668 -4.620158672332764 -4.244557857513428 -5.351419448852539 -5.5138630867004395 -5.334191799163818 -5.410761833190918 -4.541866779327393 -6.698362827301025 -5.159264087677002 -6.357183456420898 -4.959959030151367 -5.557327747344971 -5.910325050354004 -5.1773810386657715 -6.046339511871338 -6.794799327850342 -5.506641864776611 -5.254905700683594
eval_00436 14 -3.2133610248565674 -3.8756489753723145 -3.29610276222229 -4.659204006195068 -5.967856407165527 -6.070354461669922 -3.641672372817993 -4.585566520690918 -6.012544631958008 -2.7523601055145264 -4.059096336364746 -4.007238864898682 -6.551151752471924 -0.35244113206863403 -3.734513759613037 -6.939280033111572 -7.1883440017700195 -6.270771503448486 -7.351191520690918 -8.632107734680176 -5.726611137390137 -5.77027702331543 -7.379650592803955 -6.329212665557861 -5.7743659019470215 -7.588421821594238 -6.267037868499756 -6.999907970428467 -7.861080646514893 -8.010659217834473 -6.964681148529053
eval_00481 23 -5.60591983795166 -7.066135406494141 -5.2790045738220215 -4.077114582061768 -4.8457512855529785 -3.8187313079833984 -5.918889999389648 -4.976409912109375 -5.302830696105957 -5.805225372314453 -3.6160688400268555 -3.9685111045837402 -3.5837225914001465 -4.191751003265381 -4.083089828491211 -3.9603781700134277 -5.162418842315674 -4.951852321624756 -2.555501937866211 -3.807675361633301 -3.341381549835205 -3.1742496490478516 -1.1965702772140503 -3.994487762451172 -3.089229106903076 -2.100790023803711 -4.7732343673706055 -4.212403774261475 -4.199761390686035 -3.3241777420043945 -3.020888328552246
eval_00315 21 -4.676540851593018 -4.443437576293945 -4.253928184509277 -3.92008113861084 -4.442260265350342 -5.27655029296875 -4.233170986175537 -4.995765209197998 -5.175016403198242 -4.119046688079834 -5.383652210235596 -4.223940849304199 -5.1173272132873535 -5.085058689117432 -5.554756164550781 -3.4630544185638428 -3.449812412261963 -3.4775283336639404 -3.1183345317840576 -4.393581867218018 -1.2340784072875977 -2.556347370147705 -3.20330810546875 -3.315732479095459 -3.6106247901916504 -3.1708478927612305 -2.960236072540283 -3.200657367706299 -3.102829694747925 -3.2760534286499023 -4.698381423950195
eval_00358 4 -4.9689202308654785 -4.588026523590088 -4.0389580726623535 -0.4575534462928772 -4.440809726715088 -3.392087697982788 -4.1170573234558105 -5.407049655914307 -5.686420917510986 -3.212411880493164 -4.176907539367676 -2.6020803451538086 -4.08106803894043 -3.868509531021118 -3.976133346557617 -6.78058385848999 -5.94130277633667 -7.273824214935303 -5.9203901290893555 -6.39249849319458 -5.788620471954346 -6.390038013458252 -5.14384651184082 -3.37686824798584 -6.683953762054443 -5.092422008514404 -4.944061756134033 -5.607184886932373 -6.1319146156311035 -6.817117214202881 -6.455830097198486
eval_00506 19 -6.809502601623535 -6.742053985595703 -5.573399066925049 -5.1411824226379395 -5.8077216148376465 -5.533263206481934 -6.198975086212158 -5.054093837738037 -5.717676162719727 -5.687795639038086 -4.658407688140869 -5.847598075866699 -5.7199859619140625 -6.219340801239014 -4.775030136108398 -7.576028823852539 -4.562128067016602 -3.9311978816986084 -0.2010822892189026 -5.110152721405029 -5.803667068481445 -5.971800804138184 -5.764291286468506 -4.8820481300354 -5.478889465332031 -3.321094512939453 -5.676466941833496 -4.827827453613281 -4.786524772644043 -5.338618755340576 -5.438363552093506
eval_00086 4 -3.9841675758361816 -3.9361953735351562 -2.821575403213501 -1.3421869277954102 -2.9491219520568848 -3.472381591796875 -3.9802780151367188 -3.674320697784424 -4.873562812805176 -3.637113571166992 -3.616751194000244 -2.1896040439605713 -2.3560898303985596 -3.664339542388916 -3.688300609588623 -3.2337419986724854 -5.370706081390381 -5.462746620178223 -5.337129592895508 -3.587733268737793 -5.9697723388671875 -4.4108381271362305 -4.142369270324707 -4.017961502075195 -4.839292526245117 -4.642492294311523 -5.318631172180176 -4.497233867645264 -4.173598289489746 -4.387016296386719 -5.379581451416016
eval_00614 23 -5.348886489868164 -6.767376899719238 -6.807445526123047 -5.839840888977051 -6.089966773986816 -5.488945007324219 -6.540829658508301 -7.741314888000488 -6.525403022766113 -5.940373420715332 -5.701081275939941 -5.112874984741211 -5.1058549880981445 -7.050542831420898 -6.445855140686035 -2.775348424911499 -4.298863410949707 -5.383569717407227 -5.737358093261719 -4.046140670776367 -3.261881113052368 -3.7511870861053467 -0.48393940925598145 -4.680629730224609 -5.358841896057129 -3.1307928562164307 -3.6440136432647705 -3.4717161655426025 -4.0965256690979 -3.4488136768341064 -4.064440727233887
eval_00063 14 -3.632763385772705 -4.734594345092773 -3.729767322540283 -5.021298408508301 -4.254225254058838 -4.4861741065979 -2.9610846042633057 -2.870762348175049 -2.3237578868865967 -4.198980331420898 -2.358884811401367 -3.8834216594696045 -4.670165061950684 -1.0418081283569336 -2.3974380493164062 -5.3806233406066895 -5.622407913208008 -4.386408805847168 -3.917569875717163 -5.366811752319336 -4.946469306945801 -4.622588157653809 -5.395999431610107 -4.7378621101379395 -4.820792198181152 -4.860113143920898 -5.491427898406982 -5.377040386199951 -5.798945426940918 -4.873744487762451 -4.773608207702637
eval_00651 29 -5.95030403137207 -5.66724967956543 -4.719755172729492 -4.246934413909912 -4.191370964050293 -5.165676116943359 -5.551553726196289 -6.125933647155762 -5.363589286804199 -5.91446590423584 -5.81705379486084 -5.723545074462891 -5.650045394897461 -5.9679670333862305 -5.347867965698242 -3.547456741333008 -4.347220420837402 -4.326587677001953 -3.5713436603546143 -3.2270963191986084 -3.7294118404388428 -2.963486433029175 -2.4925315380096436 -3.6839048862457275 -4.061420440673828 -3.6793763637542725 -4.923162460327148 -2.6662046909332275 -0.846266508102417 -3.2473604679107666 -3.650144338607788
eval_00204 20 -4.7472004890441895 -4.6255998611450195 -5.955021858215332 -5.814408779144287 -5.294140815734863 -5.6484055519104 -4.113714694976807 -6.2868571281433105 -4.184811592102051 -5.353217124938965 -5.245486259460449 -5.441394329071045 -5.1301655769348145 -4.499649524688721 -5.619108200073242 -3.0643701553344727 -4.267276287078857 -2.8020310401916504 -3.4455418586730957 -1.2637301683425903 -2.996811866760254 -4.188445091247559 -2.5429224967956543 -4.978170394897461 -3.7639241218566895 -2.2135720252990723 -3.310852527618408 -3.4123034477233887 -3.6709179878234863 -2.782107353210449 -3.765702724456787
eval_00466 4 -6.5084967613220215 -6.295598983764648 -4.027061939239502 -0.14108510315418243 -4.291282653808594 -4.960771560668945 -5.221038341522217 -6.599538803100586 -7.238145351409912 -4.415770053863525 -3.798459053039551 -4.5762481689453125 -5.066531181335449 -5.583480358123779 -5.537874221801758 -7.212319850921631 -6.075603485107422 -8.098738670349121 -6.375688076019287 -7.632444858551025 -7.050663471221924 -7.285828113555908 -6.000514507293701 -6.326988697052002 -8.244492530822754 -7.237168312072754 -4.943328857421875 -6.618274688720703 -6.098836421966553 -8.547502517700195 -8.366905212402344
eval_00634 27 -5.5582990646362305 -5.308475971221924 -6.1651482582092285 -4.528642654418945 -6.759714126586914 -5.718235969543457 -5.675503253936768 -7.077722072601318 -6.878985404968262 -5.261988162994385 -5.6867170333862305 -6.174859523773193 -5.811430931091309 -6.643805980682373 -6.132552623748779 -5.5676445960998535 -3.0089263916015625 -3.9664995670318604 -5.947205066680908 -5.29679012298584 -3.3625359535217285 -5.238520622253418 -4.560291290283203 -4.85089635848999 -3.6668078899383545 -5.3370747566223145 -0.2724110782146454 -5.36552619934082 -5.265752792358398 -5.107804298400879 -5.172659873962402
eval_00231 4 -4.863614559173584 -5.070744037628174 -3.8339998722076416 -0.2461102455854416 -3.5427191257476807 -4.7239508628845215 -3.889734983444214 -5.903371334075928 -5.599207878112793 -3.639817476272583 -3.9886364936828613 -5.064358711242676 -4.60901403427124 -4.114850997924805 -4.732795715332031 -7.50219202041626 -5.661646366119385 -7.293453216552734 -5.451756954193115 -6.579965114593506 -7.278468608856201 -7.126346111297607 -6.099743366241455 -5.563476085662842 -7.4308061599731445 -5.732703685760498 -4.984565258026123 -7.105227947235107 -6.450323104858398 -8.495379447937012 -7.786573886871338
eval_00446 4 -4.810555458068848 -5.319368839263916 -3.975417375564575 -0.24708989262580872 -3.6704044342041016 -5.195642471313477 -4.33014440536499 -5.311958312988281 -5.690683841705322 -3.6679413318634033 -3.868919849395752 -4.969214916229248 -4.679806232452393 -4.645575046539307 -4.972181797027588 -7.237789630889893 -4.956391334533691 -6.742230415344238 -4.702343940734863 -5.9127583503723145 -6.970310688018799 -7.208881855010986 -5.003889083862305 -5.446263790130615 -6.972708702087402 -5.319113254547119 -4.514082908630371 -5.99562406539917 -6.344204902648926 -7.779985427856445 -7.429125785827637
eval_00244 6 -5.947625160217285 -6.825031280517578 -5.719744682312012 -4.772223472595215 -4.9171247482299805 -0.24079442024230957 -5.712545394897461 -4.135136127471924 -5.132523536682129 -5.7545366287231445 -3.563701868057251 -4.097538948059082 -3.21233868598938 -4.472789764404297 -4.0897016525268555 -6.110308647155762 -7.167223930358887 -6.853296279907227 -5.638422012329102 -6.4806365966796875 -6.133723258972168 -6.487948417663574 -5.676677703857422 -5.80394172668457 -5.6507158279418945 -6.731322288513184 -6.297377586364746 -7.346759796142578 -6.470419883728027 -5.690613746643066 -4.011653900146484
eval_00698 22 -5.351953983306885 -6.1639323234558105 -5.372007369995117 -6.143374919891357 -5.116722106933594 -4.909923076629639 -6.212270259857178 -4.600698471069336 -5.118654251098633 -4.977416515350342 -5.365283489227295 -5.624025344848633 -4.832376956939697 -5.450984954833984 -7.082343101501465 -4.149448871612549 -4.732276439666748 -3.8919260501861572 -5.095366477966309 -5.483188152313232 -3.484996795654297 -0.3953091502189636 -4.248213768005371 -3.149024486541748 -3.7080743312835693 -4.546350002288818 -5.906259059906006 -3.7952353954315186 -4.954521179199219 -3.6421759128570557 -4.102473735809326
eval_00263 6 -7.17508602142334 -7.616646766662598 -7.490049362182617 -4.737087726593018 -7.195948123931885 -0.08858329802751541 -7.277087688446045 -5.841228485107422 -7.24918794631958 -7.430188179016113 -4.67474889755249 -5.147497653961182 -4.658299922943115 -5.802482604980469 -5.163827419281006 -7.7751851081848145 -7.9433465003967285 -7.293270111083984 -5.835801601409912 -7.7203049659729 -5.19874382019043 -6.5380730628967285 -6.4792160987854 -4.797086238861084 -6.522435188293457 -5.779736518859863 -6.7761383056640625 -8.116636276245117 -7.122809886932373 -5.511780261993408 -5.894363880157471
eval_00383 11 -3.9278440475463867 -6.367678642272949 -2.7407355308532715 -4.040338516235352 -5.097954750061035 -4.7135539054870605 -5.148540019989014 -4.835142612457275 -4.688612937927246 -4.17716121673584 -0.43256330490112305 -5.350399494171143 -5.832996845245361 -2.629152297973633 -2.65554141998291 -5.715361595153809 -5.8993988037109375 -6.135268211364746 -5.520091533660889 -7.278965473175049 -5.59157133102417 -5.262129783630371 -5.031098365783691 -7.151610851287842 -7.137103080749512 -6.208080291748047 -5.290276050567627 -6.1016716957092285 -6.878344535827637 -6.299038410186768 -6.162966251373291
eval_00351 30 -5.451208114624023 -5.78294563293457 -6.211498737335205 -5.538187503814697 -6.098175525665283 -4.147942543029785 -4.941839218139648 -5.62608528137207 -3.554131031036377 -6.827124118804932 -5.699798107147217 -4.381993770599365 -3.266295909881592 -5.659231185913086 -5.030441761016846 -3.4633913040161133 -4.70224666595459 -3.5308055877685547 -4.139284133911133 -2.7024178504943848 -3.6012420654296875 -3.3859410285949707 -3.322666645050049 -3.9660067558288574 -3.295595169067383 -3.7428231239318848 -4.062534809112549 -4.736415863037109 -3.375013828277588 -0.9108566045761108 -2.627044200897217
eval_00673 19 -7.363776206970215 -7.032273292541504 -6.229658126831055 -5.539776802062988 -5.7074174880981445 -6.008971214294434 -5.767696380615234 -4.915036201477051 -5.713118553161621 -5.847115516662598 -5.269579887390137 -5.720846176147461 -5.301138877868652 -6.589883804321289 -5.808505058288574 -7.13967227935791 -5.399544715881348 -4.687023162841797 -0.1344301700592041 -4.961751937866211 -6.684665679931641 -6.150777816772461 -6.152710914611816 -5.236181259155273 -5.757824897766113 -3.679380178451538 -6.31099796295166 -5.284400939941406 -5.603013038635254 -5.254585266113281 -6.433605194091797
eval_00011 26 -5.789623737335205 -6.001067638397217 -7.013375282287598 -5.518670558929443 -6.154988765716553 -4.558104038238525 -5.2793121337890625 -4.953788757324219 -5.391574859619141 -5.0515923500061035 -5.511532306671143 -5.392737865447998 -4.802538871765137 -5.883542537689209 -6.827721118927002 -5.662903308868408 -5.3035569190979 -4.503791332244873 -3.1225368976593018 -3.5053906440734863 -4.215793609619141 -5.287688255310059 -3.611823081970215 -3.627316951751709 -5.668091297149658 -0.3508532643318176 -5.095558166503906 -3.9231932163238525 -5.000611305236816 -3.793046712875366 -5.662318706512451
eval_00476 15 -2.934062957763672 -3.988044261932373 -2.3265323638916016 -5.166440486907959 -4.996674060821533 -4.609155654907227 -2.140241861343384 -3.7230887413024902 -2.0024871826171875 -4.707746505737305 -3.8144168853759766 -4.704526424407959 -6.188850402832031 -3.1364474296569824 -1.0063438415527344 -5.124229907989502 -5.331935405731201 -5.573890209197998 -5.527667045593262 -5.180854797363281 -5.602794170379639 -4.932834148406982 -5.858250617980957 -5.510256767272949 -4.121130466461182 -5.944071292877197 -5.077953338623047 -6.9243621826171875 -6.081293106079102 -5.260286331176758 -5.34951114654541
eval_00279 2 -1.9040336608886719 -0.6646251082420349 -3.457749843597412 -5.019340515136719 -4.459798812866211 -3.9968819618225098 -4.415152549743652 -3.9528067111968994 -3.5985774993896484 -4.015756607055664 -4.544736385345459 -4.931126594543457 -3.9808709621429443 -3.288327693939209 -4.328767776489258 -4.168635845184326 -5.645290851593018 -4.971956253051758 -6.1428937911987305 -4.353749752044678 -5.985743522644043 -4.528221607208252 -6.073066234588623 -6.534819602966309 -4.493958950042725 -6.464142322540283 -4.917753219604492 -4.999973297119141 -4.8289361000061035 -4.805549144744873 -5.561759948730469
eval_00372 24 -6.5385823249816895 -7.317376136779785 -7.059068202972412 -5.650310516357422 -5.870317459106445 -4.6388654708862305 -4.546259880065918 -4.819068431854248 -6.282270908355713 -5.5103535652160645 -6.921535968780518 -6.605407238006592 -7.693829536437988 -6.967793941497803 -7.357242584228516 -5.99798059463501 -4.469088077545166 -8.029725074768066 -6.950502395629883 -8.04382610321045 -4.517824649810791 -3.840007781982422 -5.81639289855957 -0.14006902277469635 -5.242142200469971 -5.452592372894287 -6.328370094299316 -4.389058589935303 -6.418711185455322 -6.065083026885986 -5.496883392333984
eval_00338 17 -6.287609100341797 -6.982941150665283 -7.373917102813721 -6.507004737854004 -7.456353187561035 -8.605721473693848 -5.90294075012207 -8.764223098754883 -6.594616413116455 -5.817491054534912 -7.7370710372924805 -8.73500919342041 -8.51537799835205 -7.638792514801025 -8.208101272583008 -7.7422685623168945 -0.07664182037115097 -5.314362525939941 -6.497915267944336 -6.47493839263916 -6.1666059494018555 -5.273362159729004 -6.43903923034668 -5.78489875793457 -5.347314834594727 -6.983304023742676 -3.6275603771209717 -6.49572229385376 -6.089094161987305 -6.711051940917969 -6.339065074920654
eval_00122 23 -7.6077070236206055 -8.714462280273438 -7.336648464202881 -6.073119640350342 -6.47562837600708 -7.356587886810303 -8.077369689941406 -9.016556739807129 -7.708477973937988 -7.037952423095703 -6.102696895599365 -6.60544490814209 -7.018088340759277 -6.993964195251465 -7.028057098388672 -3.0398025512695312 -5.234328746795654 -6.138041973114014 -5.572967529296875 -4.025296211242676 -3.109875202178955 -5.018072605133057 -0.2712426483631134 -5.452145099639893 -6.588961601257324 -4.408796310424805 -3.98519229888916 -3.7103054523468018 -3.83687686920166 -4.812780380249023 -5.311788082122803
eval_00477 16 -8.169715881347656 -6.169687747955322 -6.24992036819458 -8.133245468139648 -5.9622721672058105 -6.742034912109375 -8.691821098327637 -7.372982501983643 -7.927664279937744 -8.412558555603027 -7.877231597900391 -6.197210311889648 -6.790903091430664 -7.544557571411133 -7.226824760437012 -0.10958298295736313 -8.331274032592773 -7.054908752441406 -7.887964248657227 -4.094608783721924 -4.656222820281982 -5.428111553192139 -4.543048858642578 -6.8082170486450195 -5.661789894104004 -6.670625686645508 -7.726325511932373 -4.591790676116943 -4.081696510314941 -5.395297527313232 -4.738839149475098
eval_00510 12 -7.13467264175415 -5.481899738311768 -5.58103609085083 -4.3010478019714355 -6.936110496520996 -6.206676006317139 -4.23979377746582 -5.582842826843262 -7.800021648406982 -5.570170879364014 -6.433413982391357 -0.08669697493314743 -5.581426620483398 -4.98846960067749 -4.639011859893799 -6.226622104644775 -8.8855562210083 -7.285032272338867 -6.921243190765381 -6.627453327178955 -7.753640651702881 -8.082366943359375 -6.926717281341553 -6.778202533721924 -8.513997077941895 -6.419891357421875 -7.8557448387146 -5.980799674987793 -8.118751525878906 -7.912093639373779 -8.802375793457031
eval_00054 6 -5.142646312713623 -5.628732204437256 -6.428907871246338 -5.307288646697998 -5.355631351470947 -0.2971852123737335 -4.816777229309082 -2.9796767234802246 -3.7795603275299072 -6.093548774719238 -4.124940872192383 -4.948563098907471 -2.9002997875213623 -4.695773124694824 -4.596319675445557 -5.647928237915039 -7.999886989593506 -7.17194128036499 -6.0676589012146 -5.992426872253418 -6.00523042678833 -6.7932658195495605 -6.217510223388672 -4.7139363288879395 -4.7541680335998535 -5.549501895904541 -6.982658863067627 -6.933664321899414 -6.545952320098877 -4.703892230987549 -5.11744499206543
eval_00541 22 -6.790409088134766 -7.033343315124512 -5.178623676300049 -4.179861068725586 -5.540905952453613 -2.1608173847198486 -6.245413780212402 -2.8704192638397217 -6.084734916687012 -6.977950096130371 -6.75433349609375 -5.3632049560546875 -6.688509941101074 -5.48110294342041 -5.508126258850098 -5.73659610748291 -4.421228408813477 -5.958107948303223 -5.018534183502197 -6.874721527099609 -2.597418785095215 -1.3469860553741455 -5.896334648132324 -2.175222396850586 -4.0820159912109375 -5.201613426208496 -7.377832412719727 -3.768242120742798 -3.9472506046295166 -3.295778751373291 -1.5993895530700684
eval_00088 8 -3.601039409637451 -4.285085201263428 -5.621163845062256 -5.147051811218262 -4.536391735076904 -2.0068531036376953 -3.7566633224487305 -1.6337190866470337 -3.263302803039551 -4.090818881988525 -3.52578067779541 -5.046916484832764 -1.9849859476089478 -3.1881179809570312 -3.505376100540161 -4.604395389556885 -6.241492748260498 -5.681612014770508 -2.8934273719787598 -4.146924018859863 -5.398499011993408 -5.643950462341309 -3.799717903137207 -4.720695972442627 -3.766995429992676 -3.2288224697113037 -6.090505599975586 -4.541340351104736 -4.883455753326416 -3.2425684928894043 -3.26747465133667
eval_00487 15 -5.034516334533691 -4.494637966156006 -3.1043450832366943 -4.515047073364258 -5.588154315948486 -4.734460353851318 -4.384428024291992 -4.781277656555176 -5.223267555236816 -5.7940778732299805 -3.8587677478790283 -4.6733174324035645 -6.55186653137207 -3.105863094329834 -0.2550000250339508 -4.91052770614624 -6.875448703765869 -6.447830677032471 -6.2720818519592285 -6.477110385894775 -6.344944953918457 -7.111746788024902 -6.441746234893799 -7.257362365722656 -5.461303234100342 -7.741518974304199 -5.660704612731934 -7.575712203979492 -6.03248929977417 -6.968084335327148 -5.863102436065674
eval_00502 14 -3.647832155227661 -4.6981120109558105 -3.962351083755493 -5.0979814529418945 -5.229608535766602 -5.224935054779053 -3.960151195526123 -3.851459503173828 -5.0268378257751465 -3.9074654579162598 -3.7258894443511963 -4.36996603012085 -4.909144878387451 -0.3084786534309387 -3.598545789718628 -5.948831081390381 -6.588972091674805 -5.085128307342529 -6.080624103546143 -6.552290439605713 -5.17659330368042 -5.689388751983643 -6.261974811553955 -6.333220958709717 -4.272441387176514 -6.434868335723877 -6.2197265625 -6.499658584594727 -6.186811447143555 -5.759730339050293 -5.275726795196533
eval_00152 21 -4.372084140777588 -5.472323417663574 -4.4585466384887695 -5.2927093505859375 -5.198774337768555 -4.4412126541137695 -4.854778289794922 -5.274321556091309 -5.23371696472168 -5.5026044845581055 -4.590148448944092 -5.614867210388184 -5.556024551391602 -5.1614227294921875 -4.968628883361816 -2.5592615604400635 -2.8513171672821045 -4.231259346008301 -2.9399924278259277 -3.6503751277923584 -1.0489814281463623 -3.470820903778076 -3.6604857444763184 -4.178474426269531 -3.363860845565796 -3.454111337661743 -3.167086601257324 -3.224201202392578 -3.427517890930176 -3.3258867263793945 -3.5364577770233154
eval_00512 8 -4.44134521484375 -5.088706970214844 -5.001770496368408 -3.558393716812134 -3.2851977348327637 -3.8280835151672363 -4.567383766174316 -0.7124700546264648 -4.546258449554443 -2.761768341064453 -3.4212231636047363 -3.6058197021484375 -3.685718536376953 -5.1012701988220215 -5.179366111755371 -5.513275146484375 -4.6883544921875 -6.252536773681641 -3.971555471420288 -5.324867248535156 -4.62226676940918 -4.801283359527588 -5.195187568664551 -2.6066219806671143 -6.164662837982178 -3.144468307495117 -5.18585205078125 -4.0771660804748535 -5.179825305938721 -5.163561820983887 -6.835046768188477
eval_00480 22 -5.39743185043335 -5.89558219909668 -4.7785539627075195 -5.547224521636963 -4.583256721496582 -4.111883640289307 -6.06035041809082 -3.6354408264160156 -4.126591205596924 -6.235410690307617 -5.116838455200195 -4.966164588928223 -3.534562110900879 -5.197904109954834 -5.255139350891113 -5.005551815032959 -4.441715717315674 -4.807285785675049 -4.679817199707031 -5.3492279052734375 -4.420243263244629 -0.5908881425857544 -4.968503952026367 -2.651191234588623 -3.558061122894287 -4.948824882507324 -5.44392204284668 -5.0970635414123535 -5.525859355926514 -3.859048366546631 -2.3129544258117676
eval_00146 24 -7.184490203857422 -8.02468490600586 -8.8745698928833 -6.332818031311035 -5.802100658416748 -5.207942962646484 -5.15887451171875 -5.292891025543213 -6.687670707702637 -6.31893253326416 -7.973189830780029 -6.97904634475708 -7.725149154663086 -7.517357349395752 -8.115245819091797 -7.081290245056152 -5.327023983001709 -8.851983070373535 -7.105064868927002 -8.061261177062988 -4.78745174407959 -5.007471084594727 -6.203857421875 -0.07103042304515839 -5.624537467956543 -5.337172508239746 -6.597180366516113 -5.649825572967529 -7.043987274169922 -6.47645378112793 -6.956103324890137
eval_00232 19 -4.988964080810547 -4.7757568359375 -5.430960655212402 -3.484527111053467 -3.3274784088134766 -4.168177604675293 -5.359096050262451 -5.439389705657959 -4.315190315246582 -4.2790446281433105 -3.8046131134033203 -6.251606464385986 -3.992941379547119 -4.428213119506836 -4.574193477630615 -4.987497806549072 -3.345301628112793 -5.108114242553711 -1.348108172416687 -3.698746681213379 -3.9250149726867676 -4.087194919586182 -3.5551161766052246 -2.7359347343444824 -4.0173468589782715 -3.696528911590576 -1.352443814277649 -5.647449970245361 -4.248021602630615 -4.651313781738281 -5.140341758728027
eval_00292 14 -3.5413804054260254 -4.242936134338379 -3.546717882156372 -3.222445011138916 -5.0814056396484375 -4.670957565307617 -3.9286608695983887 -3.7090137004852295 -5.741322040557861 -3.2508301734924316 -3.2227466106414795 -3.2355220317840576 -5.30930233001709 -0.4429175555706024 -3.6980531215667725 -6.4070563316345215 -6.927857398986816 -6.074579238891602 -6.461440086364746 -7.791250228881836 -5.105844020843506 -5.459560871124268 -6.216976165771484 -5.1796441078186035 -5.733497142791748 -6.62175989151001 -6.334300994873047 -6.4856791496276855 -7.06689453125 -6.9300856590271 -7.2958831787109375
eval_00177 30 -4.61625862121582 -3.746068000793457 -6.398835182189941 -5.973906517028809 -6.1096038818359375 -4.923868179321289 -5.598986625671387 -5.609249114990234 -3.58748722076416 -6.655261993408203 -5.67271614074707 -4.364119529724121 -3.9933831691741943 -6.557500839233398 -5.433967590332031 -3.8653788566589355 -4.15809965133667 -3.189241647720337 -5.170489311218262 -3.0040595531463623 -4.127375602722168 -3.295642852783203 -3.9964940547943115 -3.8048431873321533 -3.325575113296509 -4.317112922668457 -2.6591527462005615 -4.774497985839844 -3.1781277656555176 -0.7699148654937744 -4.0886430740356445
eval_00666 27 -5.4378557205200195 -5.0738959312438965 -5.686859130859375 -4.012278079986572 -4.4550042152404785 -4.582749366760254 -5.634576320648193 -5.217414379119873 -4.312551975250244 -5.162178993225098 -4.761026382446289 -6.473178863525391 -4.902371883392334 -5.882053375244141 -4.8457794189453125 -4.989505290985107 -2.5345330238342285 -4.107524394989014 -2.442023754119873 -3.8689374923706055 -3.5070013999938965 -3.827878952026367 -3.4274849891662598 -3.1784067153930664 -4.173591136932373 -3.4700632095336914 -0.8177963495254517 -4.356026649475098 -3.9439444541931152 -4.492854595184326 -3.8089170455932617
eval_00563 20 -6.757029056549072 -6.440346717834473 -5.3011474609375 -6.329746246337891 -6.250735282897949 -6.008816719055176 -6.380615711212158 -6.613948345184326 -4.995059013366699 -7.985217571258545 -5.556609153747559 -6.09411096572876 -5.3309760093688965 -6.834356784820557 -5.743686676025391 -4.042807102203369 -4.656871795654297 -2.4381775856018066 -2.649265766143799 -0.6396350860595703 -4.776110649108887 -6.398639678955078 -2.876816987991333 -6.700969696044922 -4.529774188995361 -2.7527499198913574 -4.21394681930542 -3.330925464630127 -4.312955379486084 -3.8699090480804443 -3.854802131652832
eval_00621 10 -2.538224697113037 -3.2405409812927246 -4.444464206695557 -3.487977981567383 -4.336737632751465 -4.078281879425049 -4.109714031219482 -3.5249228477478027 -4.06832218170166 -0.8225008249282837 -3.388547420501709 -3.837179660797119 -3.4369449615478516 -4.091665744781494 -4.047727584838867 -5.805613994598389 -4.008755207061768 -5.080840587615967 -4.109394550323486 -5.339770793914795 -5.554050445556641 -4.389976978302002 -5.111899375915527 -3.4455156326293945 -5.407952308654785 -4.437273979187012 -3.0518765449523926 -5.193962097167969 -5.485575199127197 -5.373995304107666 -5.321706295013428
eval_00188 20 -6.465989112854004 -3.9627115726470947 -6.520481109619141 -7.204592227935791 -6.139705657958984 -7.4148149490356445 -6.464110851287842 -7.450351715087891 -5.040547847747803 -7.055941581726074 -7.408128261566162 -5.4419379234313965 -5.402266025543213 -7.524631500244141 -6.488128662109375 -3.622728109359741 -4.379629135131836 -3.720778703689575 -5.089739799499512 -0.29894521832466125 -5.220473766326904 -5.704402923583984 -4.079930782318115 -5.033022880554199 -5.0890889167785645 -4.277103900909424 -3.2837765216827393 -4.01977014541626 -5.193705081939697 -4.45672607421875 -4.0477142333984375
eval_00236 24 -5.9513983726501465 -6.7230963706970215 -7.756433010101318 -6.005403518676758 -5.604301452636719 -5.487041473388672 -4.257380485534668 -5.389639854431152 -5.988724231719971 -4.734899997711182 -6.931321620941162 -6.783527851104736 -6.984245777130127 -6.302250862121582 -7.437126636505127 -6.786431789398193 -3.448024272918701 -8.634028434753418 -7.637004375457764 -8.223512649536133 -5.0330729484558105 -4.529935836791992 -6.102029800415039 -0.13500255346298218 -4.66867733001709 -5.497162818908691 -5.7929582595825195 -5.695282936096191 -6.340275287628174 -7.289324760437012 -7.503121852874756
eval_00650 16 -7.472359657287598 -6.312860488891602 -5.159121513366699 -6.310736179351807 -6.110645771026611 -7.2612833976745605 -6.666859149932861 -6.361964225769043 -6.633083820343018 -7.971494674682617 -7.448885440826416 -5.068443775177002 -7.081959247589111 -6.704131126403809 -6.160144329071045 -0.18420086801052094 -6.463560581207275 -5.38974666595459 -6.456446647644043 -3.2693729400634766 -4.427932262420654 -5.783738613128662 -4.034903526306152 -7.110339164733887 -5.434240341186523 -6.231646537780762 -6.287973880767822 -3.8197269439697266 -3.922529935836792 -5.603340148925781 -4.9893107414245605
eval_00156 25 -5.821596622467041 -4.585250377655029 -6.661606311798096 -6.297548294067383 -6.680299282073975 -6.213967323303223 -4.46195650100708 -6.011232376098633 -6.730780124664307 -4.994543552398682 -7.171664714813232 -6.0163655281066895 -7.296209812164307 -5.807284832000732 -6.558935165405273 -4.181906700134277 -3.1466588973999023 -3.2642197608947754 -6.346234321594238 -4.98137092590332 -4.641433238983154 -3.0518975257873535 -4.622644901275635 -3.5791091918945312 -0.591591477394104 -5.156797885894775 -2.5806760787963867 -2.6787967681884766 -3.370211601257324 -4.58979606628418 -6.061496257781982
eval_00328 31 -5.656766891479492 -6.475165843963623 -5.314031600952148 -6.208111763000488 -4.756035327911377 -4.210712909698486 -6.695765972137451 -5.0876336097717285 -4.73198938369751 -6.533836841583252 -3.8653054237365723 -6.849184989929199 -3.534651279449463 -4.778618335723877 -3.731710433959961 -4.352847576141357 -3.6858978271484375 -3.9328203201293945 -1.5096491575241089 -3.185251235961914 -4.810573577880859 -4.728570938110352 -3.4625234603881836 -4.720126152038574 -2.4012069702148438 -3.5751709938049316 -4.850594520568848 -5.345258712768555 -3.538771152496338 -3.2486228942871094 -1.2477415800094604
eval_00401 6 -3.2157950401306152 -3.1427996158599854 -4.6971235275268555 -3.668574810028076 -4.038040637969971 -1.2618290185928345 -3.9629054069519043 -3.105329990386963 -3.37221097946167 -4.469205856323242 -3.0219593048095703 -3.617000102996826 -1.5049067735671997 -3.261687755584717 -3.62516450881958 -4.429476261138916 -7.1451029777526855 -5.99557638168335 -4.461665153503418 -5.184642314910889 -5.976184844970703 -6.023562908172607 -5.328821659088135 -5.043332576751709 -4.96757173538208 -3.978471279144287 -5.935887813568115 -4.895211219787598 -5.241144180297852 -4.177917957305908 -5.49183464050293
eval_00331 7 -6.047816276550293 -5.696431636810303 -6.8403096199035645 -5.897488594055176 -6.154081344604492 -5.925215244293213 -0.038873761892318726 -6.737565994262695 -6.607066631317139 -5.7316694259643555 -8.294808387756348 -6.019598960876465 -8.018410682678223 -6.025845527648926 -7.419342041015625 -7.815554618835449 -6.149387359619141 -7.045503616333008 -7.080963134765625 -8.04787826538086 -7.495366096496582 -8.625289916992188 -8.867424011230469 -6.395118713378906 -6.0558390617370605 -7.191115379333496 -7.363344669342041 -7.480648994445801 -8.600640296936035 -7.942940711975098 -10.093826293945312
eval_00671 1 -0.8532129526138306 -3.68355655670166 -3.6184301376342773 -3.537719249725342 -3.8803114891052246 -3.6862964630126953 -4.753565788269043 -4.1539483070373535 -4.41969108581543 -2.722712993621826 -2.3228511810302734 -4.4897637367248535 -3.117340087890625 -2.412087917327881 -3.9988269805908203 -6.6398797035217285 -5.91587495803833 -5.480775356292725 -4.729959487915039 -6.524737358093262 -4.628912925720215 -4.770846366882324 -5.158823013305664 -4.542140483856201 -5.840452194213867 -4.850924968719482 -4.894400119781494 -6.284584999084473 -6.757785320281982 -5.8927788734436035 -5.022050380706787
eval_00314 28 -4.735675811767578 -4.1740875244140625 -4.834194183349609 -3.2043659687042236 -4.386932373046875 -5.008297920227051 -4.2318034172058105 -4.195720672607422 -5.178215026855469 -2.904306411743164 -4.070804595947266 -4.696825981140137 -5.892993927001953 -5.197967529296875 -4.453732013702393 -3.759345293045044 -4.201265335083008 -4.836967945098877 -3.293302297592163 -4.648444175720215 -4.328986644744873 -3.741703510284424 -3.1195712089538574 -3.3220274448394775 -5.29890251159668 -2.726954698562622 -2.630028009414673 -1.0235145092010498 -3.0935099124908447 -4.636955738067627 -5.270827293395996
eval_00036 11 -4.337586402893066 -6.060903549194336 -2.908182382583618 -3.300260066986084 -4.1069183349609375 -4.164614677429199 -2.601341724395752 -4.143943786621094 -3.244239568710327 -4.349932670593262 -0.9567363262176514 -5.596222877502441 -5.626750946044922 -2.4580905437469482 -1.8565313816070557 -5.095312118530273 -5.528951644897461 -6.006760597229004 -3.948751926422119 -4.9704389572143555 -5.470903396606445 -6.443817138671875 -4.986396789550781 -6.289881706237793 -5.848688125610352 -4.96944522857666 -4.426100730895996 -5.861051559448242 -5.93280029296875 -5.493503570556641 -6.657061576843262
eval_00565 26 -6.652872562408447 -6.770559787750244 -6.912613391876221 -5.793863296508789 -6.487761974334717 -5.22361421585083 -5.717934608459473 -5.568109512329102 -6.035714149475098 -4.9195122718811035 -5.518504619598389 -5.246694564819336 -4.973308086395264 -7.4844160079956055 -6.059659481048584 -6.572187900543213 -4.687859058380127 -4.066847801208496 -1.408547043800354 -3.6162118911743164 -5.001097202301025 -5.377772331237793 -3.8421077728271484 -3.9280834197998047 -5.338391304016113 -0.6360565423965454 -4.266088485717773 -3.5338664054870605 -5.2219319343566895 -4.525613784790039 -5.2050676345825195
eval_00452 25 -5.86580753326416 -5.246441841125488 -6.859539031982422 -7.554643154144287 -7.483389854431152 -6.289663791656494 -4.8483710289001465 -6.421998500823975 -6.491329669952393 -6.629924297332764 -7.949492931365967 -7.450950622558594 -8.871286392211914 -5.8502888679504395 -6.432652950286865 -4.249667644500732 -4.57242488861084 -4.232192516326904 -6.264584541320801 -5.9898762702941895 -4.452988624572754 -4.39789342880249 -6.5479631423950195 -5.078232765197754 -0.15676730871200562 -6.3556599617004395 -4.393065929412842 -6.064816474914551 -4.699037075042725 -4.4259514808654785 -5.987040996551514
eval_00226 30 -5.805637836456299 -5.806987762451172 -7.257965087890625 -7.397655487060547 -7.830539703369141 -5.875018119812012 -6.814488887786865 -6.173580169677734 -5.870162010192871 -6.339032173156738 -6.479277610778809 -5.65515661239624 -6.891395092010498 -7.350450038909912 -6.941022872924805 -4.8699846267700195 -5.1374382972717285 -3.894930839538574 -4.878770351409912 -4.272768020629883 -3.2658021450042725 -3.8860697746276855 -5.395888805389404 -4.395290374755859 -4.148257732391357 -3.8852672576904297 -5.432884693145752 -4.430091857910156 -3.461062431335449 -0.3024996817111969 -3.909876823425293
eval_00195 3 -4.2858076095581055 -3.9796488285064697 -1.198652744293213 -2.5983333587646484 -1.6748676300048828 -2.442188024520874 -5.395957946777344 -3.0278825759887695 -4.519804000854492 -3.911137104034424 -3.517327308654785 -2.7712860107421875 -3.7113356590270996 -4.530013561248779 -4.137693881988525 -4.475025653839111 -4.343334197998047 -5.803318023681641 -4.844884395599365 -5.765260219573975 -5.718428134918213 -4.56132698059082 -5.563003063201904 -5.152327060699463 -5.357234477996826 -7.010095596313477 -5.394008159637451 -5.4022393226623535 -5.918584823608398 -5.593588829040527 -4.947693824768066
eval_00021 24 -5.809159278869629 -6.683990478515625 -8.027453422546387 -6.406065464019775 -5.313599586486816 -5.393763542175293 -5.485535621643066 -4.9924635887146 -6.2519636154174805 -5.063492774963379 -7.4161787033081055 -7.1473236083984375 -6.968534469604492 -7.262537956237793 -7.995344161987305 -5.640232086181641 -3.2300705909729004 -6.966205596923828 -5.7445068359375 -6.096360683441162 -3.3072168827056885 -3.310703992843628 -4.428420066833496 -0.2784784138202667 -4.421366214752197 -4.229395866394043 -4.337399005889893 -4.324224472045898 -5.069077491760254 -5.0822224617004395 -5.321793079376221
eval_00575 3 -3.6319150924682617 -3.567744255065918 -0.6131657361984253 -3.496544361114502 -2.585484504699707 -6.08012056350708 -4.244544506072998 -4.4793806076049805 -3.5622076988220215 -4.901705265045166 -3.0613999366760254 -4.019773483276367 -4.638941287994385 -3.153606414794922 -2.438084125518799 -5.2146148681640625 -6.933422565460205 -5.789865493774414 -5.628635406494141 -6.241796016693115 -6.932915210723877 -6.3448615074157715 -6.405932903289795 -7.363175392150879 -6.290099143981934 -7.653834819793701 -5.912287712097168 -6.826027870178223 -7.0660295486450195 -7.6508917808532715 -6.078617572784424
eval_00138 13 -3.610854148864746 -2.454265594482422 -3.5080509185791016 -3.772265911102295 -2.539154529571533 -3.137162208557129 -4.680022239685059 -3.6463613510131836 -4.008842468261719 -3.2868189811706543 -3.9073171615600586 -2.837367057800293 -1.2128676176071167 -3.6419577598571777 -4.0999908447265625 -4.845759391784668 -5.496356964111328 -3.4309611320495605 -4.910911560058594 -4.2309160232543945 -4.825002193450928 -4.108551979064941 -5.139479637145996 -4.221381187438965 -4.802932262420654 -5.086284160614014 -5.226726055145264 -4.620952606201172 -3.8299026489257812 -4.534831523895264 -3.5471858978271484
eval_00553 5 -4.746381759643555 -4.151623249053955 -3.8216686248779297 -4.692190647125244 -0.2041654884815216 -6.121129035949707 -5.004025459289551 -4.863027572631836 -4.486911296844482 -4.168552398681641 -5.593121528625488 -4.850922584533691 -4.402247428894043 -6.29094123840332 -5.658459663391113 -4.7035064697265625 -4.707659721374512 -6.019716262817383 -7.020568370819092 -6.178451061248779 -6.421533584594727 -4.904205322265625 -5.7896342277526855 -5.2288689613342285 -6.907218933105469 -6.960195064544678 -6.383256912231445 -5.402002334594727 -5.631877422332764 -7.459369659423828 -5.6716203689575195
eval_00321 19 -7.721039295196533 -7.921203136444092 -6.75191068649292 -5.806520938873291 -6.807919979095459 -5.005489349365234 -5.418498992919922 -5.354189395904541 -4.148576259613037 -6.970550060272217 -5.493320941925049 -5.4643330574035645 -4.565921783447266 -6.636551380157471 -4.342630863189697 -5.1733317375183105 -5.370214939117432 -4.3744354248046875 -0.9693053960800171 -1.5882622003555298 -5.666877746582031 -7.211491107940674 -2.9195704460144043 -6.976330280303955 -4.679849624633789 -2.1319546699523926 -5.726931095123291 -4.674513816833496 -3.559049129486084 -2.801138162612915 -3.412707805633545
eval_00364 28 -8.334495544433594 -7.411936283111572 -7.169266700744629 -6.259009838104248 -6.735558032989502 -7.70155668258667 -6.8272294998168945 -5.705195426940918 -8.994403839111328 -5.747765064239502 -7.176790714263916 -4.400965690612793 -7.810451984405518 -7.443611145019531 -8.634273529052734 -5.470582962036133 -7.100070953369141 -6.654380798339844 -4.750251293182373 -6.018966197967529 -6.143915176391602 -5.174625873565674 -4.427929401397705 -3.5096428394317627 -7.153580665588379 -3.5736985206604004 -6.925135135650635 -0.1378578394651413 -6.074901580810547 -6.307325839996338 -7.2779436111450195
eval_00200 8 -7.1638593673706055 -6.239178657531738 -5.003081321716309 -6.429471492767334 -5.202744960784912 -4.922397613525391 -6.409298419952393 -0.08469701558351517 -5.6092848777771 -6.261691570281982 -5.680968761444092 -5.616629123687744 -6.736903667449951 -5.893925666809082 -6.13357400894165 -5.911684989929199 -7.5603156089782715 -6.7632341384887695 -5.609156608581543 -7.32195520401001 -5.683306694030762 -5.4694905281066895 -8.221098899841309 -5.06535530090332 -6.327112197875977 -5.388467311859131 -8.286500930786133 -5.334582328796387 -7.0735602378845215 -6.76582145690918 -7.324476718902588
eval_00248 23 -6.549067497253418 -7.287239074707031 -7.013369560241699 -5.617746353149414 -5.395756244659424 -8.097082138061523 -8.108663558959961 -9.0210599899292 -8.836012840270996 -5.756549835205078 -6.562985420227051 -6.684453010559082 -6.484148025512695 -7.9263529777526855 -7.524814605712891 -2.8328347206115723 -4.670454502105713 -7.1549973487854 -6.326569557189941 -5.110489845275879 -3.5798962116241455 -3.7958548069000244 -0.31317439675331116 -4.866482734680176 -6.725165843963623 -4.535192966461182 -3.9247233867645264 -3.9237115383148193 -3.0539705753326416 -5.256989002227783 -4.6163740158081055
eval_00422 4 -6.262324333190918 -6.438024997711182 -3.6222422122955322 -0.1984488070011139 -4.174671173095703 -4.21771764755249 -5.353018283843994 -5.992459774017334 -7.186861515045166 -4.441456317901611 -3.1777944564819336 -4.706004619598389 -4.835028648376465 -4.686153411865234 -4.883285045623779 -6.801956653594971 -6.136500835418701 -8.192296028137207 -5.820273399353027 -7.377983570098877 -7.052149295806885 -7.311401844024658 -5.59068489074707 -6.401560306549072 -7.960999965667725 -6.831018924713135 -5.498443603515625 -6.407866954803467 -5.967406749725342 -8.193318367004395 -7.940665245056152
eval_00249 16 -7.59000301361084 -5.865014553070068 -6.217134475708008 -7.9911956787109375 -5.857298374176025 -7.208374977111816 -7.896271228790283 -6.676727294921875 -7.548395156860352 -7.59631872177124 -8.052529335021973 -5.456549167633057 -6.257205009460449 -7.234250545501709 -6.574013710021973 -0.10531024634838104 -7.061224937438965 -6.213042736053467 -7.452808380126953 -4.7788214683532715 -5.034454345703125 -5.216141223907471 -4.363467216491699 -6.719385147094727 -4.4000773429870605 -6.4896345138549805 -6.329506874084473 -4.705576419830322 -4.931801795959473 -6.127178192138672 -4.872758865356445
eval_00182 6 -3.669440746307373 -3.7197909355163574 -5.837094783782959 -3.9572110176086426 -3.0168230533599854 -0.8175520896911621 -5.349216461181641 -3.6674938201904297 -3.7490782737731934 -3.312821865081787 -2.742713212966919 -3.618018627166748 -2.544454336166382 -3.2519264221191406 -3.401045083999634 -6.661445140838623 -7.2670722007751465 -6.828635215759277 -5.150074481964111 -6.168095111846924 -4.865531921386719 -4.935306072235107 -6.13386869430542 -3.147233247756958 -6.13861083984375 -4.827847957611084 -5.245711803436279 -7.2833170890808105 -5.706526756286621 -5.423802852630615 -4.519289970397949
eval_00508 12 -6.372674465179443 -5.969004154205322 -4.073205947875977 -1.8280012607574463 -4.9036335945129395 -5.432051658630371 -3.358208417892456 -4.924631595611572 -6.287853240966797 -5.074127197265625 -4.443208694458008 -0.3684428036212921 -4.58988618850708 -5.429287433624268 -5.063098907470703 -5.8116068840026855 -6.700557231903076 -6.833228588104248 -5.987282752990723 -6.412909507751465 -7.259222507476807 -6.521357536315918 -5.992392539978027 -5.3834991455078125 -7.857388019561768 -5.480714321136475 -6.637463569641113 -5.328490257263184 -7.230685710906982 -6.788817405700684 -8.144137382507324
eval_00544 28 -7.203721046447754 -6.461850643157959 -6.3264546394348145 -7.323216438293457 -6.610014915466309 -8.159342765808105 -6.317033290863037 -5.770094871520996 -7.844169616699219 -4.694843769073486 -7.2643280029296875 -4.889135360717773 -7.6410040855407715 -7.274646282196045 -8.47947883605957 -4.827499866485596 -5.134965419769287 -4.423903465270996 -5.499239444732666 -5.15374231338501 -5.912110805511475 -3.97981595993042 -4.4622673988342285 -5.141247272491455 -6.562684535980225 -4.1758575439453125 -6.580372333526611 -0.14399760961532593 -5.291955471038818 -5.665982723236084 -6.003831386566162
eval_00229 25 -5.108609199523926 -5.303034782409668 -5.329684734344482 -5.116193771362305 -4.609753608703613 -6.489222049713135 -4.967687129974365 -5.980472087860107 -5.084473133087158 -4.175867080688477 -5.4116411209106445 -5.568703651428223 -4.7390594482421875 -5.296975612640381 -5.301575660705566 -3.384065628051758 -2.1068267822265625 -2.556459903717041 -2.65739369392395 -3.4988036155700684 -3.564095973968506 -3.0085809230804443 -2.8054583072662354 -3.9713480472564697 -1.5302495956420898 -3.6061623096466064 -2.9646315574645996 -3.6802260875701904 -2.9329075813293457 -3.6135506629943848 -4.046502113342285
eval_00717 13 -3.7466983795166016 -3.219027519226074 -3.5211098194122314 -3.6025612354278564 -3.237272262573242 -3.5765955448150635 -5.79815673828125 -5.154943943023682 -4.0269999504089355 -4.375945568084717 -3.959973096847534 -3.5130906105041504 -0.4904554486274719 -4.670873641967773 -4.432845115661621 -5.918627738952637 -6.123219013214111 -4.55190372467041 -5.177774429321289 -4.421525001525879 -6.207202911376953 -5.209804534912109 -5.46081018447876 -5.522845268249512 -6.51115608215332 -5.7382426261901855 -5.365663051605225 -6.188694000244141 -5.517617702484131 -5.695030689239502 -3.76956844329834
eval_00299 7 -6.609488010406494 -7.356992721557617 -7.3764872550964355 -6.712271213531494 -5.547918319702148 -3.369152069091797 -0.14368511736392975 -4.337587356567383 -4.30587911605835 -5.189852714538574 -6.079734802246094 -5.456664085388184 -5.638831615447998 -4.284121990203857 -5.44765567779541 -5.998185157775879 -6.373022556304932 -7.457095146179199 -5.799796104431152 -6.917667388916016 -6.7621989250183105 -8.080901145935059 -7.849887847900391 -4.974527359008789 -4.945546627044678 -6.437421798706055 -7.692117214202881 -6.075894832611084 -7.851229190826416 -6.504350662231445 -7.699204921722412
eval_00287 17 -5.137929916381836 -4.63374662399292 -5.7106170654296875 -5.457027912139893 -5.3941426277160645 -6.898749828338623 -5.4537353515625 -6.8895392417907715 -5.052552223205566 -5.206019401550293 -6.7090959548950195 -7.945871829986572 -6.059205532073975 -7.107144832611084 -6.874777317047119 -6.02241325378418 -0.21006228029727936 -4.092833042144775 -4.746598720550537 -4.76187801361084 -5.503128528594971 -5.609673023223877 -6.409886837005615 -4.816559314727783 -4.3725409507751465 -6.068106651306152 -2.854857921600342 -5.589816093444824 -5.957909107208252 -6.465358257293701 -5.623427867889404
eval_00423 29 -8.27291202545166 -5.894081115722656 -6.843424320220947 -6.680322647094727 -6.622761249542236 -7.286082744598389 -6.845429420471191 -7.157945156097412 -7.731853485107422 -5.877926349639893 -7.014344692230225 -6.141750812530518 -8.286993980407715 -7.846370697021484 -5.570584297180176 -4.426670551300049 -4.417626857757568 -3.9826622009277344 -4.723979473114014 -4.633589744567871 -4.555356979370117 -4.137729167938232 -4.303328990936279 -4.639372825622559 -3.554523229598999 -5.276005268096924 -4.86218786239624 -4.37918758392334 -0.23514880239963531 -3.9128782749176025 -5.350398540496826
eval_00246 20 -7.035243511199951 -5.065244197845459 -6.565171718597412 -7.008150100708008 -6.232637882232666 -7.589135646820068 -6.605485439300537 -7.70795202255249 -5.431281566619873 -7.051915645599365 -7.643911838531494 -5.959539890289307 -5.666693687438965 -7.8273115158081055 -6.821503162384033 -3.191990375518799 -5.636676788330078 -3.36690616607666 -4.392373085021973 -0.3611017167568207 -4.80875825881958 -5.605014324188232 -3.8021745681762695 -6.584031581878662 -5.361127853393555 -3.43904972076416 -4.084984302520752 -3.473440408706665 -3.4058337211608887 -3.9015157222747803 -4.511356353759766
eval_00432 19 -6.791574001312256 -7.007199287414551 -5.450082778930664 -3.9855287075042725 -5.356407165527344 -4.972557067871094 -6.150642395019531 -5.355694770812988 -5.065706729888916 -6.134403228759766 -4.253035068511963 -4.976856231689453 -4.178837299346924 -6.020094871520996 -4.722492694854736 -5.113511085510254 -4.368562698364258 -3.917949914932251 -0.3173496425151825 -3.768691301345825 -5.458346843719482 -5.510344505310059 -4.252999305725098 -5.447906970977783 -5.474687576293945 -3.553678512573242 -4.819647789001465 -4.721993923187256 -4.525274753570557 -4.116896152496338 -4.975788116455078
eval_00378 3 -5.672100067138672 -5.477873802185059 -1.2373754978179932 -1.28037428855896 -1.9597914218902588 -4.414301872253418 -5.831474304199219 -5.829892158508301 -5.775404930114746 -5.825258255004883 -3.57077693939209 -2.1033687591552734 -3.2129757404327393 -3.870734930038452 -4.307743072509766 -6.046996116638184 -5.826230049133301 -5.640810966491699 -5.577181816101074 -6.126529693603516 -7.349963188171387 -5.786110877990723 -6.24312686920166 -6.682731628417969 -6.506232261657715 -7.455846786499023 -6.930931091308594 -7.127219200134277 -7.518665313720703 -7.797024726867676 -4.813812255859375
eval_00407 2 -2.7481536865234375 -0.8119429349899292 -3.6036720275878906 -3.8658218383789062 -3.3060097694396973 -4.374704360961914 -3.58892822265625 -4.6588029861450195 -3.207838535308838 -2.634308338165283 -4.678866863250732 -3.691272735595703 -3.577637195587158 -4.345756530761719 -4.339334487915039 -3.8271026611328125 -4.414308071136475 -4.5359883308410645 -5.61528205871582 -3.97031831741333 -5.191893577575684 -4.330877304077148 -4.80634880065918 -5.478944301605225 -5.4052276611328125 -5.233057022094727 -3.7168350219726562 -5.383909225463867 -4.986090183258057 -4.789486408233643 -5.30039119720459
eval_00193 6 -5.0532732009887695 -5.968393802642822 -7.299346923828125 -5.488575458526611 -6.656954288482666 -0.07989571988582611 -6.598482608795166 -5.818752765655518 -6.367007255554199 -5.285931587219238 -4.569599628448486 -6.163765907287598 -4.714165210723877 -6.193914890289307 -5.48681116104126 -7.9127197265625 -7.804775714874268 -7.841049671173096 -7.336883068084717 -8.649130821228027 -6.361269474029541 -6.082451343536377 -7.500243663787842 -5.20680570602417 -6.540823936462402 -5.375791549682617 -6.084091663360596 -9.107945442199707 -8.047891616821289 -6.5180182456970215 -7.230649948120117
eval_00398 21 -5.16107177734375 -5.991828918457031 -6.678104400634766 -7.302731513977051 -6.335333824157715 -4.2834978103637695 -5.856891632080078 -5.370333671569824 -4.51862907409668 -6.692536354064941 -5.225944519042969 -7.38692569732666 -4.925173282623291 -5.229916095733643 -5.213227272033691 -2.6428754329681396 -4.276512622833252 -4.844805717468262 -3.648092746734619 -3.3022220134735107 -1.441748857498169 -4.310436725616455 -3.091744899749756 -4.911232948303223 -2.3807590007781982 -3.606323003768921 -4.427424430847168 -4.611313819885254 -2.9556047916412354 -2.112077236175537 -1.8482019901275635
eval_00700 15 -4.913687705993652 -4.834756851196289 -3.1260874271392822 -4.185325622558594 -4.737518310546875 -4.601229667663574 -3.884000301361084 -4.54519510269165 -4.066374778747559 -5.826235771179199 -3.2576112747192383 -4.649334907531738 -5.9851813316345215 -2.4443280696868896 -0.39270704984664917 -5.378529071807861 -6.5442423820495605 -6.025989055633545 -5.462364673614502 -5.601110458374023 -6.388360023498535 -6.689304828643799 -5.619874477386475 -6.730158805847168 -5.780942440032959 -6.8323869705200195 -5.553740978240967 -7.163276195526123 -5.351229190826416 -5.99046516418457 -5.898594856262207
eval_00500 7 -6.357021808624268 -6.7110066413879395 -6.39561128616333 -5.084343433380127 -5.9048752784729 -4.938782691955566 -0.11260636895895004 -5.722248077392578 -5.53716516494751 -5.707383632659912 -6.398822784423828 -4.894716739654541 -6.570997714996338 -3.7090189456939697 -5.000277042388916 -5.830296993255615 -6.289895057678223 -6.727956295013428 -6.147397041320801 -6.34321403503418 -6.723106861114502 -7.028834342956543 -6.623210906982422 -5.250416278839111 -5.280062675476074 -5.969016075134277 -7.180477142333984 -6.254761695861816 -6.595927715301514 -5.870511531829834 -7.807486057281494
eval_00531 23 -7.65345573425293 -7.969825744628906 -7.424244403839111 -6.0200958251953125 -6.055700778961182 -7.308650016784668 -8.34924030303955 -8.959942817687988 -8.168898582458496 -6.684953689575195 -6.197908878326416 -5.936821937561035 -5.766091823577881 -7.363855361938477 -7.090260982513428 -3.692863702774048 -5.595746994018555 -5.897858619689941 -5.976256370544434 -4.34581184387207 -3.560417890548706 -4.339560508728027 -0.24403265118598938 -4.412388801574707 -6.279630184173584 -4.220876216888428 -4.491095066070557 -3.2985680103302 -4.040822505950928 -5.188576698303223 -4.5868096351623535
eval_00079 6 -4.5142388343811035 -6.075663089752197 -5.398054599761963 -4.999467849731445 -5.041062355041504 -0.22556239366531372 -5.982384204864502 -3.9992849826812744 -5.628614902496338 -4.823019504547119 -3.4255123138427734 -5.510011672973633 -3.3278744220733643 -4.25000524520874 -4.709685325622559 -5.861050605773926 -7.3891921043396 -7.010329723358154 -5.943568229675293 -6.611968517303467 -5.891970157623291 -6.3463664054870605 -6.075555801391602 -5.693370819091797 -4.912562847137451 -5.09385871887207 -6.711319446563721 -7.125792026519775 -6.447702884674072 -5.3677592277526855 -6.004702091217041
eval_00707 11 -4.145818710327148 -5.002215385437012 -3.098167657852173 -3.5450081825256348 -3.794844388961792 -3.7915263175964355 -3.985548496246338 -4.621494293212891 -3.554659605026245 -4.4812493324279785 -0.8227288126945496 -3.522249937057495 -4.354704856872559 -2.0900533199310303 -2.1329381465911865 -5.707783222198486 -6.297610759735107 -5.106977462768555 -4.987475872039795 -5.949498176574707 -5.448071479797363 -5.732152938842773 -5.197757244110107 -5.417332172393799 -5.826747894287109 -6.750665664672852 -4.497958183288574 -6.395206451416016 -6.07739782333374 -5.976111888885498 -5.054804801940918
eval_00653 4 -4.956924915313721 -4.825521469116211 -3.558112144470215 -0.2866361439228058 -3.686729907989502 -5.27107572555542 -4.214547157287598 -6.17741584777832 -6.266539573669434 -3.389631509780884 -4.684684753417969 -3.2563207149505615 -4.481054782867432 -4.93393611907959 -4.536221504211426 -6.139725208282471 -5.426620006561279 -7.047289848327637 -6.509613990783691 -5.922623157501221 -6.713604927062988 -6.078298568725586 -5.204710006713867 -4.842351913452148 -7.140891075134277 -6.060670852661133 -4.578817844390869 -6.784129619598389 -6.303464889526367 -7.523142337799072 -7.369094371795654
eval_00468 9 -3.4152445793151855 -3.6230552196502686 -4.129794120788574 -6.0546793937683105 -4.380553722381592 -4.085498332977295 -2.686354398727417 -3.350405216217041 -0.639491856098175 -5.449427604675293 -3.4215567111968994 -5.154715061187744 -4.005752086639404 -3.02093768119812 -2.7531332969665527 -5.122582912445068 -6.187557220458984 -4.924645900726318 -4.799392223358154 -4.425339221954346 -5.480991840362549 -6.739812850952148 -5.895058631896973 -6.258601188659668 -4.929255962371826 -6.284127235412598 -5.912840366363525 -5.549863338470459 -6.851656436920166 -4.597661018371582 -4.125540256500244
eval_00730 3 -2.4282548427581787 -2.9829676151275635 -1.7688572406768799 -2.0952370166778564 -3.0349342823028564 -2.8263487815856934 -4.326573371887207 -3.458843469619751 -4.906285285949707 -2.047016143798828 -3.6317052841186523 -3.9875741004943848 -3.7444143295288086 -4.0645551681518555 -4.165349006652832 -3.6429660320281982 -3.309000253677368 -5.3333563804626465 -5.519819736480713 -5.503342628479004 -4.813780784606934 -4.004865646362305 -4.917847633361816 -5.065826416015625 -4.7680439949035645 -5.182281494140625 -5.060762405395508 -4.865572929382324 -3.8042705059051514 -4.952352523803711 -5.375492095947266
eval_00041 22 -5.68074893951416 -6.480860233306885 -5.943669319152832 -7.463963508605957 -6.380073547363281 -6.015000343322754 -7.160922527313232 -5.530046463012695 -6.05434513092041 -5.289300918579102 -5.7140326499938965 -6.394148826599121 -6.208498954772949 -6.425052642822266 -7.5799360275268555 -5.442722320556641 -5.202050685882568 -4.165430068969727 -6.526981830596924 -6.759875297546387 -4.462682723999023 -0.23980794847011566 -4.774904251098633 -3.5268943309783936 -4.563395023345947 -5.5005083084106445 -6.477108478546143 -3.387380361557007 -5.087456703186035 -4.320102691650391 -3.4102799892425537
eval_00639 17 -5.015034198760986 -4.875982761383057 -4.942172050476074 -5.432122230529785 -5.17735481262207 -5.818044662475586 -4.776045799255371 -5.308642387390137 -4.6586527824401855 -4.695372581481934 -6.002459526062012 -7.7048420906066895 -5.749100208282471 -6.492020606994629 -6.466359615325928 -5.942309379577637 -0.3642188012599945 -2.964646577835083 -3.6723713874816895 -4.823293209075928 -4.785033226013184 -4.640527248382568 -6.0402655601501465 -4.969400405883789 -4.151301383972168 -5.259308338165283 -2.6796724796295166 -4.634782791137695 -5.20886754989624 -5.546262264251709 -5.101022720336914
eval_00549 14 -4.08459997177124 -5.019411087036133 -3.8942694664001465 -4.752099990844727 -3.6311373710632324 -4.193795204162598 -2.599562168121338 -3.720916748046875 -2.0104994773864746 -5.273857116699219 -2.1351683139801025 -3.710303783416748 -3.5431296825408936 -1.6490657329559326 -2.0590670108795166 -5.731931686401367 -4.986445426940918 -4.313782691955566 -3.121330976486206 -4.8457794189453125 -5.00557279586792 -5.391478538513184 -4.898641586303711 -4.908454418182373 -4.746039867401123 -4.762841701507568 -5.334737777709961 -5.6353373527526855 -5.271801948547363 -4.575955390930176 -3.368156909942627
eval_00472 22 -5.192429542541504 -5.591826438903809 -5.387691497802734 -5.218088626861572 -6.40219783782959 -4.498408317565918 -5.115316867828369 -3.734565019607544 -5.948927879333496 -4.817313194274902 -5.7524919509887695 -5.2252092361450195 -7.375641345977783 -5.523592948913574 -6.618120193481445 -4.508051872253418 -4.8172526359558105 -5.729338645935059 -8.15959358215332 -7.311149597167969 -4.558867454528809 -0.40389522910118103 -4.300107479095459 -2.7434141635894775 -4.454136848449707 -5.260470390319824 -5.405330657958984 -2.369175434112549 -5.487097263336182 -4.857429027557373 -5.013964653015137
eval_00527 27 -5.16859245300293 -4.252808570861816 -6.719186782836914 -5.010472297668457 -6.872400283813477 -5.833353519439697 -5.192957878112793 -7.144333839416504 -5.623187065124512 -5.173422336578369 -5.828602313995361 -4.835544586181641 -4.2172746658325195 -6.53752326965332 -5.8184285163879395 -5.5914530754089355 -3.223656177520752 -4.025631904602051 -5.596049785614014 -4.2535505294799805 -4.139298915863037 -4.734875202178955 -3.872300624847412 -3.6262712478637695 -4.562664031982422 -4.839606761932373 -0.3365253806114197 -4.570738792419434 -5.324865818023682 -4.931954860687256 -4.12939453125
eval_00375 20 -6.885961532592773 -6.1442742347717285 -5.479443073272705 -6.508009910583496 -5.514727592468262 -6.202183723449707 -6.724965572357178 -6.6648101806640625 -4.71340274810791 -7.525423049926758 -5.8596978187561035 -6.6197509765625 -5.594714164733887 -6.058136940002441 -5.2519378662109375 -4.1162896156311035 -4.789386749267578 -3.9239377975463867 -2.7270712852478027 -0.555662989616394 -4.617263317108154 -5.5952534675598145 -2.568941593170166 -6.126535415649414 -4.831296920776367 -2.6243767738342285 -4.525768280029297 -3.3723669052124023 -3.7078170776367188 -4.62135124206543 -3.8259215354919434
eval_00691 15 -4.894245147705078 -4.319498062133789 -3.3629097938537598 -4.5601487159729 -5.575886249542236 -4.71918249130249 -4.643612384796143 -4.220414638519287 -4.545107841491699 -5.226100921630859 -3.762939929962158 -3.914381742477417 -6.2996344566345215 -3.1356592178344727 -0.2751259505748749 -5.50921630859375 -6.2344489097595215 -6.0614333152771 -6.030247211456299 -6.571399211883545 -6.640720844268799 -6.657341003417969 -6.2448930740356445 -6.548718452453613 -6.092737197875977 -7.143200397491455 -5.423587799072266 -7.0839056968688965 -5.595705986022949 -6.58677339553833 -6.415229320526123
eval_00734 28 -7.4597368240356445 -6.922670364379883 -6.131541728973389 -6.8282294273376465 -6.948052883148193 -5.967790126800537 -6.2762322425842285 -5.22715950012207 -8.606205940246582 -4.676170349121094 -6.38478422164917 -5.110586166381836 -6.98934268951416 -6.9372878074646 -7.37129545211792 -4.179845809936523 -6.095892429351807 -6.074422359466553 -6.1190505027771 -5.677236080169678 -6.641300201416016 -4.278943061828613 -3.9858756065368652 -5.1482462882995605 -5.048084735870361 -4.241786956787109 -7.758889675140381 -0.1566004604101181 -4.153932571411133 -5.296147346496582 -5.929663181304932
eval_00570 3 -4.2514848709106445 -4.01360559463501 -0.2706763446331024 -3.893110752105713 -3.488680124282837 -5.609936714172363 -6.141424655914307 -3.9934914112091064 -5.237184047698975 -4.6329193115234375 -3.5433156490325928 -4.801126003265381 -5.053784370422363 -3.7614357471466064 -3.9838123321533203 -5.137949466705322 -6.001739025115967 -5.447542190551758 -7.046367168426514 -6.517038822174072 -6.897311687469482 -5.52692985534668 -6.934455394744873 -8.409415245056152 -6.960503578186035 -8.324043273925781 -7.23740816116333 -6.908738613128662 -6.752723217010498 -7.667730808258057 -5.656364917755127
eval_00135 25 -5.222931385040283 -5.388041973114014 -5.6079182624816895 -5.228674411773682 -5.140677452087402 -5.108675003051758 -6.140405178070068 -5.692004203796387 -5.330874919891357 -5.384044170379639 -4.728763580322266 -5.921792507171631 -5.059055328369141 -4.52921199798584 -4.754970073699951 -2.8541908264160156 -3.7179741859436035 -3.6022257804870605 -3.389315128326416 -3.565201759338379 -2.7765488624572754 -2.9972541332244873 -2.1454720497131348 -4.588386058807373 -1.6715253591537476 -3.7338380813598633 -3.2000277042388916 -4.237146854400635 -2.3140339851379395 -2.3299641609191895 -3.1436562538146973
eval_00327 3 -4.097087383270264 -3.867875337600708 -0.29821428656578064 -3.1126081943511963 -3.7377002239227295 -6.934519290924072 -6.049123764038086 -4.810243129730225 -5.422313213348389 -4.657857418060303 -3.6828343868255615 -4.782363414764404 -4.552087783813477 -3.265622854232788 -4.033685207366943 -5.285902500152588 -6.453354358673096 -5.440676212310791 -6.669486045837402 -6.436646461486816 -7.580821514129639 -5.6751604080200195 -7.178421497344971 -8.48025894165039 -7.0545268058776855 -8.598865509033203 -7.39840841293335 -6.641625881195068 -6.6877593994140625 -8.38864803314209 -5.65263032913208
eval_00133 13 -3.6270811557769775 -4.035190582275391 -6.567798614501953 -4.7999348640441895 -3.1390981674194336 -1.895315408706665 -4.723139762878418 -3.218165636062622 -2.0843052864074707 -3.782198905944824 -2.4373068809509277 -3.186491012573242 -1.8079285621643066 -2.7211525440216064 -2.2574455738067627 -6.391978740692139 -7.615908145904541 -6.0937724113464355 -5.6452436447143555 -5.932734966278076 -4.858523368835449 -5.930194854736328 -5.737854957580566 -3.2630417346954346 -5.966454982757568 -4.767582893371582 -5.329574108123779 -7.6019158363342285 -5.998778820037842 -5.386117935180664 -4.920233726501465
eval_00660 7 -5.456131458282471 -4.041435241699219 -4.3825483322143555 -4.721111297607422 -5.489789962768555 -4.183956146240234 -0.33054330945014954 -4.216561794281006 -4.201730728149414 -6.045170307159424 -5.585015773773193 -2.646946430206299 -5.7977776527404785 -4.5979485511779785 -4.3951005935668945 -5.503297805786133 -5.488461017608643 -4.476991176605225 -5.188146114349365 -4.601716995239258 -5.728073596954346 -5.758027076721191 -6.279868125915527 -5.048338890075684 -5.116185665130615 -5.369479179382324 -5.508479595184326 -4.565523624420166 -5.883118152618408 -5.08094596862793 -5.91563081741333
eval_00526 21 -5.191768646240234 -5.34812068939209 -7.01756477355957 -6.616815567016602 -5.846720218658447 -4.132836818695068 -5.279075622558594 -4.890693664550781 -5.922308444976807 -5.029089450836182 -5.501824855804443 -6.087234973907471 -5.635463714599609 -5.434900283813477 -5.571897506713867 -4.234588623046875 -3.3753762245178223 -4.55355978012085 -3.6510441303253174 -5.013855934143066 -0.6165111660957336 -4.7883806228637695 -4.225560188293457 -3.1079747676849365 -3.2779321670532227 -3.0010812282562256 -3.747262716293335 -3.911365032196045 -3.460850238800049 -3.02811336517334 -3.991891384124756
eval_00488 14 -3.9555506706237793 -4.343105316162109 -4.4452643394470215 -4.975829601287842 -4.671352386474609 -4.296877384185791 -3.409442901611328 -3.449582099914551 -2.362856388092041 -4.655735969543457 -2.631192207336426 -3.386528491973877 -4.0729522705078125 -1.042061448097229 -2.2670488357543945 -5.879984378814697 -5.271845817565918 -3.3096232414245605 -3.8065099716186523 -5.104052543640137 -4.655674457550049 -4.706770896911621 -5.487377166748047 -4.563865661621094 -4.3802571296691895 -4.834965705871582 -5.030386924743652 -5.60576868057251 -5.533085823059082 -4.4319281578063965 -3.642125129699707
eval_00394 13 -4.0153117179870605 -3.756281852722168 -4.05930757522583 -3.4656918048858643 -3.690159320831299 -3.372537851333618 -5.235130310058594 -4.001123905181885 -4.070448875427246 -4.439079284667969 -4.6422905921936035 -3.330388307571411 -0.47982504963874817 -5.0539021492004395 -4.612327575683594 -5.289967060089111 -5.957642555236816 -5.132902145385742 -4.833470821380615 -4.190590858459473 -5.984223365783691 -5.103867530822754 -4.788315773010254 -4.240721225738525 -5.798067092895508 -4.572120189666748 -5.4024658203125 -5.361318588256836 -5.058243274688721 -5.009550094604492 -4.2577972412109375
eval_00209 23 -5.627603530883789 -7.149357795715332 -5.612844467163086 -4.343852996826172 -5.653597354888916 -3.876519203186035 -6.158363342285156 -6.134209632873535 -6.166239261627197 -6.492135047912598 -4.4248480796813965 -4.7520060539245605 -4.890030384063721 -4.984248161315918 -4.966834545135498 -3.3045005798339844 -4.625704288482666 -6.185171604156494 -3.8109819889068604 -4.74360466003418 -2.5823428630828857 -3.6260433197021484 -0.6180562376976013 -4.368189811706543 -3.9868509769439697 -2.742907762527466 -3.8140978813171387 -4.2738189697265625 -4.154487133026123 -3.783010721206665 -4.251177787780762
eval_00316 23 -5.470752716064453 -7.134063720703125 -5.016684532165527 -4.023695468902588 -4.851893424987793 -3.8043694496154785 -5.579411506652832 -5.172009468078613 -5.2586989402771 -5.820774555206299 -3.4683797359466553 -3.7949695587158203 -3.5878734588623047 -4.062045574188232 -3.863328695297241 -3.6610517501831055 -5.112218856811523 -5.0311479568481445 -2.695180892944336 -3.805485248565674 -3.266094923019409 -3.311445951461792 -1.166132926940918 -4.1194024085998535 -3.1657581329345703 -2.1687140464782715 -4.851295471191406 -4.278593063354492 -4.1961517333984375 -3.3901782035827637 -3.082690715789795
eval_00663 20 -6.623047828674316 -6.421330451965332 -5.318552494049072 -6.212640762329102 -5.909544467926025 -6.120443820953369 -6.220891952514648 -6.6652703285217285 -4.885186672210693 -7.938263416290283 -5.530959606170654 -6.081443786621094 -5.2820634841918945 -6.7910261154174805 -5.653392791748047 -4.202063083648682 -4.536152362823486 -2.4792275428771973 -2.5237362384796143 -0.6814956068992615 -4.6719889640808105 -6.421418190002441 -2.796966314315796 -6.454158782958984 -4.488417625427246 -2.734699010848999 -4.049981594085693 -3.3670763969421387 -4.259407997131348 -3.848604917526245 -3.6677398681640625
eval_00539 17 -4.275765419006348 -4.380165100097656 -4.837602615356445 -5.621457576751709 -4.52346134185791 -3.3775367736816406 -4.570532321929932 -4.684165000915527 -4.030069351196289 -4.0926594734191895 -5.12628173828125 -7.471631050109863 -4.619210243225098 -5.098696708679199 -4.999239444732666 -3.47308349609375 -1.3284096717834473 -3.9458775520324707 -2.3187224864959717 -3.1254067420959473 -3.6123642921447754 -5.058585166931152 -4.34907341003418 -4.331316947937012 -1.7658984661102295 -3.9663500785827637 -4.034300327301025 -3.9434688091278076 -3.607138156890869 -3.9024658203125 -3.160350799560547
eval_00251 22 -5.477725505828857 -5.90287971496582 -4.915792942047119 -5.96161413192749 -5.0970234870910645 -4.424647331237793 -5.750921726226807 -3.827700614929199 -4.512053489685059 -6.281137943267822 -5.629103660583496 -4.493304252624512 -4.225255966186523 -5.695143699645996 -6.12923526763916 -6.174989223480225 -4.182705402374268 -4.75612735748291 -5.939321994781494 -6.840528964996338 -4.752516746520996 -0.5308352708816528 -5.229506492614746 -2.759371280670166 -4.316005229949951 -5.78761100769043 -5.1971235275268555 -4.896845817565918 -5.889496326446533 -4.241720199584961 -1.8923126459121704
eval_00275 24 -7.4829559326171875 -8.71207046508789 -9.007064819335938 -6.217292308807373 -6.167748928070068 -5.287723064422607 -5.170166492462158 -5.61644172668457 -6.92653226852417 -6.651271820068359 -8.222940444946289 -6.925675392150879 -8.100781440734863 -7.560269355773926 -8.213465690612793 -6.554627418518066 -5.192014694213867 -8.883491516113281 -6.777792930603027 -7.75280237197876 -4.430512428283691 -4.714632987976074 -5.745036602020264 -0.08327969908714294 -5.381485939025879 -4.78267240524292 -6.623012542724609 -5.5599260330200195 -6.503167629241943 -5.9029035568237305 -7.097177028656006
eval_00322 15 -4.746370315551758 -4.109106063842773 -3.424614906311035 -4.464362144470215 -5.5718159675598145 -4.6298136711120605 -4.475605487823486 -4.076894283294678 -4.398577690124512 -5.06549596786499 -3.849902629852295 -3.8863232135772705 -6.138334274291992 -3.126911163330078 -0.2934417426586151 -5.330323219299316 -6.219803810119629 -6.018631935119629 -6.0801310539245605 -6.551217555999756 -6.564350128173828 -6.578055381774902 -6.20061731338501 -6.378056526184082 -6.012704849243164 -7.079348564147949 -5.286755561828613 -6.99277400970459 -5.415430545806885 -6.486142158508301 -6.185945987701416
eval_00056 4 -4.073552131652832 -5.216498374938965 -3.5321383476257324 -0.28814697265625 -3.7835469245910645 -4.650428771972656 -5.041024208068848 -5.474249839782715 -5.357818126678467 -3.7763354778289795 -3.436645030975342 -4.353402614593506 -3.7464888095855713 -3.958005666732788 -4.583420276641846 -6.431173801422119 -5.814926624298096 -7.185037136077881 -5.905562877655029 -6.786871910095215 -6.9525146484375 -7.03126859664917 -5.398429870605469 -5.897270202636719 -7.259040355682373 -5.914724826812744 -5.295255661010742 -6.868461608886719 -6.533725738525391 -7.59786319732666 -7.822790145874023
eval_00461 20 -6.605258941650391 -4.849424839019775 -6.160033226013184 -6.581357955932617 -5.888818264007568 -7.033963203430176 -6.200178623199463 -7.422513008117676 -5.139852046966553 -6.787651062011719 -7.2718353271484375 -5.946559906005859 -5.487300872802734 -7.232290267944336 -6.347287654876709 -2.830000162124634 -5.227875709533691 -3.2234106063842773 -4.238186836242676 -0.4813395142555237 -4.352788925170898 -5.142073154449463 -3.443398952484131 -6.206462860107422 -4.687710762023926 -3.4491827487945557 -3.695450782775879 -3.4149856567382812 -3.1505401134490967 -3.8246617317199707 -4.464834690093994
eval_00247 1 -0.17294606566429138 -3.637563705444336 -4.391241550445557 -6.112743377685547 -6.263424873352051 -5.874155521392822 -4.8274149894714355 -7.0929155349731445 -3.6034810543060303 -5.034224510192871 -5.046628952026367 -6.1409502029418945 -4.843323707580566 -4.16811466217041 -5.77376127243042 -6.194079875946045 -5.562244892120361 -5.693122863769531 -7.664809226989746 -6.439887046813965 -5.550835609436035 -6.1250715255737305 -6.5475544929504395 -7.622076034545898 -6.1820831298828125 -6.69123649597168 -5.390323162078857 -7.34177827835083 -8.223673820495605 -5.2142486572265625 -6.205454349517822
eval_00453 10 -3.910914182662964 -4.183670520782471 -4.43278169631958 -3.3366262912750244 -4.811661720275879 -4.721873760223389 -4.986166000366211 -4.581462860107422 -6.892426013946533 -0.2354280650615692 -4.497830390930176 -5.266657829284668 -4.912527561187744 -4.456599235534668 -6.369543552398682 -6.352150917053223 -4.402087688446045 -5.86783504486084 -6.294905185699463 -7.434110164642334 -5.758700370788574 -5.617153644561768 -6.174343109130859 -5.219509601593018 -6.400086402893066 -5.469353675842285 -5.182073593139648 -5.563450813293457 -5.608555793762207 -6.537446975708008 -6.910096168518066
eval_00147 3 -4.072919845581055 -4.155961513519287 -0.7940282225608826 -2.3544065952301025 -2.1343913078308105 -4.223750114440918 -4.592946529388428 -3.7731876373291016 -4.067693710327148 -4.311946392059326 -3.238880157470703 -3.2963204383850098 -4.125373840332031 -3.940577983856201 -3.7424473762512207 -4.314721584320068 -4.435883522033691 -4.986828804016113 -5.490649223327637 -5.502753257751465 -5.467543601989746 -5.413238048553467 -4.968118190765381 -6.5606231689453125 -5.616286754608154 -6.491056442260742 -5.025716304779053 -5.823237419128418 -5.545766830444336 -5.641139984130859 -4.73270320892334
eval_00284 7 -5.355300426483154 -4.957865238189697 -5.01889705657959 -4.521376609802246 -5.3295159339904785 -3.94038462638855 -0.32847151160240173 -4.359656810760498 -3.3317577838897705 -5.907824993133545 -4.941466331481934 -3.4022486209869385 -5.259644508361816 -4.733254432678223 -3.979654312133789 -5.491239547729492 -5.30789852142334 -4.936166763305664 -4.873337268829346 -5.473297119140625 -5.593198776245117 -4.83820104598999 -6.071422576904297 -4.129861354827881 -4.8375163078308105 -5.00888729095459 -5.7902350425720215 -4.641380310058594 -5.830212116241455 -4.614668369293213 -5.572058200836182
eval_00518 9 -3.476618766784668 -3.583381175994873 -4.172201156616211 -5.252446174621582 -4.586950302124023 -5.487746238708496 -3.812675714492798 -4.202793121337891 -0.2969951033592224 -4.941061973571777 -5.107859134674072 -4.864902973175049 -4.143853664398193 -4.414041042327881 -4.384186744689941 -5.527623176574707 -5.591547012329102 -5.511656284332275 -5.347959041595459 -4.569960117340088 -6.741863250732422 -5.074642658233643 -6.437184810638428 -4.927145481109619 -5.940568923950195 -5.983855724334717 -5.3135833740234375 -6.095727920532227 -7.225959300994873 -5.568933010101318 -5.322131633758545
eval_00340 5 -4.394728660583496 -3.4253077507019043 -4.751013278961182 -4.26697301864624 -0.23682630062103271 -5.598135948181152 -5.271914482116699 -5.138020992279053 -5.892258644104004 -3.5758118629455566 -6.160768985748291 -4.36752986907959 -4.219560146331787 -5.905140399932861 -5.9352335929870605 -5.553951740264893 -5.892043590545654 -6.284120082855225 -6.282069683074951 -6.166993618011475 -6.47507905960083 -5.696664333343506 -4.902514457702637 -4.664581298828125 -7.417585372924805 -6.363570213317871 -6.0374016761779785 -4.322561740875244 -4.87448787689209 -7.61867618560791 -5.92555046081543
eval_00733 11 -4.393153667449951 -6.1905717849731445 -3.233835220336914 -4.264030456542969 -5.102033615112305 -4.176633834838867 -4.8526482582092285 -4.57687520980835 -5.282025337219238 -4.952001571655273 -0.3922748863697052 -4.6044840812683105 -5.344951152801514 -2.478194236755371 -2.899186372756958 -5.067379951477051 -6.457614898681641 -5.303561210632324 -5.467119216918945 -7.0009355545043945 -5.487296104431152 -5.56671142578125 -5.3049798011779785 -6.957947731018066 -6.039203643798828 -6.0703020095825195 -5.78123664855957 -5.696904182434082 -6.399526596069336 -5.521151065826416 -5.982247352600098
eval_00683 19 -7.771391868591309 -7.428839206695557 -6.071227550506592 -4.708292484283447 -5.769338130950928 -5.697397708892822 -5.254553318023682 -6.138659477233887 -5.243370532989502 -7.036026477813721 -4.888232231140137 -5.41549825668335 -6.145216464996338 -5.971743583679199 -4.551689624786377 -5.148040771484375 -5.324749946594238 -4.214433670043945 -0.2947411835193634 -3.383519411087036 -5.205292701721191 -6.01457405090332 -3.919254779815674 -5.982702255249023 -5.080563068389893 -2.8866047859191895 -5.345910549163818 -5.172235012054443 -4.189424991607666 -4.226507186889648 -5.570060729980469
eval_00624 23 -6.742762088775635 -7.3808746337890625 -6.69072961807251 -5.310915470123291 -6.712418079376221 -5.539071083068848 -7.4308552742004395 -7.74277925491333 -7.674559593200684 -6.185604572296143 -6.099380970001221 -5.5431694984436035 -5.721949100494385 -7.155293941497803 -6.79702615737915 -3.4936492443084717 -5.581711769104004 -6.827824115753174 -5.6921706199646 -4.625497817993164 -4.152730941772461 -4.810188293457031 -0.2759768068790436 -4.605566024780273 -6.109950542449951 -3.264012336730957 -4.978540897369385 -3.2427093982696533 -3.525393486022949 -4.724226474761963 -5.087596893310547
eval_00632 17 -6.852816581726074 -7.2120795249938965 -7.363615989685059 -5.651557445526123 -6.406158924102783 -6.529008388519287 -5.011219501495361 -7.765279769897461 -6.561654090881348 -5.5906219482421875 -7.48016357421875 -9.274524688720703 -8.455196380615234 -7.675373554229736 -7.825022220611572 -7.5245795249938965 -0.11125390231609344 -6.937636375427246 -5.955085277557373 -7.131401538848877 -5.294106960296631 -5.583526611328125 -6.537765026092529 -3.2417914867401123 -4.884335041046143 -6.218726634979248 -4.437531471252441 -5.839980125427246 -6.228060722351074 -7.0614166259765625 -6.986961364746094
eval_00089 1 -0.8893133401870728 -3.6264333724975586 -3.4269590377807617 -3.751340389251709 -3.6033644676208496 -3.8990468978881836 -4.652411937713623 -3.812164783477783 -4.13570499420166 -2.959481716156006 -2.3376731872558594 -4.651156902313232 -3.110306739807129 -2.2882866859436035 -3.9801411628723145 -6.65867280960083 -5.929426670074463 -5.234955310821533 -4.335596084594727 -6.3431715965271 -4.665574550628662 -4.938896179199219 -5.310465335845947 -4.637176513671875 -5.773070335388184 -4.925812721252441 -5.061122894287109 -5.943985939025879 -6.440882682800293 -5.6860809326171875 -4.704055309295654
eval_00120 6 -3.3868770599365234 -4.8770365715026855 -4.787616729736328 -4.078604698181152 -3.462376594543457 -0.6625052690505981 -5.4303131103515625 -3.6498351097106934 -3.8883237838745117 -3.982698440551758 -2.185873031616211 -4.957352161407471 -2.902658462524414 -2.775062084197998 -3.1407852172851562 -6.635902404785156 -8.222841262817383 -7.0305023193359375 -5.394245147705078 -7.001116752624512 -5.138180255889893 -6.425632476806641 -6.686846733093262 -5.133635997772217 -6.828400611877441 -5.700657844543457 -5.77891731262207 -8.244935989379883 -6.544342041015625 -5.889183521270752 -6.000527381896973
eval_00428 2 -3.225447654724121 -0.16422368586063385 -5.211910724639893 -6.2707366943359375 -5.68233585357666 -6.159519672393799 -4.822541236877441 -6.007354259490967 -4.422425746917725 -5.856510639190674 -6.812209129333496 -4.485214710235596 -4.439548015594482 -4.570340156555176 -5.340964317321777 -5.9432549476623535 -6.647282600402832 -5.347153186798096 -7.479589462280273 -5.127013206481934 -6.223650932312012 -6.525049686431885 -7.325220108032227 -6.847347259521484 -5.711343765258789 -7.500800132751465 -5.670157432556152 -7.11131477355957 -7.132684707641602 -5.991776466369629 -6.039991855621338
eval_00693 12 -5.899507522583008 -5.161412239074707 -5.852972984313965 -5.835244178771973 -6.079499244689941 -3.1919589042663574 -4.652431488037109 -2.6217925548553467 -3.3985328674316406 -7.167140007019043 -5.156872749328613 -1.404142141342163 -2.016166925430298 -3.894686460494995 -1.9952242374420166 -4.510205268859863 -7.122469902038574 -6.132105827331543 -5.529341697692871 -3.6101932525634766 -5.869671821594238 -8.622160911560059 -3.9492876529693604 -6.820884704589844 -5.794127464294434 -5.99687385559082 -7.125276565551758 -5.361507892608643 -5.691023826599121 -3.9313528537750244 -1.699721097946167
eval_00579 31 -5.978837490081787 -5.261723518371582 -4.6332478523254395 -6.462751388549805 -6.2315287590026855 -6.280390739440918 -8.891873359680176 -6.004575252532959 -6.4411420822143555 -6.719937801361084 -5.923356056213379 -7.864162921905518 -5.861826419830322 -6.996968746185303 -5.506469249725342 -5.7183308601379395 -4.314180850982666 -5.069060325622559 -6.170359134674072 -5.836729526519775 -5.0615363121032715 -4.349512577056885 -5.512742042541504 -6.4300217628479 -5.422640800476074 -7.534409999847412 -5.795658588409424 -5.4339470863342285 -3.962576389312744 -5.075029373168945 -0.13880956172943115
eval_00576 19 -8.070929527282715 -7.385175704956055 -5.718467712402344 -5.562024116516113 -5.660415172576904 -6.9638671875 -6.507611274719238 -6.0871782302856445 -6.2081732749938965 -6.242678642272949 -5.310490608215332 -5.893484115600586 -5.920440196990967 -6.744868278503418 -5.277621746063232 -7.234872817993164 -5.754444122314453 -3.799410104751587 -0.12583808600902557 -4.67995023727417 -6.786495208740234 -6.498543739318848 -6.124612808227539 -6.28480863571167 -6.651147842407227 -3.7995235919952393 -6.547486782073975 -5.765783309936523 -5.102896690368652 -5.818619728088379 -6.297124862670898
eval_00498 27 -5.075385570526123 -4.182905197143555 -6.557153701782227 -5.1324968338012695 -7.095164775848389 -6.118912696838379 -5.429121971130371 -7.422640800476074 -5.703336238861084 -5.043574810028076 -6.126613616943359 -5.43732213973999 -5.2471489906311035 -6.421186447143555 -5.822776794433594 -5.264251708984375 -3.963958263397217 -4.542228698730469 -6.6267194747924805 -4.4624481201171875 -4.41414213180542 -5.430617809295654 -4.743588447570801 -4.857305526733398 -5.351850986480713 -6.007620811462402 -0.19468975067138672 -6.31751823425293 -4.892670631408691 -4.818338394165039 -4.74636173248291
eval_00371 1 -0.18476766347885132 -3.332780361175537 -5.202671051025391 -5.932591438293457 -5.078667163848877 -5.590085506439209 -4.574040412902832 -6.1549248695373535 -4.329745292663574 -3.9708199501037598 -5.389877796173096 -5.8726654052734375 -4.446821689605713 -4.351025581359863 -5.83534049987793 -6.137999534606934 -5.919459342956543 -5.719693660736084 -7.034250736236572 -6.667254447937012 -5.271642684936523 -6.293766021728516 -6.953815460205078 -6.667534828186035 -6.268367290496826 -6.598370552062988 -5.481055736541748 -7.307129383087158 -7.521961212158203 -5.334625244140625 -5.96414041519165
eval_00129 14 -3.5889158248901367 -4.801209449768066 -3.85013484954834 -4.893458843231201 -5.996646404266357 -4.809453964233398 -4.345866680145264 -4.81858491897583 -5.714839458465576 -3.621825695037842 -3.3763577938079834 -4.1242499351501465 -6.250759124755859 -0.2598910629749298 -3.452679395675659 -7.047572612762451 -7.594367980957031 -5.990209102630615 -7.397965908050537 -8.59101390838623 -5.545887470245361 -6.056824207305908 -7.1392035484313965 -7.3680500984191895 -6.137750148773193 -7.367448806762695 -6.497643947601318 -7.800939083099365 -7.833226203918457 -7.546765327453613 -7.381217002868652
eval_00090 14 -4.456196308135986 -4.381750583648682 -3.353428602218628 -4.146234512329102 -5.223794937133789 -5.42640495300293 -4.417141914367676 -3.800788164138794 -5.860825061798096 -3.7093067169189453 -3.583282709121704 -2.914644479751587 -5.7780985832214355 -0.38736358284950256 -2.867358922958374 -5.706198692321777 -7.341012001037598 -5.0843400955200195 -6.378533840179443 -7.292466163635254 -5.436178207397461 -5.947052955627441 -6.563107967376709 -6.80806827545166 -6.25829553604126 -7.065067768096924 -6.341203689575195 -6.150572776794434 -6.486453056335449 -6.800380706787109 -6.554250240325928
eval_00205 26 -6.350526809692383 -6.41225004196167 -6.1422119140625 -3.7023096084594727 -5.648230075836182 -4.218136787414551 -5.928810119628906 -5.697446823120117 -5.45820951461792 -5.8166961669921875 -4.778597354888916 -4.8247971534729 -4.107904434204102 -6.7388410568237305 -5.1928606033325195 -6.0105299949646 -5.230090618133545 -4.167280673980713 -1.198415756225586 -2.9835946559906006 -5.534040451049805 -6.383744239807129 -3.209273338317871 -4.562569618225098 -6.310187816619873 -0.8758707046508789 -4.603015899658203 -4.612430572509766 -4.715095520019531 -4.107634544372559 -5.822845458984375
eval_00417 25 -6.283242702484131 -6.0499749183654785 -7.599283218383789 -7.434309482574463 -6.83077335357666 -4.942878723144531 -5.321465492248535 -6.026780605316162 -6.689716339111328 -6.964793682098389 -7.699242115020752 -8.017688751220703 -8.123082160949707 -5.946014404296875 -6.96838903427124 -4.727753162384033 -5.163711071014404 -4.902704238891602 -6.167766094207764 -5.951996326446533 -3.6419384479522705 -4.08125114440918 -5.937854766845703 -4.064296245574951 -0.16310760378837585 -5.440287113189697 -5.062247276306152 -5.752735614776611 -5.055473804473877 -4.576780796051025 -5.896343231201172
eval_00274 12 -6.250521183013916 -4.94570779800415 -4.985770225524902 -3.6760094165802 -5.4855756759643555 -5.6482086181640625 -2.7865374088287354 -5.252547264099121 -5.896547317504883 -5.1556501388549805 -5.297666072845459 -0.25501129031181335 -4.377543926239014 -3.364468812942505 -3.5774343013763428 -5.560781955718994 -8.635398864746094 -7.057892799377441 -6.685427188873291 -5.7176642417907715 -7.882307529449463 -7.82473087310791 -6.215716361999512 -6.687122344970703 -8.484703063964844 -5.94044828414917 -7.643078327178955 -5.978597164154053 -7.412730693817139 -7.479196071624756 -8.14669132232666
eval_00636 23 -5.835021018981934 -6.617063522338867 -6.5708417892456055 -5.976429462432861 -5.419164657592773 -5.523336887359619 -7.359109878540039 -6.905890464782715 -7.306787967681885 -5.223860740661621 -5.106895923614502 -5.149513244628906 -4.147981643676758 -6.310978889465332 -6.367202281951904 -3.8417341709136963 -3.946962833404541 -5.325510501861572 -5.242273807525635 -4.413630962371826 -3.256011962890625 -3.3779146671295166 -0.58819180727005 -3.8188188076019287 -4.514382362365723 -3.5742809772491455 -4.001157760620117 -2.6228246688842773 -3.985483407974243 -4.2120208740234375 -2.684760332107544
eval_00046 28 -7.922196865081787 -7.661799907684326 -7.004789352416992 -8.207106590270996 -7.0150837898254395 -9.464561462402344 -7.4144110679626465 -6.820858001708984 -9.170166015625 -5.13079309463501 -7.8135151863098145 -5.707818031311035 -8.253847122192383 -7.981645584106445 -9.125897407531738 -4.828749179840088 -5.426637649536133 -5.366598129272461 -6.020034313201904 -6.38497257232666 -6.556122303009033 -3.943119525909424 -4.2213006019592285 -5.651978492736816 -6.521212577819824 -5.241202354431152 -7.206037998199463 -0.098503477871418 -4.7880635261535645 -6.536373138427734 -6.718602180480957
eval_00352 11 -4.394969463348389 -5.589810848236084 -3.6364493370056152 -4.473579406738281 -3.6101632118225098 -4.648743629455566 -5.665098190307617 -4.925485610961914 -3.3945775032043457 -4.529659271240234 -0.5758999586105347 -4.255205154418945 -2.867741107940674 -2.556023120880127 -2.779996395111084 -6.220409393310547 -6.432239532470703 -5.192129611968994 -3.652857780456543 -6.062966823577881 -4.83033561706543 -6.180755615234375 -5.356988906860352 -6.160857677459717 -5.985837459564209 -5.845798015594482 -5.022055625915527 -6.878730773925781 -5.401723384857178 -5.97040319442749 -4.926399230957031
eval_00607 29 -7.287102699279785 -7.115577697753906 -6.627289772033691 -5.964664936065674 -5.715578556060791 -8.129671096801758 -5.932516574859619 -8.407580375671387 -7.295049667358398 -5.361874580383301 -7.211361885070801 -6.633899211883545 -7.4931182861328125 -6.801078796386719 -6.291438102722168 -5.698296070098877 -4.106929779052734 -4.732901573181152 -6.014400959014893 -5.266744136810303 -5.356809616088867 -5.98769998550415 -5.007106781005859 -6.248034954071045 -5.53547477722168 -5.924964904785156 -5.893854141235352 -5.56215763092041 -0.10539628565311432 -4.855340957641602 -5.479801654815674
eval_00019 2 -2.6197009086608887 -1.4685636758804321 -2.855203628540039 -2.9182872772216797 -2.7183752059936523 -4.489380359649658 -4.108802318572998 -4.135814189910889 -4.304227352142334 -2.3343048095703125 -3.610781192779541 -2.896111488342285 -3.4191017150878906 -3.0928001403808594 -3.8592114448547363 -4.138612747192383 -4.365674018859863 -4.633471965789795 -5.761716365814209 -4.326491355895996 -5.011301040649414 -3.170759677886963 -4.486736297607422 -4.574349403381348 -5.534618854522705 -5.657328128814697 -4.494672775268555 -4.3604254722595215 -4.807682514190674 -5.1714277267456055 -4.2900471687316895
eval_00238 31 -6.912991046905518 -7.39447021484375 -5.370646953582764 -6.795909404754639 -6.523571491241455 -7.96579647064209 -8.434961318969727 -7.739367961883545 -6.997713565826416 -7.366745948791504 -6.686636447906494 -7.067440986633301 -6.184012413024902 -6.1317830085754395 -6.381870746612549 -5.779870510101318 -4.809092998504639 -4.229434967041016 -6.831119537353516 -5.854977607727051 -5.005268096923828 -3.271012306213379 -5.5775227546691895 -7.759698867797852 -5.695798397064209 -6.961897850036621 -6.879449844360352 -5.7955121994018555 -3.6445696353912354 -4.665677547454834 -0.15311799943447113
eval_00075 4 -5.82244873046875 -5.5720133781433105 -3.950404405593872 -0.3278384208679199 -3.8705267906188965 -3.1090102195739746 -4.002730369567871 -5.744725704193115 -6.315630912780762 -4.622653007507324 -3.1082019805908203 -3.460071563720703 -4.039912223815918 -3.986656904220581 -4.071658134460449 -7.117629528045654 -6.226466655731201 -7.8304572105407715 -5.423557281494141 -6.946212291717529 -7.288661479949951 -7.363609790802002 -5.46785306930542 -6.290237903594971 -7.51336669921875 -5.808104991912842 -5.62171745300293 -6.903061389923096 -7.050197601318359 -8.278289794921875 -7.9394001960754395
eval_00342 21 -4.171567916870117 -4.751251220703125 -5.299545764923096 -5.743672847747803 -5.067948341369629 -3.130267858505249 -5.916042804718018 -4.401291370391846 -4.619202136993408 -5.414228439331055 -4.2691264152526855 -6.39923620223999 -3.817777633666992 -4.519077301025391 -4.960707664489746 -3.9635186195373535 -3.275989294052124 -4.150516986846924 -2.953925609588623 -3.8484253883361816 -1.7069920301437378 -3.4711289405822754 -3.634751796722412 -2.8351364135742188 -2.129908561706543 -2.905147075653076 -4.028806209564209 -3.963510513305664 -4.160106182098389 -3.26540470123291 -2.0780019760131836
eval_00682 25 -4.791959285736084 -4.829705238342285 -5.242708683013916 -5.5064873695373535 -5.366078853607178 -6.283674240112305 -5.357058048248291 -6.008604049682617 -5.160584926605225 -3.924093246459961 -5.047528266906738 -6.061958312988281 -5.105116367340088 -5.354681968688965 -5.361701011657715 -3.3051748275756836 -1.8665729761123657 -3.0893936157226562 -3.472391128540039 -3.873499870300293 -4.202425956726074 -2.4281821250915527 -2.780862808227539 -4.349737167358398 -1.4103983640670776 -4.2513861656188965 -2.2776098251342773 -3.449984073638916 -3.825728416442871 -4.432886123657227 -4.022039413452148
eval_00425 8 -4.119336128234863 -3.580409049987793 -3.6472008228302 -3.4571785926818848 -2.2935688495635986 -1.947577714920044 -5.287692070007324 -1.240180253982544 -4.859461784362793 -3.5809059143066406 -3.033296585083008 -4.631711959838867 -4.2314581871032715 -5.037694931030273 -4.396728515625 -4.321999549865723 -4.729484558105469 -6.108341217041016 -3.4441823959350586 -5.896145820617676 -2.8723597526550293 -4.934689521789551 -5.680238723754883 -3.361949920654297 -5.207729816436768 -4.583260536193848 -3.657057523727417 -4.054411888122559 -5.074532508850098 -5.298821449279785 -5.951706886291504
eval_00492 27 -5.552909851074219 -5.353657245635986 -5.6795759201049805 -3.816394329071045 -4.094768524169922 -4.2302165031433105 -5.523105621337891 -4.988738536834717 -4.458615303039551 -5.061740875244141 -4.5444207191467285 -6.481649398803711 -4.79363489151001 -5.788386821746826 -5.016491889953613 -4.716296195983887 -2.463006019592285 -4.124524116516113 -2.2450575828552246 -3.8379788398742676 -3.2365870475769043 -3.87576961517334 -3.2338976860046387 -3.0270533561706543 -4.028325080871582 -3.234267234802246 -1.0201479196548462 -4.101200580596924 -3.78341007232666 -4.412187099456787 -3.858701705932617
eval_00083 16 -5.055665016174316 -4.071537494659424 -4.560719013214111 -5.867428779602051 -5.538240432739258 -5.534356117248535 -5.805631637573242 -5.518729209899902 -5.979321002960205 -6.270371437072754 -6.482660293579102 -5.365462303161621 -6.09320068359375 -5.835784912109375 -5.806477069854736 -0.82098388671875 -4.754866600036621 -4.924444675445557 -4.916446685791016 -2.747194766998291 -3.358332872390747 -3.259377956390381 -3.2021572589874268 -5.237936019897461 -3.1303393840789795 -3.8023290634155273 -3.8456459045410156 -2.072742462158203 -3.4870495796203613 -3.8346776962280273 -4.0375494956970215
eval_00068 11 -4.394969463348389 -5.589810848236084 -3.6364493370056152 -4.473579406738281 -3.6101632118225098 -4.648743629455566 -5.665098190307617 -4.925485610961914 -3.3945775032043457 -4.529659271240234 -0.5758999586105347 -4.255205154418945 -2.867741107940674 -2.556023120880127 -2.779996395111084 -6.220409393310547 -6.432239532470703 -5.192129611968994 -3.652857780456543 -6.062966823577881 -4.83033561706543 -6.180755615234375 -5.356988906860352 -6.160857677459717 -5.985837459564209 -5.845798015594482 -5.022055625915527 -6.878730773925781 -5.401723384857178 -5.97040319442749 -4.926399230957031
eval_00471 17 -5.723999977111816 -6.399571418762207 -6.125921726226807 -5.682862758636475 -5.535976886749268 -7.107638359069824 -4.969573974609375 -7.379159927368164 -5.74350118637085 -5.15974760055542 -7.250140190124512 -8.639461517333984 -6.907201290130615 -7.414823532104492 -7.5949201583862305 -5.107288360595703 -0.12509340047836304 -5.679535388946533 -5.3469085693359375 -5.710484981536865 -5.573473930358887 -5.113795757293701 -6.083920478820801 -4.870744228363037 -4.43391752243042 -6.375614166259766 -3.8151137828826904 -5.990447521209717 -5.49734354019165 -6.665645122528076 -6.205754280090332
eval_00118 11 -3.6625194549560547 -6.4609198570251465 -2.905717134475708 -4.179342746734619 -5.5530595779418945 -4.719736099243164 -4.819182395935059 -5.490668296813965 -5.241306781768799 -3.7090415954589844 -0.3773661255836487 -5.073985576629639 -4.948686599731445 -2.5955584049224854 -3.7619123458862305 -6.208873748779297 -5.613257884979248 -5.76543664932251 -5.077241897583008 -6.946367263793945 -5.386729717254639 -4.939413070678711 -5.353323459625244 -6.623144149780273 -7.149865627288818 -6.026951789855957 -5.1360087394714355 -6.653571128845215 -6.869918346405029 -5.769535064697266 -5.882823944091797
eval_00533 31 -6.412599563598633 -6.2543864250183105 -4.921184539794922 -6.474275588989258 -6.000029563903809 -7.49660587310791 -8.679914474487305 -6.979469299316406 -7.051119804382324 -6.653782367706299 -6.523860454559326 -6.969249725341797 -5.5348381996154785 -6.206704616546631 -6.207744121551514 -6.799787521362305 -4.853797912597656 -4.592384338378906 -7.085267066955566 -6.518537521362305 -5.228541374206543 -3.139752149581909 -6.2166242599487305 -6.673515319824219 -5.740952491760254 -7.1878862380981445 -6.8238525390625 -5.895432472229004 -4.308150291442871 -5.69655179977417 -0.1357772797346115
eval_00509 1 -0.2062527984380722 -2.879600763320923 -4.540379047393799 -6.452429294586182 -6.2142863273620605 -5.787980079650879 -4.5697150230407715 -6.247434616088867 -4.409339427947998 -4.516170978546143 -5.014909267425537 -5.735920429229736 -4.685852527618408 -4.047867298126221 -5.0747785568237305 -5.884476184844971 -6.273354530334473 -5.479992866516113 -6.823545932769775 -6.1808061599731445 -5.5150957107543945 -6.36455774307251 -6.878579616546631 -7.036505222320557 -6.582555770874023 -6.671475887298584 -5.46635103225708 -6.901660442352295 -6.9092559814453125 -5.570329189300537 -6.044930458068848
eval_00296 23 -5.379483222961426 -5.442261219024658 -4.99937105178833 -4.877114295959473 -5.22918701171875 -5.18088960647583 -4.815332412719727 -4.733548164367676 -4.793447494506836 -4.976037502288818 -5.224400043487549 -4.785393714904785 -5.592151165008545 -4.948488712310791 -5.570656776428223 -1.9226405620574951 -3.280693292617798 -3.9417691230773926 -3.9255447387695312 -3.625493288040161 -3.5498485565185547 -3.352875232696533 -1.3792428970336914 -4.767350196838379 -3.106736183166504 -3.855553150177002 -3.5873680114746094 -2.4703261852264404 -2.4556729793548584 -3.1237807273864746 -3.740241765975952
eval_00024 7 -4.970242977142334 -4.846048831939697 -4.986907005310059 -3.7345571517944336 -5.325682163238525 -3.845029592514038 -0.29516077041625977 -4.053197383880615 -4.316267490386963 -5.325446605682373 -6.1232991218566895 -3.2171757221221924 -5.800374984741211 -5.327215671539307 -4.6297407150268555 -5.474715232849121 -4.885685443878174 -5.109691143035889 -5.740942478179932 -5.12531042098999 -5.559276580810547 -4.977166652679443 -6.890234470367432 -4.432140827178955 -4.626410961151123 -5.721510410308838 -4.802098751068115 -5.10030460357666 -6.220522403717041 -5.253133296966553 -5.757101058959961
eval_00001 14 -3.7727484703063965 -5.022457599639893 -4.604140281677246 -5.395033359527588 -4.6308441162109375 -3.9826014041900635 -3.6370677947998047 -3.5943477153778076 -1.8486433029174805 -5.558032035827637 -2.7443931102752686 -5.155458450317383 -3.591261148452759 -1.2062253952026367 -2.1803362369537354 -5.347836017608643 -5.596664905548096 -4.161898612976074 -3.214378595352173 -4.336113929748535 -4.648989677429199 -5.435741901397705 -5.3360795974731445 -5.017739295959473 -3.6651954650878906 -4.698583602905273 -5.017533302307129 -6.626637935638428 -5.271919250488281 -3.5584774017333984 -3.751556873321533
eval_00206 6 -3.7588775157928467 -5.056891918182373 -5.222081661224365 -4.338201522827148 -3.651172161102295 -0.5048750042915344 -5.96975564956665 -3.7534515857696533 -4.241389274597168 -4.232976913452148 -2.264711380004883 -5.2799787521362305 -3.0285637378692627 -3.0597481727600098 -3.345510482788086 -7.053030490875244 -8.584696769714355 -7.558163642883301 -5.709081649780273 -7.666468620300293 -5.470562934875488 -6.6022443771362305 -6.963310718536377 -5.234654426574707 -7.047316074371338 -6.047593593597412 -5.900847434997559 -8.706331253051758 -6.735511779785156 -6.310086250305176 -6.425816059112549
eval_00705 2 -2.50909686088562 -0.29637035727500916 -4.6119608879089355 -5.382840156555176 -5.225301742553711 -5.186191558837891 -4.961219310760498 -4.852967262268066 -4.361390113830566 -4.453385353088379 -6.114428520202637 -4.499524116516113 -4.0445475578308105 -4.297764778137207 -5.32069206237793 -5.696744918823242 -6.06998348236084 -4.574697017669678 -6.450047016143799 -5.331885814666748 -5.895140647888184 -4.915417671203613 -6.978370666503906 -6.057892799377441 -5.293447017669678 -6.924516677856445 -5.1484551429748535 -5.897903919219971 -6.251284599304199 -5.39052152633667 -5.447109699249268
eval_00380 8 -4.8369832038879395 -4.339658737182617 -3.423351287841797 -4.343846797943115 -4.294797897338867 -3.869957685470581 -5.263219356536865 -0.4595549404621124 -3.874351739883423 -4.113003253936768 -3.8023364543914795 -3.5309598445892334 -5.176393985748291 -4.355702877044678 -3.2846333980560303 -5.374058246612549 -5.680922508239746 -5.5788702964782715 -3.853667974472046 -5.218875408172607 -4.794621467590332 -4.701364994049072 -6.074729919433594 -3.765016794204712 -5.680330276489258 -4.8511505126953125 -5.28909969329834 -4.747413158416748 -5.789798736572266 -5.393949508666992 -5.5935163497924805
eval_00332 2 -3.1362228393554688 -0.14998891949653625 -4.815731048583984 -6.250041961669922 -5.880094051361084 -6.759586811065674 -4.809079647064209 -5.755988121032715 -4.746880531311035 -5.278587818145752 -6.934563159942627 -5.097705841064453 -6.65810489654541 -4.429135322570801 -4.514487266540527 -5.503092288970947 -6.881523132324219 -5.828300952911377 -7.851563930511475 -5.764618873596191 -6.546483993530273 -6.627485275268555 -8.098896980285645 -7.887279987335205 -5.879530429840088 -8.483720779418945 -5.673786163330078 -7.286346912384033 -6.877937316894531 -6.939177513122559 -6.584972858428955
eval_00415 13 -3.8571743965148926 -2.9349050521850586 -3.395416259765625 -3.2989020347595215 -3.302910327911377 -2.9515442848205566 -4.940005302429199 -3.778021812438965 -4.200451850891113 -3.9084200859069824 -3.733382225036621 -3.374340534210205 -0.6433950662612915 -4.967055797576904 -4.753124713897705 -5.248403072357178 -6.189859867095947 -5.068110942840576 -5.5876851081848145 -4.553825378417969 -5.8234992027282715 -4.934726238250732 -5.4440999031066895 -4.428638935089111 -6.047212600708008 -4.876776695251465 -5.5307393074035645 -4.962100028991699 -5.299995422363281 -5.118171691894531 -4.152618885040283
eval_00167 19 -5.418157577514648 -5.457111358642578 -5.161754608154297 -5.812527656555176 -4.6666107177734375 -4.111810207366943 -4.506199836730957 -3.4024252891540527 -3.9513890743255615 -5.2209625244140625 -4.678930282592773 -5.526020050048828 -4.313018321990967 -4.205716133117676 -4.153674125671387 -3.5515408515930176 -4.290982246398926 -3.9566338062286377 -1.6532442569732666 -3.380143165588379 -2.618701457977295 -4.876675605773926 -3.4374656677246094 -4.568094253540039 -2.9854538440704346 -2.9420440196990967 -5.220491886138916 -3.1204564571380615 -2.9701855182647705 -2.7748873233795166 -1.8703343868255615
eval_00584 19 -5.144911289215088 -5.690768241882324 -4.793879508972168 -4.043323516845703 -4.01259708404541 -3.0518202781677246 -3.6660704612731934 -4.297261714935303 -4.044368267059326 -4.782751083374023 -3.4296960830688477 -6.100346565246582 -4.002236366271973 -3.4022374153137207 -3.4101154804229736 -4.348665237426758 -3.880711793899536 -4.725645542144775 -1.1319317817687988 -3.4837234020233154 -3.4586198329925537 -4.645674705505371 -3.2599456310272217 -3.383638381958008 -2.7590765953063965 -3.307126045227051 -4.262248992919922 -4.821244239807129 -3.577138900756836 -4.0210771560668945 -3.2606587409973145
eval_00567 11 -3.0467677116394043 -5.063449382781982 -2.1221885681152344 -2.7968459129333496 -2.5366153717041016 -5.118631362915039 -4.184373378753662 -3.953645706176758 -3.1861820220947266 -3.9481868743896484 -0.9731999635696411 -4.732057571411133 -4.043000221252441 -2.981609344482422 -2.809262752532959 -4.650302886962891 -4.976352691650391 -5.965158462524414 -5.489325523376465 -6.546181678771973 -5.902590751647949 -5.258995056152344 -5.491827487945557 -6.63159704208374 -6.3009843826293945 -6.7081685066223145 -4.096853256225586 -6.53476619720459 -4.931401252746582 -5.953346252441406 -6.771709442138672
eval_00042 22 -5.129139423370361 -4.423453330993652 -5.091372489929199 -4.716634273529053 -5.520559787750244 -6.079738140106201 -4.2442474365234375 -4.717233657836914 -5.634437561035156 -3.8961939811706543 -5.622267723083496 -4.249619960784912 -6.459142208099365 -5.660403251647949 -5.358240127563477 -4.31641960144043 -2.6153464317321777 -4.481682777404785 -5.4539594650268555 -5.2660064697265625 -3.783419609069824 -0.9993306398391724 -4.043947696685791 -2.171947479248047 -4.066363334655762 -4.731451511383057 -2.1897549629211426 -2.538527011871338 -4.518585205078125 -4.658187389373779 -3.962921619415283
eval_00580 3 -4.166663646697998 -3.761866569519043 -0.7240013480186462 -2.2662746906280518 -2.354858875274658 -4.707889080047607 -4.968564987182617 -4.142800331115723 -4.018523216247559 -4.386511325836182 -3.6216416358947754 -2.879059076309204 -4.179818153381348 -4.345839023590088 -3.3812661170959473 -4.506122589111328 -4.700775146484375 -5.249014377593994 -5.977203845977783 -5.554059028625488 -5.870872974395752 -4.966574192047119 -5.506375789642334 -6.521203517913818 -5.895272254943848 -6.90757417678833 -5.252793788909912 -6.078695774078369 -5.672886848449707 -6.3487548828125 -4.991153717041016
eval_00105 16 -5.83413553237915 -4.5425262451171875 -4.667102336883545 -6.912044048309326 -4.8542160987854 -5.172255516052246 -7.390813827514648 -5.143832206726074 -6.400683403015137 -6.06970739364624 -6.677352428436279 -5.075360298156738 -4.852531909942627 -5.920543193817139 -5.487422943115234 -0.20441077649593353 -5.987482070922852 -5.974511623382568 -6.729154586791992 -4.160785675048828 -5.42703104019165 -5.292863368988037 -4.692851543426514 -5.872663497924805 -3.9622981548309326 -5.272716999053955 -6.070076942443848 -3.889357328414917 -4.581177234649658 -5.7675862312316895 -4.4791717529296875
eval_00532 28 -4.806013584136963 -4.655339241027832 -4.550923824310303 -4.187401294708252 -5.05707311630249 -4.675615310668945 -3.6290297508239746 -3.7671847343444824 -5.430332660675049 -3.852522373199463 -5.510159969329834 -2.9709348678588867 -6.178369998931885 -4.535938262939453 -4.684896469116211 -3.2432079315185547 -3.481517791748047 -4.334385871887207 -4.649607181549072 -4.221401214599609 -3.5229945182800293 -2.992300033569336 -3.3479666709899902 -4.213986396789551 -4.5356597900390625 -3.5443477630615234 -3.3294029235839844 -0.8524404764175415 -4.0159406661987305 -4.359981060028076 -3.9679603576660156
eval_00689 7 -5.904242992401123 -5.717097282409668 -6.274503231048584 -5.427337646484375 -5.653451919555664 -4.391505241394043 -0.13379082083702087 -4.817037582397461 -5.474059581756592 -6.278034210205078 -6.59330940246582 -3.834933042526245 -7.61201286315918 -4.629748344421387 -5.516820907592773 -7.009333610534668 -6.247799873352051 -5.518293857574463 -6.046677589416504 -7.020754337310791 -5.867025375366211 -5.992449760437012 -7.494521617889404 -4.827380657196045 -4.556703567504883 -5.844789028167725 -6.206920623779297 -5.947881698608398 -7.430202484130859 -6.147896766662598 -7.026904582977295
eval_00699 6 -5.242681503295898 -5.353024482727051 -5.689366340637207 -3.4958627223968506 -4.582184791564941 -0.3379628658294678 -5.429129600524902 -5.181988716125488 -5.496066093444824 -5.1074934005737305 -3.0667381286621094 -4.619417190551758 -3.1250150203704834 -4.327362060546875 -3.7723472118377686 -6.949867248535156 -6.729891777038574 -6.249358177185059 -4.480721473693848 -6.492338180541992 -5.438881874084473 -5.943711280822754 -5.466886520385742 -3.9627249240875244 -5.697050094604492 -4.8020524978637695 -5.833849906921387 -7.050283432006836 -6.051502227783203 -5.585261344909668 -4.893099784851074
eval_00386 16 -5.222860336303711 -5.184464454650879 -5.198517799377441 -5.383371353149414 -4.671684265136719 -5.590238571166992 -5.122209548950195 -5.259029388427734 -5.806458473205566 -4.271392822265625 -5.516092300415039 -4.616789817810059 -4.8682122230529785 -5.414157867431641 -5.583019256591797 -0.94801926612854 -3.43774151802063 -3.6608636379241943 -4.441901206970215 -3.955265998840332 -3.751772165298462 -3.009571075439453 -2.9188811779022217 -4.228750228881836 -2.2861175537109375 -4.021603584289551 -3.5587594509124756 -2.80146861076355 -3.2943530082702637 -3.7267391681671143 -3.89823055267334
eval_00595 1 -0.17079143226146698 -3.5972578525543213 -4.621835231781006 -5.588491916656494 -6.535431861877441 -5.17180871963501 -4.9927239418029785 -5.844158172607422 -4.305511951446533 -4.4728617668151855 -4.564883232116699 -5.867011547088623 -4.833596229553223 -4.016500473022461 -5.664081573486328 -7.181852340698242 -5.709779262542725 -6.092986106872559 -7.076807022094727 -7.366873741149902 -5.5462141036987305 -5.676968097686768 -6.808175563812256 -6.178863048553467 -6.008267402648926 -6.089684009552002 -6.084936141967773 -7.300258636474609 -8.72352123260498 -5.645037651062012 -6.245437145233154
eval_00326 1 -0.5193554162979126 -3.6534690856933594 -4.935263633728027 -5.646295070648193 -5.309418201446533 -4.0916218757629395 -4.854096412658691 -3.91532039642334 -3.581653118133545 -4.095458030700684 -4.377503871917725 -5.6224141120910645 -2.4241504669189453 -2.836698532104492 -4.220765113830566 -5.034911155700684 -6.371234893798828 -5.7741618156433105 -5.7954182624816895 -4.824855804443359 -5.507645130157471 -5.465640544891357 -5.4243669509887695 -5.084792137145996 -4.756051063537598 -5.251245975494385 -5.6175079345703125 -5.859572410583496 -5.535421371459961 -4.079410076141357 -4.26061487197876
eval_00412 1 -0.21459423005580902 -2.9328479766845703 -4.409550189971924 -5.983424663543701 -5.898367404937744 -5.4744110107421875 -4.060131549835205 -5.475779056549072 -4.5232415199279785 -4.466004848480225 -4.92935037612915 -5.589533805847168 -4.689382076263428 -4.267751216888428 -5.545605182647705 -6.536072254180908 -5.608089923858643 -5.40960693359375 -7.251275062561035 -6.926779270172119 -5.6237053871154785 -5.652974605560303 -6.9969563484191895 -6.426141262054443 -6.098941326141357 -6.748385906219482 -5.586484432220459 -6.705082893371582 -7.437182903289795 -5.5698041915893555 -5.920018672943115
eval_00521 5 -4.394576549530029 -4.452643394470215 -3.8757691383361816 -4.299858570098877 -0.2384362518787384 -5.985777854919434 -4.054125785827637 -4.768537998199463 -3.834968328475952 -3.7666101455688477 -5.577358722686768 -5.074232578277588 -4.73292350769043 -5.330189228057861 -5.372547149658203 -4.396341323852539 -4.991673946380615 -7.211602687835693 -7.163327217102051 -6.3240132331848145 -7.434475421905518 -5.090804100036621 -5.36076545715332 -5.31829309463501 -6.428178787231445 -6.9664835929870605 -7.049336910247803 -5.02970027923584 -6.261356830596924 -8.040520668029785 -6.5266194343566895
eval_00031 4 -4.255161285400391 -5.345523834228516 -4.37501335144043 -0.2818322777748108 -3.2385811805725098 -3.8005340099334717 -5.261129379272461 -5.782350540161133 -5.992623329162598 -3.6795244216918945 -3.7016515731811523 -4.464443206787109 -3.763075113296509 -4.047257900238037 -5.038508415222168 -7.151559352874756 -6.708271026611328 -7.384267807006836 -5.432553768157959 -6.2715983390808105 -7.645888805389404 -7.148067951202393 -5.181557655334473 -5.6478352546691895 -7.271084308624268 -5.430414199829102 -5.082777976989746 -6.703420162200928 -7.402061939239502 -8.078653335571289 -7.851344108581543
eval_00233 21 -4.084444046020508 -4.068594455718994 -5.3505096435546875 -5.625774383544922 -4.8650407791137695 -4.414953231811523 -5.809403419494629 -5.184389114379883 -4.903741836547852 -4.848302364349365 -4.638710021972656 -6.387086868286133 -5.056678771972656 -5.716331481933594 -5.476631164550781 -5.469132423400879 -1.9004443883895874 -4.27103853225708 -3.622420310974121 -4.998401165008545 -1.216328740119934 -2.746163845062256 -3.849874973297119 -2.395798683166504 -3.8239192962646484 -3.3654394149780273 -2.5349278450012207 -3.7835850715637207 -4.8357319831848145 -4.683594226837158 -3.2379302978515625
eval_00585 8 -4.871939659118652 -4.381343841552734 -3.4013216495513916 -4.31143856048584 -4.278815269470215 -3.9316327571868896 -5.323032379150391 -0.44982558488845825 -3.8663642406463623 -4.085803508758545 -3.805645704269409 -3.696707248687744 -5.339942932128906 -4.38972806930542 -3.3358004093170166 -5.350200653076172 -5.664283275604248 -5.572526454925537 -3.826178550720215 -5.113025665283203 -4.753357410430908 -4.677967548370361 -6.072782516479492 -3.7891292572021484 -5.723598003387451 -4.7730393409729 -5.273634433746338 -4.7368011474609375 -5.679349899291992 -5.4239373207092285 -5.709336280822754
eval_00151 2 -3.6753337383270264 -0.860797107219696 -4.965630054473877 -6.343231201171875 -5.298399925231934 -3.5162627696990967 -4.989391803741455 -3.9800002574920654 -3.783608913421631 -6.120987892150879 -6.1381940841674805 -3.9977598190307617 -2.5099666118621826 -2.782038450241089 -3.451972484588623 -4.063873767852783 -7.084447383880615 -3.6801817417144775 -5.174269199371338 -3.0557498931884766 -4.7404465675354 -6.187465190887451 -6.305798053741455 -5.944991588592529 -3.482884168624878 -5.6918206214904785 -6.034995079040527 -6.172581672668457 -4.214653968811035 -3.449337959289551 -2.714446544647217
eval_00311 6 -3.022977828979492 -3.333115577697754 -4.7953267097473145 -5.207730293273926 -3.313608169555664 -1.4597901105880737 -4.373738765716553 -3.073910713195801 -2.121640205383301 -3.030045509338379 -2.767693042755127 -4.10283899307251 -2.138685703277588 -3.018026828765869 -3.790365219116211 -6.627832412719727 -6.304358959197998 -6.003702640533447 -4.503607273101807 -5.698943614959717 -5.441217422485352 -5.184869766235352 -5.727663993835449 -3.80869722366333 -5.239676475524902 -2.983776569366455 -5.9329352378845215 -5.742156028747559 -5.611098289489746 -5.016815662384033 -4.587329864501953
eval_00728 12 -6.826486587524414 -5.48631477355957 -5.579306602478027 -5.014743328094482 -7.057397365570068 -5.7429633140563965 -3.772657632827759 -5.534803867340088 -7.386183261871338 -5.672708988189697 -5.928582668304443 -0.09643728286027908 -6.090105056762695 -4.665012836456299 -4.445554733276367 -6.401893615722656 -8.715288162231445 -6.529416561126709 -7.248986721038818 -6.931690692901611 -7.441824913024902 -7.277563571929932 -6.548320770263672 -6.826711654663086 -8.637521743774414 -6.725801944732666 -7.693697452545166 -5.843111991882324 -7.629449844360352 -7.245905876159668 -7.69189977645874
eval_00571 23 -5.61753511428833 -7.363890171051025 -5.350069999694824 -4.6035003662109375 -4.856928825378418 -4.128127098083496 -4.726820945739746 -5.210011005401611 -4.456424236297607 -5.736375331878662 -4.167031288146973 -4.879432201385498 -4.309244155883789 -4.5756449699401855 -3.7575345039367676 -3.0215253829956055 -4.214735507965088 -4.877930641174316 -2.933602809906006 -3.2006497383117676 -3.0822744369506836 -5.075220584869385 -1.1640154123306274 -4.860383987426758 -3.24307918548584 -2.9174509048461914 -4.732902526855469 -4.299947738647461 -3.2814741134643555 -2.696237087249756 -2.3016343116760254
eval_00474 17 -6.4010186195373535 -7.808200359344482 -6.979958534240723 -5.158769607543945 -6.622862339019775 -8.663727760314941 -4.817991256713867 -8.659533500671387 -6.19478702545166 -5.7903289794921875 -7.961406230926514 -8.624159812927246 -8.529241561889648 -7.433885097503662 -8.446572303771973 -5.245060443878174 -0.13993233442306519 -6.148519992828369 -5.712230682373047 -6.12782621383667 -4.615767955780029 -4.631170749664307 -5.235119819641113 -4.586019039154053 -4.199259281158447 -6.347654819488525 -3.778082847595215 -5.566023826599121 -5.173612117767334 -5.042813777923584 -6.305220127105713
eval_00289 21 -6.355215549468994 -7.068368911743164 -7.2528204917907715 -6.6379265785217285 -6.393229961395264 -3.0672202110290527 -5.779140472412109 -5.139843940734863 -6.512522220611572 -5.883139133453369 -5.238853931427002 -6.765204906463623 -6.281636714935303 -4.473104000091553 -5.169519901275635 -4.025003433227539 -4.746771335601807 -5.5097126960754395 -3.796597480773926 -5.142583847045898 -0.7653653025627136 -5.3570685386657715 -3.0738420486450195 -3.642160415649414 -2.3316402435302734 -3.037391424179077 -4.818453311920166 -4.213683605194092 -3.5238864421844482 -3.2118747234344482 -2.6651415824890137
eval_00387 1 -0.23241688311100006 -3.2453458309173584 -4.757662773132324 -5.5468268394470215 -5.569094657897949 -5.1649627685546875 -4.263754367828369 -5.835287094116211 -3.9983913898468018 -3.967655897140503 -5.090157985687256 -5.281601905822754 -3.955667018890381 -4.255009651184082 -5.582524299621582 -6.429531574249268 -5.540273666381836 -5.9183502197265625 -6.975129127502441 -6.484317302703857 -5.564075946807861 -5.239896297454834 -6.506818771362305 -5.355231285095215 -6.4146575927734375 -6.2677202224731445 -5.305027484893799 -6.776129722595215 -7.614717483520508 -5.494558334350586 -5.645255088806152
eval_00594 24 -7.001138687133789 -7.63085412979126 -7.729700565338135 -5.930958271026611 -6.142301559448242 -4.870717525482178 -4.74885368347168 -5.1420488357543945 -6.6186676025390625 -5.7258195877075195 -7.432610511779785 -6.989312648773193 -8.205103874206543 -7.287294864654541 -7.794118881225586 -6.527987957000732 -4.824034214019775 -8.542596817016602 -7.344801425933838 -8.503046989440918 -4.7553582191467285 -4.138784885406494 -6.198408603668213 -0.10001320391893387 -5.423915863037109 -5.669745922088623 -6.59841251373291 -4.89383602142334 -6.695158004760742 -6.429052352905273 -6.122063159942627
eval_00644 18 -6.496448993682861 -4.593629837036133 -5.481980323791504 -7.121826171875 -6.269486427307129 -6.891762733459473 -6.283409118652344 -6.268914222717285 -6.210165977478027 -5.715888500213623 -6.317996025085449 -4.9705491065979 -5.184525012969971 -6.221709728240967 -6.083230495452881 -6.162937641143799 -5.21449613571167 -0.22641871869564056 -4.631767749786377 -4.355391979217529 -5.143796920776367 -4.79167366027832 -6.4981794357299805 -6.331897735595703 -4.260107040405273 -6.0954132080078125 -4.7832770347595215 -4.191166400909424 -4.215286731719971 -4.313408851623535 -3.222039222717285
eval_00255 29 -7.389129638671875 -5.935100555419922 -5.119077205657959 -4.490812301635742 -5.247119903564453 -6.600531578063965 -6.931223392486572 -6.035455226898193 -7.449667453765869 -5.95586633682251 -6.584522247314453 -5.572210311889648 -6.195967674255371 -6.957922458648682 -5.685257434844971 -4.744572639465332 -5.058157920837402 -4.598278045654297 -4.897749900817871 -4.253502368927002 -4.423187732696533 -5.881523609161377 -4.281309604644775 -5.203230857849121 -5.972012996673584 -5.483279228210449 -5.728117942810059 -4.175389766693115 -0.19111187756061554 -4.351123809814453 -4.641842365264893
eval_00016 24 -5.295820713043213 -5.794430732727051 -5.106134414672852 -4.733903884887695 -4.937458038330078 -5.055266380310059 -5.300300598144531 -4.277927875518799 -5.8687334060668945 -4.738340854644775 -6.183502674102783 -5.487310886383057 -5.733067989349365 -5.948604106903076 -5.83168363571167 -2.3424363136291504 -2.538137435913086 -4.297351837158203 -3.8819901943206787 -4.286609649658203 -2.3783657550811768 -2.393610715866089 -3.388474225997925 -1.6120266914367676 -3.021615743637085 -3.2289986610412598 -4.000332832336426 -3.6872200965881348 -2.388326406478882 -3.219667434692383 -4.2418532371521
eval_00126 25 -5.753840446472168 -5.725319862365723 -6.828142166137695 -6.754180908203125 -6.056844711303711 -4.509372234344482 -5.421675682067871 -5.334632396697998 -5.952332496643066 -6.415979385375977 -6.634543418884277 -7.60634708404541 -7.013875484466553 -6.138938903808594 -6.440234661102295 -4.7802414894104 -4.417464256286621 -4.651159763336182 -5.253392219543457 -5.246274471282959 -3.8775501251220703 -3.468639850616455 -5.243114948272705 -3.329319953918457 -0.267612487077713 -4.635499000549316 -4.373484134674072 -4.8538970947265625 -4.802305698394775 -4.194514274597168 -5.1221795082092285
eval_00048 22 -5.573521137237549 -6.303998947143555 -5.865845680236816 -7.313641548156738 -6.253692150115967 -5.994687080383301 -7.061637878417969 -5.5130767822265625 -6.0908284187316895 -5.052619457244873 -5.651637077331543 -6.162869453430176 -6.079875469207764 -6.350021839141846 -7.457242488861084 -5.243996620178223 -5.044151782989502 -4.0600056648254395 -6.41723108291626 -6.483083724975586 -4.253325462341309 -0.28946202993392944 -4.496434688568115 -3.41648006439209 -4.509241580963135 -5.311302661895752 -6.257513999938965 -3.1479246616363525 -4.777571201324463 -4.150407791137695 -3.2516696453094482
eval_00464 12 -4.7862548828125 -4.176596641540527 -4.9698486328125 -3.8655877113342285 -5.632216453552246 -5.632430076599121 -4.126363754272461 -4.932350158691406 -5.713143825531006 -4.257114887237549 -4.967434406280518 -0.18755200505256653 -4.0316162109375 -4.344063758850098 -4.984416961669922 -6.026060581207275 -8.06505012512207 -7.077418804168701 -7.720273017883301 -6.4896464347839355 -6.769728660583496 -6.232750415802002 -6.1153564453125 -5.277381420135498 -8.213214874267578 -5.783973693847656 -6.0507493019104 -5.689865589141846 -8.091680526733398 -6.698182582855225 -8.02100658416748
eval_00023 23 -5.147823333740234 -6.531242847442627 -4.908147811889648 -4.657536506652832 -4.657254219055176 -4.9464335441589355 -4.28501558303833 -4.521836757659912 -4.7972211837768555 -5.353026390075684 -4.652176856994629 -3.988893508911133 -5.094582557678223 -4.33848762512207 -4.591738700866699 -3.200927734375 -2.985361099243164 -3.339095115661621 -3.2859065532684326 -3.462550163269043 -2.672635555267334 -3.1009364128112793 -1.7620269060134888 -3.912395477294922 -2.8320741653442383 -3.176499366760254 -3.919679641723633 -3.027015209197998 -3.115168571472168 -2.7381339073181152 -2.4649438858032227
eval_00022 2 -4.039833068847656 -0.06645283848047256 -5.568060398101807 -7.253608226776123 -6.90457820892334 -7.148745536804199 -5.567318439483643 -6.833835124969482 -5.99971866607666 -6.195741176605225 -8.01292610168457 -5.7330427169799805 -7.095170974731445 -5.520351886749268 -5.41443395614624 -6.244268417358398 -7.221284866333008 -5.667454242706299 -8.51348876953125 -6.369338035583496 -6.899889945983887 -7.820433616638184 -9.103793144226074 -8.94141674041748 -6.113633155822754 -9.534662246704102 -5.570772647857666 -8.030933380126953 -7.445105075836182 -7.3708086013793945 -7.152045249938965
eval_00018 8 -5.3298821449279785 -4.122165203094482 -4.766908168792725 -3.939122200012207 -3.045900821685791 -3.4421777725219727 -5.68501615524292 -0.8580347299575806 -3.3872790336608887 -3.7153854370117188 -4.450949668884277 -3.4561691284179688 -3.611128807067871 -4.899082660675049 -5.278365612030029 -4.828786849975586 -5.031830310821533 -5.098537445068359 -3.81742000579834 -5.413422107696533 -3.5890159606933594 -2.884462833404541 -5.642279624938965 -2.364062786102295 -5.290209770202637 -4.353703498840332 -4.308074474334717 -4.286025524139404 -5.229419708251953 -4.308925151824951 -4.509016990661621
eval_00123 17 -5.105120658874512 -4.908710956573486 -5.7677226066589355 -5.2737603187561035 -5.762931823730469 -7.90577507019043 -6.701567649841309 -7.51304292678833 -6.167012691497803 -4.541828632354736 -6.310539245605469 -8.058967590332031 -6.424903392791748 -7.654251575469971 -6.952282905578613 -5.328294277191162 -0.23387007415294647 -4.444469451904297 -5.7601542472839355 -5.773833274841309 -5.359377384185791 -5.163137435913086 -6.133520603179932 -5.702868938446045 -3.8548946380615234 -6.883996486663818 -2.5900609493255615 -4.922685146331787 -4.532184600830078 -6.320382118225098 -4.856592178344727
eval_00537 24 -4.730339050292969 -5.165656089782715 -4.251054286956787 -3.146930456161499 -4.4106645584106445 -4.126980781555176 -4.973020553588867 -3.773916006088257 -4.6763434410095215 -4.0326128005981445 -5.770642280578613 -5.060029983520508 -4.064623832702637 -6.361146926879883 -5.752434730529785 -5.072680473327637 -2.0271196365356445 -6.190018653869629 -5.933616638183594 -6.0481109619140625 -4.8971147537231445 -2.4747893810272217 -4.929356575012207 -0.7114441394805908 -3.854621648788452 -4.41038703918457 -4.277929306030273 -5.226924896240234 -4.160638809204102 -5.733768463134766 -5.252615928649902
eval_00337 7 -5.849069595336914 -5.722835063934326 -6.124343395233154 -5.707330226898193 -5.979121685028076 -6.131119251251221 -0.056465256959199905 -5.91357421875 -6.400007724761963 -5.749063491821289 -7.91591739654541 -4.737998962402344 -8.157674789428711 -5.5117926597595215 -6.2831339836120605 -7.10706901550293 -6.317015647888184 -6.90669584274292 -7.309432506561279 -8.077549934387207 -7.092587471008301 -7.481091499328613 -8.37649917602539 -5.961056232452393 -5.815008640289307 -7.13943338394165 -7.0367536544799805 -6.626765727996826 -8.193678855895996 -7.567791938781738 -9.335650444030762
eval_00652 20 -6.700140476226807 -4.402814865112305 -6.5140252113342285 -7.28499698638916 -6.281452655792236 -7.732319355010986 -6.570983409881592 -7.8422040939331055 -5.181149482727051 -7.418788433074951 -7.548236846923828 -5.674098014831543 -5.688623905181885 -7.703283309936523 -6.570152282714844 -3.4227051734924316 -4.5866594314575195 -3.738828182220459 -5.155176639556885 -0.2683086395263672 -5.247171878814697 -5.938321590423584 -3.9279372692108154 -5.636112213134766 -5.277914524078369 -4.446995735168457 -3.6584811210632324 -4.225335121154785 -4.790374279022217 -4.40218448638916 -3.9694433212280273
eval_00676 9 -5.007115364074707 -5.17432975769043 -6.739856719970703 -7.964813709259033 -5.901361465454102 -5.692365646362305 -4.058051586151123 -6.025373458862305 -0.09630206972360611 -7.708547115325928 -6.459009170532227 -7.1817827224731445 -5.553630828857422 -5.958722114562988 -5.844695568084717 -6.435047626495361 -6.491354942321777 -5.869441509246826 -5.872973442077637 -4.898308753967285 -6.818607807159424 -6.456830024719238 -7.777270793914795 -5.78380012512207 -5.484315872192383 -6.678957939147949 -5.561060905456543 -7.718240737915039 -8.890527725219727 -5.352833271026611 -5.79347038269043
eval_00290 13 -3.4235403537750244 -4.264698505401611 -4.3333821296691895 -4.365870952606201 -4.628421306610107 -3.9458651542663574 -5.0398478507995605 -5.5068583488464355 -3.7978358268737793 -5.308928966522217 -4.754344940185547 -3.113955020904541 -0.3241818845272064 -4.873553276062012 -5.327113151550293 -5.1866230964660645 -6.249356269836426 -6.01649284362793 -6.077614784240723 -4.154353618621826 -6.821702480316162 -5.633308410644531 -5.1546101570129395 -5.80169677734375 -6.455016136169434 -5.506885051727295 -6.207453727722168 -5.960907459259033 -6.91996431350708 -5.349315643310547 -4.235057830810547
eval_00395 15 -3.4592666625976562 -3.0353827476501465 -3.116499900817871 -4.6573405265808105 -4.871749401092529 -5.017245292663574 -2.409294605255127 -3.9174656867980957 -2.6079177856445312 -5.048513412475586 -4.508925437927246 -3.988748550415039 -5.334170341491699 -3.027501106262207 -0.6758385896682739 -4.84569787979126 -5.269326686859131 -5.732744216918945 -5.5479536056518555 -4.75068998336792 -6.018181324005127 -5.829075336456299 -5.823240280151367 -5.626335144042969 -5.0218377113342285 -6.178154945373535 -4.7150959968566895 -6.770906448364258 -5.745933532714844 -5.3960771560668945 -5.578313827514648
eval_00098 3 -3.6851186752319336 -3.698596477508545 -0.6201480627059937 -3.373993396759033 -2.534050941467285 -5.956152439117432 -4.242798805236816 -4.402165412902832 -3.5785140991210938 -5.12031888961792 -3.0759716033935547 -4.0648088455200195 -4.65073823928833 -3.1162052154541016 -2.440105438232422 -5.115524768829346 -6.708154201507568 -5.796990871429443 -5.72415018081665 -6.107063293457031 -6.895190238952637 -6.409801006317139 -6.3668413162231445 -7.43815803527832 -6.261950492858887 -7.695661544799805 -5.7984700202941895 -6.642182350158691 -6.916384220123291 -7.5499420166015625 -6.067089557647705
eval_00661 25 -6.269784450531006 -5.725391387939453 -6.887207984924316 -5.894899368286133 -5.831918716430664 -5.7098846435546875 -4.9148736000061035 -5.199864864349365 -6.532224655151367 -5.536261081695557 -6.3562822341918945 -6.711014747619629 -7.082511901855469 -5.168008804321289 -5.915994644165039 -4.874523162841797 -3.9747962951660156 -5.152196884155273 -5.379702568054199 -6.3995361328125 -3.9962620735168457 -3.4308128356933594 -5.948190689086914 -3.3909101486206055 -0.2414608746767044 -6.633715629577637 -3.768251419067383 -5.56342077255249 -4.889656066894531 -5.247786998748779 -6.044715881347656
eval_00271 17 -4.48018741607666 -3.949260950088501 -4.256369113922119 -4.980696678161621 -5.259719371795654 -6.005970001220703 -4.44993782043457 -5.591508388519287 -4.604319095611572 -4.686926364898682 -6.361416339874268 -7.308332443237305 -6.214733600616455 -6.92093563079834 -6.483427047729492 -4.365426063537598 -0.5913601517677307 -3.4291915893554688 -3.978642463684082 -3.7287890911102295 -4.2656331062316895 -4.3243489265441895 -5.247572898864746 -4.605077743530273 -3.694528579711914 -4.782655715942383 -2.022212028503418 -3.3308939933776855 -4.998169422149658 -5.580678462982178 -5.713930606842041
eval_00170 21 -4.343265056610107 -5.112090110778809 -5.57106876373291 -5.659731864929199 -5.414609909057617 -4.080568313598633 -5.307063102722168 -5.398119926452637 -4.684055328369141 -5.686795234680176 -4.735635757446289 -5.63930606842041 -4.845090866088867 -4.51957893371582 -5.125502586364746 -3.687840223312378 -3.8049113750457764 -4.070061206817627 -3.205554962158203 -3.837918996810913 -0.896655797958374 -3.13531756401062 -3.867995500564575 -3.530832052230835 -2.6483986377716064 -3.7069125175476074 -3.593395471572876 -4.481196403503418 -4.14846134185791 -2.8437507152557373 -2.864356756210327
eval_00507 10 -2.2467410564422607 -2.896355152130127 -4.053282737731934 -4.219464302062988 -3.4596166610717773 -4.05877685546875 -4.569869041442871 -3.8983452320098877 -4.230796813964844 -1.096111536026001 -3.9779818058013916 -4.555268287658691 -3.340177059173584 -3.9382755756378174 -4.7693705558776855 -3.218585968017578 -3.647026300430298 -4.133487224578857 -3.997623920440674 -4.324917793273926 -4.076991081237793 -3.822197675704956 -4.633143424987793 -4.7997846603393555 -4.004100799560547 -3.9382011890411377 -4.171114921569824 -4.472979545593262 -3.438471794128418 -4.348965644836426 -5.087800979614258
eval_00260 20 -6.358059406280518 -4.036899089813232 -7.000583171844482 -7.609496593475342 -6.944220066070557 -7.153122901916504 -6.748397350311279 -7.0756144523620605 -4.035121917724609 -8.318921089172363 -7.8379435539245605 -6.026095867156982 -4.657227039337158 -6.987557888031006 -5.974157333374023 -4.3276472091674805 -5.797224998474121 -3.8730621337890625 -4.291406154632568 -0.3364986777305603 -4.621467113494873 -6.370378494262695 -3.875178813934326 -5.610313892364502 -5.4594879150390625 -4.193186283111572 -4.679677963256836 -4.946457862854004 -4.4356369972229 -3.468310832977295 -2.7799253463745117
eval_00363 11 -4.266319751739502 -5.400752544403076 -2.8461461067199707 -3.282592296600342 -2.3593602180480957 -4.063097953796387 -4.4613938331604 -4.702689170837402 -2.9977989196777344 -5.028203964233398 -0.8441563844680786 -4.389474868774414 -4.095063209533691 -2.232304573059082 -2.624797821044922 -4.981585502624512 -6.252007007598877 -5.588494300842285 -4.975405693054199 -5.385576248168945 -5.3327860832214355 -5.916482925415039 -5.332213401794434 -6.756346225738525 -6.253920078277588 -6.236948013305664 -5.705873489379883 -5.823037624359131 -6.094368934631348 -5.8907623291015625 -5.172091484069824
eval_00149 18 -5.648825645446777 -4.179893493652344 -5.487014293670654 -5.688534736633301 -7.0603108406066895 -7.165010452270508 -6.6156206130981445 -6.902910232543945 -5.087272644042969 -4.941317081451416 -5.49358606338501 -5.876372337341309 -5.7224440574646 -6.100292682647705 -6.553225040435791 -6.88200044631958 -5.054299831390381 -0.138638436794281 -4.7778849601745605 -5.298616409301758 -5.908303737640381 -5.875845909118652 -6.6973772048950195 -7.159934043884277 -5.533583164215088 -5.758923530578613 -4.049556732177734 -5.619956970214844 -5.532379150390625 -4.980463027954102 -5.37862491607666
eval_00192 30 -5.62169075012207 -4.822312831878662 -7.368535995483398 -6.829822063446045 -7.526637554168701 -5.15178108215332 -6.106326103210449 -6.145508289337158 -4.645661354064941 -7.078822135925293 -6.496629238128662 -4.47645902633667 -5.410549163818359 -6.549330711364746 -5.526411533355713 -4.331700325012207 -5.478383541107178 -3.650012969970703 -5.381642818450928 -3.015568256378174 -3.8042235374450684 -4.416049480438232 -4.520875453948975 -4.343514919281006 -3.893571376800537 -4.524491786956787 -4.128866672515869 -5.1559529304504395 -3.793123245239258 -0.3789409399032593 -3.598507881164551
eval_00343 30 -5.234862804412842 -6.055955410003662 -5.7160868644714355 -6.213239669799805 -7.019840240478516 -5.815465450286865 -4.835236072540283 -6.26370096206665 -4.640095233917236 -6.391890048980713 -6.372399806976318 -3.7889552116394043 -5.231616497039795 -5.784651756286621 -5.479969024658203 -2.301076889038086 -3.788872718811035 -2.723426580429077 -5.507273197174072 -2.3412206172943115 -3.9710822105407715 -4.156759738922119 -2.8210041522979736 -6.112596035003662 -4.042795181274414 -4.248781681060791 -3.7946078777313232 -3.510155200958252 -2.3970375061035156 -1.171095371246338 -2.9027466773986816
eval_00013 31 -5.303332805633545 -5.6776204109191895 -5.473347187042236 -7.485666275024414 -6.660749435424805 -5.111413955688477 -8.1432466506958 -6.2319464683532715 -4.981442928314209 -6.858456611633301 -5.835639953613281 -6.971468925476074 -3.8888940811157227 -5.637279510498047 -5.331765651702881 -3.2827138900756836 -4.843686580657959 -4.5166730880737305 -5.624238967895508 -2.903557777404785 -5.1205878257751465 -4.2684149742126465 -4.267425537109375 -5.486047744750977 -3.669036865234375 -5.785546779632568 -6.231104850769043 -5.243886947631836 -2.711500644683838 -2.5690364837646484 -0.5027426481246948
eval_00410 26 -4.432878494262695 -4.2342023849487305 -4.979188442230225 -4.74470329284668 -4.46005916595459 -3.8357486724853516 -4.3854217529296875 -4.193176746368408 -4.133958339691162 -4.76027774810791 -4.622051239013672 -4.928768157958984 -3.9312798976898193 -3.8657331466674805 -4.740347862243652 -3.887110710144043 -4.173541069030762 -3.272085428237915 -2.7410430908203125 -2.763979434967041 -3.011509895324707 -4.0369720458984375 -2.8791961669921875 -3.3890528678894043 -3.682875633239746 -1.2653255462646484 -4.168302536010742 -3.449704170227051 -3.3918514251708984 -3.336331844329834 -3.7095067501068115
eval_00210 26 -6.458680629730225 -6.904601097106934 -7.5930891036987305 -5.782161712646484 -7.323633193969727 -5.673022747039795 -5.23270320892334 -5.478334426879883 -6.2224884033203125 -5.1630048751831055 -6.4183173179626465 -5.130885124206543 -6.007496356964111 -7.173708438873291 -7.12103796005249 -5.682963848114014 -5.066903114318848 -5.007679462432861 -3.653003215789795 -4.034787178039551 -4.948236465454102 -5.405425071716309 -3.8614864349365234 -4.0277204513549805 -5.452220916748047 -0.2511458396911621 -4.997830390930176 -3.2463953495025635 -5.194205284118652 -4.1669487953186035 -6.43737268447876
eval_00335 29 -5.322745323181152 -4.4499359130859375 -4.454607963562012 -4.890797138214111 -3.9317007064819336 -6.531609058380127 -5.003913402557373 -6.887237548828125 -5.612067222595215 -5.625580787658691 -5.621552467346191 -4.933234691619873 -5.3529486656188965 -6.183023929595947 -5.723628520965576 -2.8865418434143066 -3.9316375255584717 -3.4626245498657227 -4.753515720367432 -3.44783353805542 -3.84794545173645 -2.21122145652771 -2.890859365463257 -4.177875995635986 -4.4554243087768555 -5.006048679351807 -3.188551187515259 -2.714961051940918 -0.9846959710121155 -3.310007095336914 -3.7888453006744385
eval_00685 10 -2.75329327583313 -4.259894847869873 -3.48711895942688 -3.9746756553649902 -3.660536050796509 -2.545923948287964 -5.635746002197266 -1.9290127754211426 -4.474660873413086 -1.4312360286712646 -2.6047027111053467 -6.139204025268555 -3.3050405979156494 -3.093578338623047 -3.8905930519104004 -4.530676364898682 -5.325634956359863 -5.399589538574219 -3.441288948059082 -4.70989465713501 -5.37623405456543 -5.196355819702148 -4.6035661697387695 -5.126888275146484 -4.323263168334961 -4.05943489074707 -5.056454658508301 -4.393859386444092 -3.5398919582366943 -4.739295959472656 -4.101434707641602
eval_00313 18 -5.529473781585693 -4.905570030212402 -4.691766262054443 -6.549503803253174 -5.9489030838012695 -6.455832004547119 -5.315824508666992 -5.392649173736572 -5.739594459533691 -5.036940097808838 -5.85127592086792 -5.500570774078369 -6.480942726135254 -6.362915992736816 -5.789081573486328 -4.631514072418213 -3.9083783626556396 -0.3635155260562897 -4.14111328125 -3.6857070922851562 -4.571563243865967 -4.042080402374268 -5.405109882354736 -6.507065773010254 -4.095638275146484 -4.24754524230957 -3.8331634998321533 -3.644834518432617 -3.2592077255249023 -4.090874195098877 -4.876327991485596
eval_00441 20 -6.63580846786499 -6.095426559448242 -5.615438938140869 -5.8015947341918945 -5.604000568389893 -5.277012348175049 -5.888434410095215 -5.582262992858887 -4.339457988739014 -7.887866497039795 -5.562903881072998 -5.7488579750061035 -4.780358791351318 -6.6433186531066895 -5.3347272872924805 -3.6909189224243164 -4.516048431396484 -3.094339609146118 -2.4895575046539307 -0.6264233589172363 -4.9215312004089355 -6.61422061920166 -3.3851356506347656 -6.429175853729248 -4.261127948760986 -2.3015663623809814 -4.658783912658691 -3.999678134918213 -4.3359785079956055 -3.7876129150390625 -3.9638924598693848
eval_00524 26 -7.229788780212402 -7.443716049194336 -8.370137214660645 -6.32968807220459 -8.371749877929688 -6.305716514587402 -5.979125022888184 -6.578688621520996 -6.939648628234863 -5.5688796043396 -7.06498908996582 -4.959963798522949 -6.173336505889893 -8.03313159942627 -7.846250057220459 -6.169312477111816 -6.094241142272949 -4.934154510498047 -4.03871488571167 -3.7545325756073 -5.228704452514648 -5.844677925109863 -3.6874892711639404 -4.483199596405029 -6.532498359680176 -0.2257431298494339 -5.49608039855957 -2.9417974948883057 -5.359328746795654 -4.157721042633057 -6.513339519500732
eval_00449 2 -2.716142416000366 -1.081305742263794 -3.0503182411193848 -3.0580201148986816 -3.3461344242095947 -3.5150654315948486 -3.966595411300659 -4.209156036376953 -3.4708282947540283 -2.72452974319458 -4.391552925109863 -3.889186143875122 -3.2077105045318604 -3.959717035293579 -4.00111198425293 -2.8255245685577393 -4.303005695343018 -5.136622428894043 -5.532011985778809 -3.7338907718658447 -5.513340950012207 -4.471991539001465 -4.594228267669678 -5.632369041442871 -4.884963035583496 -5.370776176452637 -4.1823883056640625 -4.985110282897949 -4.4630584716796875 -4.794320106506348 -5.402843475341797
eval_00572 25 -5.25958251953125 -5.247204303741455 -6.138111114501953 -5.14647912979126 -5.834964752197266 -4.805118083953857 -4.7762956619262695 -5.811837196350098 -6.218511581420898 -4.3026556968688965 -5.903275966644287 -7.242015838623047 -6.4646453857421875 -5.515468120574951 -5.877820014953613 -4.43164587020874 -3.092935085296631 -4.483687400817871 -4.408266544342041 -5.816273212432861 -3.2868213653564453 -2.9805727005004883 -5.3079657554626465 -3.552621841430664 -0.4707220792770386 -5.341799259185791 -3.226534366607666 -5.075805187225342 -3.508411407470703 -4.301387786865234 -4.89870023727417
eval_00658 31 -5.958324432373047 -6.06720495223999 -5.972026348114014 -6.555488586425781 -5.309184551239014 -4.271091938018799 -5.054823398590088 -4.874256610870361 -3.5428242683410645 -6.917697429656982 -5.415163516998291 -6.419985294342041 -4.5781402587890625 -4.78192138671875 -3.88303804397583 -4.114822864532471 -3.9544849395751953 -4.4243879318237305 -2.356494426727295 -2.097693920135498 -4.198881149291992 -5.952763557434082 -3.315974235534668 -5.278468608856201 -2.8263516426086426 -4.0853047370910645 -5.762721061706543 -5.140815258026123 -3.2379722595214844 -2.32534122467041 -1.087854027748108
eval_00497 12 -6.630814552307129 -5.991644382476807 -5.588100433349609 -4.735624313354492 -6.2198309898376465 -5.855008125305176 -2.9727115631103516 -5.664395332336426 -6.732156276702881 -5.658095359802246 -5.863378524780273 -0.14532087743282318 -5.259859085083008 -4.258567810058594 -3.9174680709838867 -6.096044063568115 -8.822117805480957 -7.384430885314941 -7.475302696228027 -6.458239555358887 -7.93766450881958 -8.762430191040039 -6.9323015213012695 -7.585196018218994 -9.121970176696777 -7.034006118774414 -7.716854095458984 -6.033377647399902 -7.621359348297119 -7.2035932540893555 -7.685455322265625
eval_00370 31 -6.113017559051514 -5.520024299621582 -5.733215808868408 -7.470375061035156 -6.576359748840332 -5.108425140380859 -8.736967086791992 -6.91715145111084 -6.720308303833008 -6.899582386016846 -6.47959566116333 -7.195502281188965 -5.530295372009277 -8.064404487609863 -6.607943058013916 -7.055293083190918 -5.5718865394592285 -6.282892227172852 -7.319985389709473 -6.681386947631836 -4.702828884124756 -4.441519737243652 -5.563530921936035 -5.052178859710693 -6.146618843078613 -6.565046310424805 -6.194664478302002 -4.999974250793457 -5.243412494659424 -5.7159295082092285 -0.093404620885849
eval_00573 26 -6.896556377410889 -7.558002471923828 -8.205496788024902 -5.939465522766113 -7.571767330169678 -4.814811706542969 -6.013258934020996 -5.218334197998047 -6.039511203765869 -5.993943691253662 -6.0799736976623535 -5.6854729652404785 -5.17633056640625 -7.26157808303833 -7.501748561859131 -6.759592533111572 -6.434912204742432 -5.821018695831299 -3.4732728004455566 -4.480215072631836 -5.666138172149658 -6.384349822998047 -4.037990093231201 -4.3784050941467285 -6.649143695831299 -0.1562686264514923 -5.994236469268799 -4.5534563064575195 -6.839503765106201 -5.023324966430664 -7.004458904266357
eval_00006 21 -5.668361663818359 -5.189712047576904 -5.828615188598633 -6.157088279724121 -6.716289043426514 -6.311251163482666 -6.920170783996582 -6.208071231842041 -7.617281436920166 -4.147603988647461 -6.139166355133057 -6.092833995819092 -7.4641900062561035 -5.71081018447876 -6.794325351715088 -3.79725980758667 -4.028914928436279 -4.731573581695557 -6.346527576446533 -6.573176860809326 -0.314230352640152 -3.201706647872925 -4.0760016441345215 -3.8581628799438477 -4.475635051727295 -5.286387920379639 -3.5457780361175537 -4.223804950714111 -4.402470111846924 -4.835794448852539 -4.363143444061279
eval_00613 11 -3.441502094268799 -4.36479377746582 -2.2081286907196045 -3.6632747650146484 -2.5885329246520996 -4.361492156982422 -2.471370220184326 -3.170809030532837 -3.166055202484131 -3.6540110111236572 -1.7717952728271484 -4.477147102355957 -5.486604690551758 -2.424246311187744 -2.334627151489258 -3.521238088607788 -4.465902805328369 -5.167601585388184 -4.696053981781006 -4.857794761657715 -4.3881635665893555 -4.867686748504639 -4.479469299316406 -5.435357093811035 -4.741069316864014 -5.059229850769043 -4.620223045349121 -4.0297322273254395 -4.348119735717773 -5.12540340423584 -5.231047630310059
eval_00159 29 -7.20487117767334 -5.330555438995361 -6.061046600341797 -6.393238544464111 -6.545290946960449 -6.84019136428833 -7.04334831237793 -6.718686103820801 -7.366187572479248 -5.797407150268555 -6.266838073730469 -6.320564270019531 -7.362803936004639 -6.96750545501709 -5.5960845947265625 -5.5910749435424805 -4.525681972503662 -3.7085120677948 -5.157379150390625 -5.185125827789307 -4.904508590698242 -4.970471382141113 -4.680721759796143 -5.238882541656494 -4.999746322631836 -5.654382705688477 -5.203097343444824 -3.948577880859375 -0.17677952349185944 -4.394015312194824 -4.771184921264648
eval_00115 4 -6.616065979003906 -6.498653888702393 -4.858148097991943 -0.2010178416967392 -3.6741418838500977 -3.0904390811920166 -5.735455513000488 -6.966038227081299 -7.153313636779785 -5.355603218078613 -4.436582088470459 -3.9540529251098633 -4.046947479248047 -4.623782634735107 -5.2183027267456055 -7.590635776519775 -7.113990306854248 -6.802273750305176 -4.885947227478027 -7.169188499450684 -6.961646556854248 -7.652229309082031 -5.814106464385986 -5.537271022796631 -7.623168468475342 -6.085371017456055 -5.725411415100098 -7.110357761383057 -7.858954906463623 -8.647348403930664 -7.208571910858154
eval_00556 5 -4.067515850067139 -3.0297272205352783 -3.5016391277313232 -2.6871190071105957 -0.47874754667282104 -5.3000640869140625 -4.420687198638916 -4.088436126708984 -3.86358380317688 -3.771817207336426 -5.070716857910156 -4.31331729888916 -3.4458343982696533 -5.3001837730407715 -5.057688236236572 -4.732076168060303 -5.130191326141357 -6.248342990875244 -6.641129493713379 -5.512089729309082 -6.385826110839844 -4.93353796005249 -5.68495512008667 -4.73280143737793 -6.123119354248047 -6.84963846206665 -5.954496383666992 -4.794468402862549 -4.439640045166016 -6.887540817260742 -5.106142044067383
eval_00221 29 -5.867088317871094 -4.898281574249268 -5.011303424835205 -4.943416595458984 -4.392350673675537 -5.859829902648926 -5.354180812835693 -6.725966453552246 -4.788500785827637 -5.60076379776001 -5.644015312194824 -5.633417129516602 -5.105014324188232 -5.887462615966797 -5.381394863128662 -4.300869464874268 -3.314021587371826 -3.7878060340881348 -3.8651371002197266 -3.987675666809082 -4.285396099090576 -3.174022674560547 -3.534529685974121 -4.32670259475708 -3.4782214164733887 -4.467378616333008 -4.234988689422607 -4.2954607009887695 -0.5150758028030396 -3.8383426666259766 -3.7856526374816895
eval_00503 19 -6.330129146575928 -6.15814733505249 -5.6064958572387695 -5.208761692047119 -4.710587501525879 -4.897125244140625 -4.859017372131348 -4.02500581741333 -5.336452007293701 -4.94561767578125 -4.566604137420654 -4.916080474853516 -4.228877067565918 -5.27131986618042 -5.2628374099731445 -5.2528157234191895 -4.91202974319458 -4.144842147827148 -0.36985456943511963 -3.965298652648926 -4.747842311859131 -5.28551721572876 -4.815126895904541 -4.440769195556641 -4.520988464355469 -2.982475757598877 -5.804585933685303 -3.946094512939453 -4.426275253295898 -4.12216854095459 -5.048772811889648
eval_00413 7 -6.308682441711426 -5.868340015411377 -6.725152492523193 -5.508630752563477 -6.40924072265625 -6.433100700378418 -0.05052011087536812 -5.834990978240967 -5.9911932945251465 -5.6385040283203125 -8.055817604064941 -4.832242965698242 -7.726648330688477 -5.146439552307129 -6.59987211227417 -7.5193867683410645 -6.844061851501465 -7.563381671905518 -7.592449188232422 -8.041522979736328 -7.661932945251465 -7.849416732788086 -8.362203598022461 -5.846730709075928 -6.585675239562988 -6.911032676696777 -7.722775459289551 -7.077234268188477 -8.860713005065918 -7.730338096618652 -10.101207733154297
eval_00339 6 -5.498937129974365 -5.414431095123291 -6.301589488983154 -4.682357311248779 -4.456726551055908 -0.3438768982887268 -6.515102863311768 -4.103735446929932 -5.143814563751221 -4.689732551574707 -3.6185193061828613 -3.303873062133789 -2.4362075328826904 -4.406889915466309 -4.15151834487915 -7.335272789001465 -7.656605243682861 -6.823983669281006 -6.3970136642456055 -7.223339080810547 -5.83322286605835 -5.0286455154418945 -6.078774929046631 -4.180478572845459 -6.024510383605957 -6.417966842651367 -6.04531192779541 -7.791112899780273 -6.6417927742004395 -6.014935493469238 -5.203232765197754
eval_00187 20 -6.102342128753662 -3.957202434539795 -7.026630878448486 -7.864593029022217 -6.829442977905273 -7.478326320648193 -6.822667598724365 -7.823829650878906 -5.1586174964904785 -7.388601779937744 -7.463963985443115 -6.985590934753418 -5.975238800048828 -7.324508190155029 -6.9005584716796875 -3.88871431350708 -5.432928085327148 -3.7213618755340576 -4.23300313949585 -0.31976988911628723 -4.796726703643799 -6.159992218017578 -4.132708549499512 -6.616794586181641 -4.960223197937012 -3.238469123840332 -3.705430507659912 -4.218404293060303 -4.352075576782227 -3.595777988433838 -3.9800658226013184
eval_00242 29 -6.662939071655273 -5.727041244506836 -5.884099960327148 -6.083667755126953 -6.017214775085449 -5.821050643920898 -6.60408878326416 -5.487457275390625 -6.037189960479736 -6.133450031280518 -6.211448669433594 -5.670163154602051 -6.343524932861328 -6.586189270019531 -4.8218841552734375 -4.177087783813477 -4.894834041595459 -3.167569637298584 -3.832143783569336 -3.5033087730407715 -4.449209213256836 -4.682313919067383 -4.374321937561035 -5.158568382263184 -3.5449647903442383 -4.2428107261657715 -5.399112701416016 -4.504171371459961 -0.4968777894973755 -2.2374300956726074 -3.563412666320801
eval_00365 15 -4.092654705047607 -3.3695476055145264 -2.82802414894104 -3.5266478061676025 -4.53236198425293 -4.7646284103393555 -4.079526424407959 -4.697120189666748 -3.65787935256958 -5.636369705200195 -3.6838364601135254 -3.0441482067108154 -4.188502311706543 -2.81040358543396 -0.5396382212638855 -4.524052143096924 -5.994059085845947 -6.483016490936279 -6.224867343902588 -4.853096008300781 -6.204501628875732 -6.779368877410889 -6.095354080200195 -6.6288886070251465 -4.9705939292907715 -7.123319625854492 -5.267017364501953 -7.45613431930542 -5.351871013641357 -6.107203006744385 -5.881007671356201
eval_00121 20 -7.7316508293151855 -6.6003217697143555 -5.865780353546143 -7.085121154785156 -6.5290632247924805 -7.200852394104004 -6.4930033683776855 -5.638856887817383 -3.828129529953003 -7.944687366485596 -7.202107906341553 -6.571804523468018 -5.283244609832764 -7.173394680023193 -5.009183883666992 -3.83724045753479 -5.811197280883789 -4.327396392822266 -3.6568443775177 -0.37503883242607117 -6.124206066131592 -7.968739032745361 -3.797905445098877 -8.74033260345459 -4.556782245635986 -4.187007904052734 -6.011665344238281 -5.467257022857666 -3.213512659072876 -3.1510727405548096 -2.8274412155151367
eval_00220 20 -6.533008575439453 -4.332649230957031 -5.785739898681641 -6.9205474853515625 -5.763845443725586 -6.792964935302734 -6.850925445556641 -5.877712249755859 -5.421971321105957 -6.856875419616699 -6.4936723709106445 -6.735546112060547 -5.315978050231934 -6.7915544509887695 -5.943304061889648 -3.528998851776123 -5.728028297424316 -3.5981760025024414 -2.4423701763153076 -0.47277045249938965 -4.569208145141602 -7.038251876831055 -4.339235305786133 -6.178436279296875 -5.338849067687988 -2.8083107471466064 -4.17966365814209 -3.703566312789917 -3.555342435836792 -4.088934898376465 -4.659148216247559
eval_00253 14 -4.119576454162598 -4.370933532714844 -4.159755706787109 -4.871915817260742 -4.609579086303711 -4.459577560424805 -3.31178879737854 -3.5045621395111084 -2.56237530708313 -4.667084693908691 -2.686628818511963 -3.161715269088745 -4.256030082702637 -1.0078680515289307 -2.244624376296997 -5.807817459106445 -5.203526496887207 -3.1752679347991943 -3.84704852104187 -5.127687454223633 -4.709895133972168 -4.684593200683594 -5.467363357543945 -4.707635879516602 -4.461660385131836 -4.912827491760254 -5.103659629821777 -5.435515403747559 -5.693055152893066 -4.632096290588379 -3.6420302391052246
eval_00323 5 -5.294200897216797 -4.877028465270996 -3.697255849838257 -3.6856703758239746 -0.15446500480175018 -6.283960819244385 -5.684905052185059 -5.016232490539551 -4.9903740882873535 -4.733919143676758 -5.692765712738037 -5.160726070404053 -4.8388566970825195 -5.619107723236084 -5.851390361785889 -4.984508037567139 -6.124634265899658 -7.943366527557373 -6.952939510345459 -6.874292850494385 -7.74490213394165 -5.848743915557861 -5.903510570526123 -5.610413074493408 -6.995114803314209 -7.761708736419678 -8.460988998413086 -5.58325719833374 -6.1830220222473145 -8.457273483276367 -6.9836506843566895
eval_00542 19 -6.444250583648682 -6.0424065589904785 -4.9959635734558105 -4.042970180511475 -4.664400100708008 -5.459563255310059 -5.787298202514648 -4.884130954742432 -5.087723255157471 -4.939589023590088 -4.438912868499756 -4.141862392425537 -3.800419807434082 -5.77036190032959 -4.238523960113525 -5.876143932342529 -4.374577522277832 -4.010774612426758 -0.3202892541885376 -4.259052276611328 -5.527627944946289 -5.326681613922119 -4.8553242683410645 -4.606503009796143 -5.708757400512695 -3.5594053268432617 -5.141132354736328 -5.129152297973633 -4.362886905670166 -5.404186725616455 -5.20576810836792
eval_00546 6 -5.675509452819824 -5.163427352905273 -5.349704742431641 -2.765967845916748 -4.514506816864014 -0.2650538384914398 -6.550263404846191 -5.647292613983154 -6.411513805389404 -5.1218767166137695 -2.957636833190918 -4.484241485595703 -3.6701126098632812 -4.989772796630859 -4.638482570648193 -7.128610134124756 -7.603689193725586 -7.336431503295898 -6.918334007263184 -7.722646713256836 -6.170334815979004 -5.775817394256592 -6.096782684326172 -5.389649868011475 -6.887020111083984 -5.730507850646973 -5.806219100952148 -7.4761786460876465 -6.491847991943359 -6.6639251708984375 -6.643124103546143
eval_00667 5 -5.541970729827881 -6.089682579040527 -4.004282474517822 -4.759390830993652 -0.1617521196603775 -6.165115833282471 -4.0623459815979 -5.511000156402588 -4.376837253570557 -5.679597854614258 -4.277466773986816 -5.595231533050537 -5.648244857788086 -4.27377462387085 -4.146617889404297 -5.206539630889893 -6.48159646987915 -7.601285457611084 -6.143798351287842 -6.523163795471191 -7.597413539886475 -6.492595672607422 -5.696776390075684 -6.795886039733887 -6.750521659851074 -7.5219292640686035 -8.201967239379883 -5.73148250579834 -6.238779067993164 -8.595383644104004 -6.746582508087158
eval_00049 26 -7.331523895263672 -7.729160785675049 -7.992758274078369 -7.317779541015625 -7.938293933868408 -6.088287830352783 -5.298829078674316 -5.4967756271362305 -4.925690174102783 -6.127583980560303 -6.863377094268799 -5.816550254821777 -5.317221641540527 -7.516335487365723 -6.710865497589111 -4.024336338043213 -5.6942362785339355 -4.518436431884766 -3.6634185314178467 -1.2390332221984863 -4.880271911621094 -7.084413528442383 -2.996443510055542 -6.265259742736816 -5.056392669677734 -1.1919589042663574 -6.223538398742676 -3.3295323848724365 -3.775442123413086 -1.7554898262023926 -4.215865612030029
eval_00379 10 -2.581249713897705 -3.7552490234375 -3.6954498291015625 -4.047087669372559 -4.870046615600586 -4.77735710144043 -4.092703819274902 -3.1262824535369873 -4.739938735961914 -0.6762590408325195 -3.149718999862671 -3.781247854232788 -4.490756988525391 -3.714695692062378 -3.8491764068603516 -5.454904556274414 -3.9699647426605225 -4.707716464996338 -4.5156049728393555 -5.692788124084473 -5.505789756774902 -4.3689656257629395 -5.013739585876465 -3.927488088607788 -5.505951404571533 -4.373435974121094 -4.394207954406738 -4.425683975219727 -5.245551586151123 -5.895506858825684 -5.624356269836426
eval_00175 15 -3.981659412384033 -4.218039035797119 -2.553921699523926 -3.3755807876586914 -4.7209672927856445 -4.383065700531006 -3.67441987991333 -3.505715847015381 -3.614197254180908 -4.270818710327148 -2.705927848815918 -3.682028293609619 -4.999794006347656 -2.925312042236328 -0.7049864530563354 -5.503724098205566 -4.772140979766846 -5.088613510131836 -4.272599220275879 -5.386514663696289 -5.507347106933594 -5.315788269042969 -5.541845321655273 -5.532123565673828 -5.452361106872559 -5.756840705871582 -4.69550895690918 -6.02500057220459 -5.375019073486328 -5.433774948120117 -4.779590606689453
eval_00647 28 -7.621513843536377 -7.007692337036133 -6.556474685668945 -7.088294982910156 -6.872012138366699 -7.9415788650512695 -6.283510684967041 -5.313610076904297 -9.21378231048584 -4.5085015296936035 -7.046149730682373 -4.133749961853027 -8.875134468078613 -7.22833776473999 -8.034274101257324 -6.076455593109131 -5.685156345367432 -5.86464262008667 -6.628793239593506 -6.818830966949463 -6.467419147491455 -4.490433692932129 -5.50549840927124 -5.523807048797607 -7.947999954223633 -4.816786766052246 -7.20252799987793 -0.09074284881353378 -5.936089992523193 -7.0101752281188965 -6.715941429138184
eval_00349 1 -1.6140258312225342 -4.145577907562256 -2.942864179611206 -4.721280574798584 -3.425952434539795 -3.8777098655700684 -5.1979875564575195 -2.9132628440856934 -4.023197174072266 -2.8971517086029053 -1.6760847568511963 -6.105432510375977 -3.875948190689087 -1.6407277584075928 -3.7486507892608643 -4.825901985168457 -6.08199405670166 -4.604601860046387 -4.460110664367676 -5.566499710083008 -3.8608601093292236 -5.223883628845215 -5.045785903930664 -6.710294723510742 -4.731844902038574 -4.989208221435547 -5.721403121948242 -5.544672966003418 -5.298916339874268 -5.192766189575195 -4.99924373626709
eval_00709 28 -7.298281192779541 -6.789358615875244 -6.638735294342041 -6.790018558502197 -6.884718418121338 -7.835184097290039 -6.400686740875244 -5.351135730743408 -8.332286834716797 -4.809859275817871 -6.742388725280762 -4.987397193908691 -8.03736686706543 -7.640017509460449 -7.95866060256958 -5.080197811126709 -5.673958778381348 -5.504922866821289 -5.2491455078125 -5.325991153717041 -5.5666937828063965 -5.239412784576416 -4.262021541595459 -4.728853702545166 -6.793727397918701 -3.572389602661133 -6.301539897918701 -0.13712537288665771 -4.945149898529053 -5.68275785446167 -6.8329596519470215
eval_00501 5 -4.472391128540039 -4.620097637176514 -3.8385562896728516 -4.253881931304932 -0.2446008175611496 -5.951819896697998 -4.204771518707275 -4.965007781982422 -3.996511220932007 -3.736013650894165 -5.474833011627197 -4.99636697769165 -4.427691459655762 -5.246664047241211 -5.4614338874816895 -4.17827844619751 -5.147278308868408 -7.133065700531006 -7.157562255859375 -6.301078796386719 -7.443068504333496 -4.797327518463135 -5.0737152099609375 -5.010056495666504 -6.398827075958252 -6.861693382263184 -6.955464839935303 -4.99365234375 -6.113955497741699 -8.029446601867676 -6.478061199188232
eval_00062 18 -5.785173416137695 -4.396609783172607 -5.2696404457092285 -6.870600700378418 -6.820168972015381 -7.995174884796143 -6.7426066398620605 -7.211054801940918 -6.342695713043213 -5.544734954833984 -5.93232536315918 -6.769435882568359 -6.221267223358154 -6.770058631896973 -7.217392921447754 -6.914544582366943 -5.03070592880249 -0.0902441069483757 -6.095925807952881 -5.458592414855957 -5.828786849975586 -6.172360897064209 -7.774032115936279 -8.406123161315918 -5.8142828941345215 -7.078815460205078 -4.669506549835205 -5.522331237792969 -5.899308681488037 -5.7431182861328125 -5.263684272766113
eval_00077 20 -6.686609268188477 -5.854050636291504 -5.646111488342285 -5.855804443359375 -5.503386497497559 -5.56929874420166 -5.761935234069824 -5.74698543548584 -4.321728706359863 -7.84300422668457 -5.804210662841797 -5.530208587646484 -5.36306095123291 -6.664915084838867 -5.165500640869141 -3.821992874145508 -4.314022541046143 -2.670231342315674 -2.6529860496520996 -0.6735581159591675 -4.658247947692871 -6.387442111968994 -3.533255100250244 -6.365625381469727 -4.012986660003662 -2.332097053527832 -4.047677516937256 -3.813261032104492 -4.076001167297363 -3.603341579437256 -4.068641662597656
eval_00483 10 -3.4073128700256348 -4.1612229347229 -3.8496389389038086 -2.9400060176849365 -3.748737335205078 -3.8062684535980225 -4.956019878387451 -3.877291440963745 -6.060737609863281 -0.4671684801578522 -3.169527292251587 -4.266664505004883 -4.184025287628174 -4.224849224090576 -5.179670810699463 -6.442163944244385 -4.348080635070801 -5.495975494384766 -5.1561598777771 -6.67397403717041 -5.759637355804443 -5.081295490264893 -5.533868312835693 -4.413125514984131 -6.53082275390625 -4.749878406524658 -4.69294548034668 -5.2940568923950195 -5.596411228179932 -6.298288822174072 -6.204867839813232
eval_00427 12 -6.602779865264893 -5.81057071685791 -5.386598110198975 -4.579184055328369 -6.187595367431641 -5.99674129486084 -3.2676358222961426 -5.64735221862793 -6.870758533477783 -5.676464557647705 -5.9611921310424805 -0.12799972295761108 -5.058646202087402 -4.364515781402588 -4.184986114501953 -6.004022121429443 -9.127923011779785 -7.188264846801758 -7.503206729888916 -6.434138774871826 -7.924291133880615 -8.324259757995605 -6.910466194152832 -7.349984645843506 -8.985148429870605 -6.592489242553711 -7.6938652992248535 -6.091004848480225 -7.631036281585693 -7.287623882293701 -8.007756233215332
eval_00448 23 -7.162148475646973 -7.9677934646606445 -7.5474700927734375 -6.552359580993652 -6.290489196777344 -6.978660583496094 -8.453008651733398 -8.842866897583008 -8.544447898864746 -6.27578067779541 -5.861440658569336 -6.040738105773926 -5.984758377075195 -7.823949813842773 -7.4543256759643555 -4.561837196350098 -5.305150985717773 -6.717797756195068 -6.121723175048828 -5.118729591369629 -3.6965203285217285 -5.344158172607422 -0.1616610586643219 -5.456484317779541 -6.4097185134887695 -3.9455299377441406 -4.595225811004639 -3.9099435806274414 -4.622379779815674 -5.676962375640869 -4.686269283294678
eval_00649 29 -7.746711730957031 -6.221275806427002 -5.815546989440918 -5.852872848510742 -6.3149518966674805 -7.1626129150390625 -6.8128814697265625 -6.833416938781738 -7.94927978515625 -6.3971333503723145 -6.731480121612549 -6.119211196899414 -8.10904598236084 -7.172673225402832 -5.461421012878418 -5.004230499267578 -4.782262325286865 -4.963533401489258 -5.56507682800293 -4.860671043395996 -4.895449161529541 -5.989160537719727 -4.398993015289307 -5.49500036239624 -5.32860803604126 -4.995759010314941 -5.968060493469238 -3.5261828899383545 -0.15097416937351227 -4.990828990936279 -5.125391006469727
eval_00493 18 -4.970388412475586 -4.189708232879639 -4.7188849449157715 -5.364294528961182 -4.817653656005859 -5.292259693145752 -4.57029390335083 -5.637394905090332 -5.160152912139893 -3.9044432640075684 -4.912601947784424 -4.896315097808838 -4.522147178649902 -5.970252513885498 -5.900309085845947 -4.591097354888916 -3.8637359142303467 -0.5704951882362366 -4.40990686416626 -3.452359437942505 -3.4646172523498535 -4.412237167358398 -4.55379056930542 -5.428098201751709 -4.5970845222473145 -4.379792213439941 -3.516632080078125 -3.3913044929504395 -2.9269638061523438 -3.9093165397644043 -3.8045432567596436
eval_00491 30 -4.146128177642822 -4.375367164611816 -6.616534233093262 -6.621150970458984 -5.482289791107178 -4.838587284088135 -6.031982421875 -5.836048126220703 -4.126220703125 -5.7888503074646 -5.2534260749816895 -5.331795692443848 -4.371973037719727 -5.912611961364746 -5.7494282722473145 -4.389925479888916 -4.045602321624756 -3.6277308464050293 -4.767787933349609 -3.854416608810425 -2.9703712463378906 -2.0305416584014893 -3.7928574085235596 -2.818863868713379 -4.46429967880249 -4.1800737380981445 -3.2764928340911865 -4.48930549621582 -3.984903335571289 -0.8705903887748718 -3.225844144821167
eval_00157 16 -6.368034362792969 -5.101864337921143 -4.572473049163818 -6.178652286529541 -5.440598964691162 -6.553709983825684 -6.712233543395996 -5.874500274658203 -6.83591365814209 -6.5142130851745605 -6.892577171325684 -4.792332649230957 -5.5789008140563965 -6.400292873382568 -5.757551193237305 -0.26421695947647095 -5.40394401550293 -5.139172077178955 -6.865140438079834 -3.85198712348938 -4.520480155944824 -4.050548076629639 -3.958827257156372 -6.411749362945557 -4.080539226531982 -5.5124945640563965 -6.098074913024902 -3.8229246139526367 -3.3822684288024902 -4.81973123550415 -4.343903064727783
eval_00286 22 -5.026684284210205 -5.967071056365967 -5.69160270690918 -7.058557987213135 -6.799330234527588 -6.32450008392334 -7.17993688583374 -5.802089214324951 -5.809950351715088 -5.1411051750183105 -5.597162246704102 -6.476569652557373 -6.334606647491455 -5.943276882171631 -6.938517093658447 -4.770620346069336 -3.9389193058013916 -4.610452175140381 -7.752782344818115 -7.246518611907959 -5.054896354675293 -0.15896853804588318 -5.2679314613342285 -4.862759590148926 -5.043581008911133 -6.6111626625061035 -5.117290496826172 -4.565636157989502 -5.715095043182373 -4.771611213684082 -4.3261284828186035
eval_00586 29 -6.570909023284912 -6.633088111877441 -5.408689022064209 -4.8025360107421875 -5.045290946960449 -5.782899856567383 -4.889139175415039 -6.410356521606445 -4.811204433441162 -6.422894477844238 -6.0417399406433105 -6.061045169830322 -6.522665977478027 -6.1306867599487305 -5.158211708068848 -3.0000579357147217 -4.116323947906494 -4.243342399597168 -3.7133376598358154 -2.51054048538208 -3.747697114944458 -4.277250289916992 -2.157775640487671 -5.14412260055542 -4.314016819000244 -4.070789337158203 -5.074254989624023 -2.839583158493042 -0.870899498462677 -3.0390191078186035 -3.3383805751800537
eval_00307 28 -4.270397663116455 -4.193704605102539 -2.5701332092285156 -2.0420007705688477 -3.4374375343322754 -3.5458502769470215 -5.101449966430664 -3.1047158241271973 -6.206793785095215 -4.207625865936279 -4.306063175201416 -6.015668869018555 -5.532759666442871 -4.874448299407959 -4.957937717437744 -3.804710865020752 -4.40020751953125 -3.6812949180603027 -6.638248443603516 -4.153251647949219 -5.147048473358154 -2.8964552879333496 -3.193312644958496 -3.9527502059936523 -3.696850299835205 -3.546898365020752 -2.8342909812927246 -1.6756504774093628 -2.3598647117614746 -5.5113701820373535 -5.256081581115723
eval_00298 20 -7.267648220062256 -5.173789978027344 -6.362598419189453 -7.650940895080566 -6.927237510681152 -8.199525833129883 -7.472754955291748 -7.2848124504089355 -5.567112922668457 -7.631910800933838 -8.349421501159668 -5.8946661949157715 -5.377118110656738 -8.308374404907227 -6.965823650360107 -3.782531261444092 -5.656170845031738 -3.071112632751465 -5.4149041175842285 -0.20874172449111938 -6.131110668182373 -7.220841884613037 -5.07472562789917 -7.359016418457031 -5.84799861907959 -4.619431495666504 -4.89708137512207 -4.73243522644043 -3.8107128143310547 -4.232438087463379 -4.450386047363281
eval_00656 18 -6.283535957336426 -5.313547134399414 -4.957915782928467 -7.032590866088867 -6.711365699768066 -7.203094959259033 -6.789173126220703 -6.076656341552734 -7.123299598693848 -5.592942714691162 -5.795260429382324 -6.107785701751709 -6.694001197814941 -6.2592668533325195 -6.63694953918457 -6.904842853546143 -5.598224639892578 -0.1186848133802414 -5.0037946701049805 -5.594996452331543 -4.914445400238037 -5.266099452972412 -7.42648983001709 -7.283539295196533 -5.049148082733154 -6.210846900939941 -5.858207702636719 -4.720632553100586 -4.358837127685547 -4.653584003448486 -5.093299388885498
eval_00645 17 -6.706541061401367 -7.312763214111328 -7.591559410095215 -6.932863712310791 -7.902763843536377 -9.250406265258789 -6.381824493408203 -9.429789543151855 -6.829110622406006 -6.323160648345947 -7.92166805267334 -9.154112815856934 -8.86082935333252 -7.7807698249816895 -8.552018165588379 -8.736263275146484 -0.050743695348501205 -5.47454833984375 -6.736551284790039 -6.855240345001221 -6.919206619262695 -5.6843791007995605 -6.9555864334106445 -6.196372032165527 -5.936949253082275 -7.599714279174805 -4.0211567878723145 -7.1405792236328125 -6.687456130981445 -7.239851951599121 -6.2282490730285645
eval_00278 31 -6.272495746612549 -5.835653781890869 -7.093441486358643 -8.716401100158691 -7.288110733032227 -5.217220306396484 -8.861260414123535 -6.376278877258301 -5.734076976776123 -7.261600494384766 -6.494291305541992 -7.578124046325684 -3.9510505199432373 -6.613265037536621 -5.787442684173584 -4.378220558166504 -6.156177520751953 -4.845974922180176 -6.063877582550049 -3.6319994926452637 -4.805083274841309 -5.777790069580078 -4.656506538391113 -5.984195709228516 -4.4944915771484375 -5.775174140930176 -6.646295547485352 -5.782831192016602 -3.5858116149902344 -3.6835596561431885 -0.21007075905799866
eval_00596 14 -2.9181060791015625 -3.7023210525512695 -2.906978130340576 -3.8180174827575684 -3.1757616996765137 -4.440674781799316 -3.14451265335083 -2.902695655822754 -2.8365683555603027 -3.0520763397216797 -2.8122568130493164 -3.2128753662109375 -3.914825916290283 -1.3197380304336548 -2.6607518196105957 -4.99057674407959 -4.885735511779785 -4.5404181480407715 -4.625560760498047 -4.442248821258545 -4.886113166809082 -4.738147258758545 -4.939176082611084 -5.024938583374023 -5.067011833190918 -4.628725528717041 -4.815691947937012 -5.139949798583984 -4.916901111602783 -4.7786359786987305 -4.887077331542969
eval_00694 18 -6.663588523864746 -5.7605719566345215 -6.241775035858154 -8.076821327209473 -7.576216697692871 -8.220625877380371 -6.830856800079346 -6.754095554351807 -7.086074352264404 -5.96792459487915 -6.828789234161377 -6.808820724487305 -7.299378395080566 -6.647280693054199 -7.277883529663086 -6.1257219314575195 -5.282726287841797 -0.14319320023059845 -5.014798164367676 -4.909852027893066 -4.912029266357422 -4.728198528289795 -6.803471565246582 -6.922860622406006 -4.67336368560791 -5.854004859924316 -5.21927547454834 -4.403908729553223 -3.9351673126220703 -4.02547550201416 -4.751688480377197
eval_00421 7 -5.9787492752075195 -5.834894180297852 -6.26967716217041 -5.1838202476501465 -5.934141635894775 -5.744184494018555 -0.0801534354686737 -6.395493030548096 -5.396280765533447 -4.86348295211792 -7.035182476043701 -4.881726264953613 -7.590149879455566 -4.7852888107299805 -5.943802356719971 -6.913691520690918 -5.696061134338379 -6.715906143188477 -6.904415130615234 -7.081613540649414 -6.572650909423828 -6.524815082550049 -7.2343363761901855 -5.141781806945801 -6.434784412384033 -6.532672882080078 -6.581385135650635 -6.587268829345703 -7.544151306152344 -6.95969295501709 -8.47879695892334
eval_00223 11 -4.337586402893066 -6.060903549194336 -2.908182382583618 -3.300260066986084 -4.1069183349609375 -4.164614677429199 -2.601341724395752 -4.143943786621094 -3.244239568710327 -4.349932670593262 -0.9567363262176514 -5.596222877502441 -5.626750946044922 -2.4580905437469482 -1.8565313816070557 -5.095312118530273 -5.528951644897461 -6.006760597229004 -3.948751926422119 -4.9704389572143555 -5.470903396606445 -6.443817138671875 -4.986396789550781 -6.289881706237793 -5.848688125610352 -4.96944522857666 -4.426100730895996 -5.861051559448242 -5.93280029296875 -5.493503570556641 -6.657061576843262
eval_00043 1 -0.22580721974372864 -3.203230142593384 -4.603623867034912 -5.670304775238037 -5.842909336090088 -5.7630767822265625 -4.271446228027344 -6.294605255126953 -3.4733974933624268 -4.616673469543457 -5.142914295196533 -6.095273971557617 -3.7991950511932373 -4.647634983062744 -5.681080341339111 -5.984378814697266 -5.412906646728516 -5.794319152832031 -6.772128105163574 -5.6777424812316895 -5.788694381713867 -5.908746242523193 -6.565464019775391 -6.506172180175781 -6.202859878540039 -6.47922420501709 -5.212605953216553 -6.830364227294922 -7.621758460998535 -5.3493123054504395 -5.739609718322754
eval_00598 31 -4.455893516540527 -6.657839775085449 -5.7371978759765625 -6.166167259216309 -5.513261795043945 -2.9549083709716797 -6.146085739135742 -4.462851524353027 -5.028268814086914 -4.78482723236084 -3.7394344806671143 -6.07231330871582 -3.199038505554199 -4.002960681915283 -5.2137837409973145 -3.5194592475891113 -4.482278347015381 -4.004507541656494 -3.057004451751709 -4.150454521179199 -2.237299919128418 -3.010545253753662 -2.7099711894989014 -3.599447250366211 -2.9220268726348877 -2.6018266677856445 -5.298832416534424 -4.437295913696289 -3.7562029361724854 -2.0929477214813232 -1.943523645401001
eval_00305 9 -4.710369110107422 -5.069840908050537 -6.3703837394714355 -7.717535972595215 -5.3886637687683105 -5.861867427825928 -3.9893152713775635 -5.2745232582092285 -0.12517808377742767 -7.294764041900635 -5.90848445892334 -6.7854533195495605 -4.917623043060303 -4.988826751708984 -5.260121822357178 -6.579661846160889 -6.1651458740234375 -6.095952033996582 -5.91161584854126 -5.168438911437988 -7.066384792327881 -5.737646579742432 -7.23116397857666 -5.094335556030273 -5.365645408630371 -6.032981872558594 -6.095030307769775 -7.678269863128662 -8.746739387512207 -5.2720627784729 -5.265567302703857
eval_00708 26 -6.429566860198975 -6.921232223510742 -7.566952228546143 -5.763525009155273 -7.263945579528809 -5.638811111450195 -5.24250602722168 -5.4728522300720215 -6.167201995849609 -5.1482954025268555 -6.4043378829956055 -5.148073196411133 -5.9080424308776855 -7.156551361083984 -7.116339683532715 -5.511387348175049 -5.089020252227783 -4.810983180999756 -3.5507802963256836 -3.874444007873535 -4.832716941833496 -5.399488925933838 -3.7960832118988037 -4.094239711761475 -5.384580135345459 -0.27097412943840027 -4.9965691566467285 -3.2493505477905273 -5.0216851234436035 -3.925269842147827 -6.3300018310546875
eval_00099 21 -5.132381916046143 -5.547941207885742 -5.852904796600342 -5.53497838973999 -5.1686577796936035 -4.170820713043213 -5.575756549835205 -4.812870979309082 -6.464727878570557 -4.692017078399658 -4.762486457824707 -5.155133247375488 -5.134884357452393 -5.068886756896973 -5.816320896148682 -4.6927032470703125 -4.282992839813232 -4.797919273376465 -4.19669771194458 -5.647610187530518 -0.5700668096542358 -3.657228469848633 -3.0963706970214844 -2.9674911499023438 -4.435846328735352 -2.7503304481506348 -3.768826961517334 -3.511108875274658 -4.404355049133301 -4.562122344970703 -3.8600258827209473
eval_00109 21 -5.134210109710693 -5.148697853088379 -4.790092468261719 -4.869480133056641 -4.536066055297852 -4.005339622497559 -4.758018493652344 -4.001169204711914 -4.94456672668457 -4.9760847091674805 -4.323911666870117 -5.042757511138916 -5.038454055786133 -4.237889289855957 -4.639544486999512 -3.604485034942627 -3.764171838760376 -3.5219268798828125 -1.6358647346496582 -3.7271406650543213 -1.6320545673370361 -3.9704065322875977 -3.582125186920166 -3.5734002590179443 -3.6437313556671143 -2.450153112411499 -4.180008888244629 -2.899061918258667 -3.1395044326782227 -3.4919381141662598 -3.627196788787842
eval_00697 27 -5.58465051651001 -5.526821613311768 -7.606037616729736 -5.938186168670654 -8.466573715209961 -6.9535722732543945 -6.7567667961120605 -8.309335708618164 -7.096865653991699 -5.99465799331665 -6.730602264404297 -7.520156383514404 -7.318286895751953 -7.204355239868164 -6.751403331756592 -6.848950386047363 -3.3029215335845947 -5.16070032119751 -6.76615571975708 -5.910025119781494 -3.729414939880371 -6.33839225769043 -5.996617794036865 -6.213369846343994 -5.781114101409912 -6.246356010437012 -0.12197138369083405 -7.198833465576172 -6.192690849304199 -5.835034370422363 -5.2376837730407715
eval_00735 26 -6.350526809692383 -6.41225004196167 -6.1422119140625 -3.7023096084594727 -5.648230075836182 -4.218136787414551 -5.928810119628906 -5.697446823120117 -5.45820951461792 -5.8166961669921875 -4.778597354888916 -4.8247971534729 -4.107904434204102 -6.7388410568237305 -5.1928606033325195 -6.0105299949646 -5.230090618133545 -4.167280673980713 -1.198415756225586 -2.9835946559906006 -5.534040451049805 -6.383744239807129 -3.209273338317871 -4.562569618225098 -6.310187816619873 -0.8758707046508789 -4.603015899658203 -4.612430572509766 -4.715095520019531 -4.107634544372559 -5.822845458984375
